6703  3  0  0
   0    52.158176422119141  208.39161682128906  24.945995330810547
   1    52.358673095703125  208.29156494140625  26.10017204284668
   2    50.731327056884766  209.89707946777344  28.471996307373047
   3    57.308742523193359  189.94956970214844  -16.395696640014648
   4    55.659591674804688  193.38584899902344  -20.724617004394531
   5    57.779087066650391  195.56407165527344  -15.020824432373047
   6    14.649365425109863  226.22927856445312  57.814315795898438
   7    9.6243076324462891  226.64138793945312  58.912300109863281
   8    12.610988616943359  222.12196350097656  58.507278442382812
   9    15.370138168334961  172.26730346679688  -57.519687652587891
  10    15.177616119384766  174.8704833984375  -57.937191009521484
  11    19.423648834228516  172.76567077636719  -56.433723449707031
  12    56.732006072998047  190.3182373046875  -15.022273063659668
  13    58.162723541259766  191.31950378417969  -13.204680442810059
  14    -57.268829345703125  195.44561767578125  -15.909740447998047
  15    -57.322700500488281  189.87252807617188  -16.491010665893555
  16    -58.749488830566406  192.27239990234375  -10.985116958618164
  17    -34.687881469726562  176.46054077148438  -47.172111511230469
  18    -37.824466705322266  177.16415405273438  -46.185279846191406
  19    -33.095657348632812  175.66513061523438  -49.679203033447266
  20    -24.660257339477539  219.99476623535156  53.112388610839844
  21    -24.255144119262695  219.97627258300781  53.78436279296875
  22    -29.695707321166992  218.84977722167969  50.463809967041016
  23    34.315773010253906  217.59919738769531  47.464138031005859
  24    35.519618988037109  217.09819030761719  47.107215881347656
  25    31.675638198852539  218.353515625  50.019580841064453
  26    54.469448089599609  207.51252746582031  24.515138626098633
  27    54.410129547119141  206.38410949707031  21.57023811340332
  28    55.501564025878906  205.52334594726562  20.253582000732422
  29    13.935406684875488  172.8826904296875  -56.459762573242188
  30    18.220325469970703  172.96902465820312  -55.544357299804688
  31    56.023551940917969  188.08197021484375  -20.745994567871094
  32    33.342697143554688  179.47055053710938  -47.689125061035156
  33    33.457618713378906  176.07960510253906  -48.055885314941406
  34    34.790351867675781  177.16616821289062  -46.793647766113281
  35    37.800537109375  218.86752319335938  43.948089599609375
  36    36.094490051269531  217.33596801757812  45.537811279296875
  37    33.384014129638672  220.34867858886719  47.497283935546875
  38    -45.962871551513672  215.17005920410156  35.367424011230469
  39    -48.858718872070312  213.44046020507812  31.401679992675781
  40    -44.87335205078125  215.06057739257812  34.605155944824219
  41    57.920799255371094  197.80349731445312  -5.0148334503173828
  42    56.220279693603516  197.29086303710938  -5.9885282516479492
  43    56.081005096435547  196.25526428222656  -9.023137092590332
  44    36.976715087890625  181.37644958496094  -42.877727508544922
  45    37.876640319824219  181.409912109375  -41.533214569091797
  46    34.382595062255859  180.02252197265625  -44.717571258544922
  47    16.031585693359375  223.39874267578125  54.199172973632812
  48    20.280078887939453  223.01162719726562  53.051601409912109
  49    15.357503890991211  223.60699462890625  54.432838439941406
  50    44.224018096923828  184.6395263671875  -35.397312164306641
  51    44.6990966796875  184.65826416015625  -34.077175140380859
  52    41.370685577392578  182.79730224609375  -38.348857879638672
  53    46.520854949951172  185.97576904296875  -32.221073150634766
  54    47.538536071777344  209.78547668457031  29.842952728271484
  55    50.183475494384766  207.85165405273438  25.301139831542969
  56    49.197807312011719  212.00732421875  27.856391906738281
  57    10.922582626342773  220.69174194335938  55.178146362304688
  58    15.042346000671387  220.17828369140625  54.045230865478516
  59    46.910140991210938  209.67764282226562  29.891536712646484
  60    49.657157897949219  207.80390930175781  25.544485092163086
  61    -4.0090951919555664  195.7196044921875  -56.782234191894531
  62    -4.1842036247253418  190.51896667480469  -56.995155334472656
  63    -7.6298003196716309  193.68106079101562  -56.568599700927734
  64    -6.9630870819091797  197.9556884765625  -56.447494506835938
  65    -8.6521644592285156  202.15701293945312  -56.126087188720703
  66    -4.3781490325927734  200.97337341308594  -56.523574829101562
  67    -6.0010890960693359  185.79383850097656  -57.053138732910156
  68    -8.6000051498413086  181.6986083984375  -57.027439117431641
  69    -10.843853950500488  185.94329833984375  -56.426597595214844
  70    -3.7995121479034424  181.89485168457031  -57.412960052490234
  71    -8.2590351104736328  189.36959838867188  -56.727684020996094
  72    -12.176159858703613  191.66676330566406  -55.916927337646484
  73    -13.359436988830566  182.01708984375  -56.106369018554688
  74    -10.468344688415527  197.3065185546875  -56.019363403320312
  75    -13.474521636962891  201.79838562011719  -55.059730529785156
  76    -15.691195487976074  186.77874755859375  -55.313331604003906
  77    -17.861989974975586  192.60777282714844  -54.385280609130859
  78    -15.434460639953613  197.27424621582031  -54.833793640136719
  79    -18.267986297607422  202.44828796386719  -53.830730438232422
  80    -0.5555005669593811  203.55158996582031  -56.681983947753906
  81    -0.43518820405006409  198.11174011230469  -56.931682586669922
  82    1.3733277320861816  192.78318786621094  -57.135059356689453
  83    3.2975413799285889  189.36293029785156  -57.217124938964844
  84    -0.75575560331344604  186.46368408203125  -57.445835113525391
  85    30.888309478759766  176.90530395507812  -46.820716857910156
  86    33.632225036621094  177.86135864257812  -43.922225952148438
  87    29.038818359375  176.47586059570312  -47.136581420898438
  88    3.0510694980621338  200.48924255371094  -56.738117218017578
  89    4.4631862640380859  196.36602783203125  -56.821117401123047
  90    48.566303253173828  191.14108276367188  -30.98707389831543
  91    51.231254577636719  189.31759643554688  -30.251117706298828
  92    48.268257141113281  187.24403381347656  -34.974094390869141
  93    54.380939483642578  194.36698913574219  -20.480873107910156
  94    54.181873321533203  198.51144409179688  -19.376314163208008
  95    56.079933166503906  196.67086791992188  -15.158408164978027
  96    -1.8393229246139526  227.01823425292969  59.580677032470703
  97    -2.0597341060638428  228.13899230957031  58.081951141357422
  98    -5.6516952514648438  226.92196655273438  59.325325012207031
  99    -53.614780426025391  212.81394958496094  26.026994705200195
 100    -52.083656311035156  213.0513916015625  29.582386016845703
 101    -51.027965545654297  214.80047607421875  30.777643203735352
 102    -50.772789001464844  215.35916137695312  28.266807556152344
 103    -6.2039337158203125  222.56204223632812  59.531444549560547
 104    -54.715080261230469  210.6483154296875  24.369081497192383
 105    -53.783191680908203  208.21525573730469  26.138156890869141
 106    -52.711948394775391  212.58644104003906  28.864780426025391
 107    -56.002414703369141  205.98834228515625  20.953804016113281
 108    -56.718215942382812  208.71018981933594  19.873382568359375
 109    -57.992645263671875  207.26312255859375  15.706636428833008
 110    -57.586902618408203  203.6650390625  15.544628143310547
 111    50.053482055664062  183.25811767578125  -31.823518753051758
 112    -51.45928955078125  209.84033203125  26.306270599365234
 113    -50.116436004638672  205.48866271972656  28.982151031494141
 114    -49.233039855957031  211.72213745117188  30.661178588867188
 115    -34.867679595947266  108.33612823486328  46.243896484375
 116    -34.925388336181641  112.909912109375  46.305694580078125
 117    -38.377464294433594  110.57502746582031  43.286575317382812
 118    -47.13916015625  208.14190673828125  33.585811614990234
 119    -46.303241729736328  213.41714477539062  34.58380126953125
 120    -44.689971923828125  210.61466979980469  36.795234680175781
 121    -43.373443603515625  215.11215209960938  38.506420135498047
 122    -46.284999847412109  99.099998474121094  34.952808380126953
 123    -42.679672241210938  99.099998474121094  38.907661437988281
 124    -43.892505645751953  104.02475738525391  37.670219421386719
 125    -39.074348449707031  99.099998474121094  42.862518310546875
 126    -41.132675170898438  103.12712097167969  40.675563812255859
 127    -38.343917846679688  105.37826538085938  43.394874572753906
 128    -41.936653137207031  112.79593658447266  39.966049194335938
 129    -44.597877502441406  109.37892913818359  36.899856567382812
 130    -41.405582427978516  107.69232177734375  40.465541839599609
 131    -48.589729309082031  123.76167297363281  31.670804977416992
 132    -48.439132690429688  117.98724365234375  31.778608322143555
 133    -45.405540466308594  120.84195709228516  35.718544006347656
 134    -45.568168640136719  114.85888671875  35.605987548828125
 135    -47.55169677734375  110.32683563232422  33.106830596923828
 136    -46.814334869384766  105.40560913085938  34.185417175292969
 137    -42.221355438232422  117.9222412109375  39.766281127929688
 138    -38.573371887207031  115.41607666015625  43.035987854003906
 139    -54.573837280273438  193.20416259765625  19.639156341552734
 140    -52.406082153320312  196.59405517578125  24.851720809936523
 141    -54.582744598388672  197.36468505859375  19.392679214477539
 142    -49.125942230224609  106.61384582519531  30.487123489379883
 143    -48.478313446044922  102.66104125976562  31.473299026489258
 144    -50.655979156494141  114.90975952148438  27.949338912963867
 145    -48.519638061523438  113.83851623535156  31.6011962890625
 146    -50.574069976806641  102.93808746337891  28.093868255615234
 147    -51.553424835205078  107.07618713378906  26.333587646484375
 148    -50.792457580566406  120.231201171875  27.639713287353516
 149    -55.537712097167969  200.51551818847656  16.230672836303711
 150    -55.871589660644531  195.70697021484375  15.271605491638184
 151    -56.222549438476562  189.83973693847656  14.24869441986084
 152    -57.685386657714844  192.81596374511719  5.3714466094970703
 153    -57.329315185546875  190.09693908691406  8.4365787506103516
 154    -57.009059906005859  194.22447204589844  10.396809577941895
 155    -57.264827728271484  201.84988403320312  7.8146495819091797
 156    -56.783069610595703  199.04934692382812  11.630785942077637
 157    -56.606986999511719  203.93292236328125  12.635233879089355
 158    -55.552196502685547  127.10247802734375  16.187335968017578
 159    -54.648357391357422  123.46478271484375  18.946756362915039
 160    -53.569232940673828  127.01280975341797  21.830083847045898
 161    37.266403198242188  214.17816162109375  42.736007690429688
 162    37.274196624755859  216.96466064453125  42.79351806640625
 163    37.846286773681641  213.82579040527344  42.169536590576172
 164    41.874042510986328  213.10379028320312  37.512237548828125
 165    45.820594787597656  213.8382568359375  32.908077239990234
 166    42.460739135742188  215.528564453125  36.788650512695312
 167    44.27471923828125  211.74806213378906  34.450237274169922
 168    -32.649066925048828  177.41813659667969  -45.624874114990234
 169    -27.594188690185547  176.08203125  -48.050296783447266
 170    -32.28363037109375  177.44345092773438  -44.891803741455078
 171    -34.896320343017578  178.14289855957031  -43.935131072998047
 172    -36.88153076171875  178.89456176757812  -41.525218963623047
 173    -11.707706451416016  220.56658935546875  54.938461303710938
 174    -16.859519958496094  222.86582946777344  53.634246826171875
 175    -17.056484222412109  220.01724243164062  53.607467651367188
 176    56.356906890869141  198.08982849121094  5.7114930152893066
 177    54.987686157226562  199.58726501464844  9.4523334503173828
 178    55.654914855957031  200.18223571777344  10.559586524963379
 179    -54.058624267578125  202.79296875  16.63916015625
 180    -53.607234954833984  202.55183410644531  16.174922943115234
 181    -55.013439178466797  201.45912170410156  13.518013000488281
 182    22.03087043762207  173.60781860351562  -52.004596710205078
 183    27.013233184814453  174.15345764160156  -49.757915496826172
 184    22.546634674072266  176.06005859375  -51.868637084960938
 185    30.777427673339844  177.97018432617188  -47.448223114013672
 186    31.250436782836914  175.2510986328125  -47.213821411132812
 187    34.722469329833984  176.47291564941406  -44.831012725830078
 188    -55.171276092529297  190.21578979492188  -12.498222351074219
 189    -53.3756103515625  189.11831665039062  -14.880199432373047
 190    -54.019275665283203  188.282958984375  -17.012481689453125
 191    56.633884429931641  195.18096923828125  -1.0285145044326782
 192    55.348655700683594  197.33412170410156  4.2059149742126465
 193    56.629127502441406  196.19020080566406  1.3099836111068726
 194    55.709629058837891  195.08097839355469  -1.0405038595199585
 195    -57.779621124267578  118.62657928466797  4.8011512756347656
 196    -57.243453979492188  122.20514678955078  8.248173713684082
 197    -57.870201110839844  122.95639801025391  2.9323620796203613
 198    -57.988723754882812  167.80938720703125  5.4148502349853516
 199    -57.975238800048828  172.84121704101562  3.2285630702972412
 200    -57.946632385253906  168.33451843261719  0.39574366807937622
 201    -21.461645126342773  99.099998474121094  53.554996490478516
 202    -15.804744720458984  99.099998474121094  55.54791259765625
 203    -19.263282775878906  103.10261535644531  54.664627075195312
 204    -30.533065795898438  99.099998474121094  49.312595367431641
 205    -26.94017219543457  99.099998474121094  51.101642608642578
 206    -28.644388198852539  103.22756195068359  50.358623504638672
 207    -24.265680313110352  103.37736511230469  52.536811828613281
 208    -34.803707122802734  99.099998474121094  46.087554931640625
 209    -35.076580047607422  103.35432434082031  45.974544525146484
 210    -32.094318389892578  102.25171661376953  48.204341888427734
 211    27.250711441040039  228.087646484375  3.8918194770812988
 212    30.84351921081543  227.71400451660156  0.60500627756118774
 213    27.250652313232422  227.41409301757812  -1.2242579460144043
 214    -0.81404370069503784  224.3795166015625  -24.274129867553711
 215    -7.2526516914367676  224.33071899414062  -25.093645095825195
 216    -3.7663884162902832  223.94779968261719  -24.17149543762207
 217    8.0422134399414062  224.37982177734375  -24.271896362304688
 218    13.039710998535156  224.11601257324219  -26.712060928344727
 219    7.6855878829956055  224.001220703125  -27.596368789672852
 220    11.777746200561523  223.54731750488281  -31.043300628662109
 221    27.183866500854492  224.50680541992188  -19.925470352172852
 222    27.184648513793945  225.18034362792969  -14.809401512145996
 223    27.69776725769043  225.22593688964844  -18.293741226196289
 224    31.043643951416016  226.2479248046875  -10.53098201751709
 225    30.207386016845703  225.59526062011719  -15.488430976867676
 226    27.609535217285156  226.01922607421875  -12.268092155456543
 227    30.017789840698242  230.02082824707031  18.127029418945312
 228    25.113182067871094  229.35334777832031  16.887744903564453
 229    27.448705673217773  230.11024475097656  22.202136993408203
 230    27.250751495361328  228.53666687011719  7.3025379180908203
 231    31.357627868652344  228.92877197265625  9.8630561828613281
 232    31.086071014404297  228.34516906738281  5.3992705345153809
 233    28.561594009399414  229.40689086914062  13.463794708251953
 234    32.932186126708984  229.48855590820312  14.084306716918945
 235    34.585224151611328  227.30458068847656  -2.5048959255218506
 236    34.908405303955078  227.99296569824219  2.7239336967468262
 237    38.914424896240234  227.58804321289062  -0.35149624943733215
 238    38.596706390380859  226.83818054199219  -6.0325436592102051
 239    3.6140847206115723  224.37966918945312  -24.273012161254883
 240    9.518035888671875  223.9488525390625  -24.163505554199219
 241    41.253250122070312  226.20722961425781  -10.833917617797852
 242    36.325801849365234  226.17103576660156  -11.114899635314941
 243    30.572546005249023  227.03599548339844  -4.5450310707092285
 244    27.250591278076172  226.74055480957031  -6.3403353691101074
 245    27.186992645263672  227.20097351074219  0.53880596160888672
 246    27.186210632324219  226.52743530273438  -4.5772628784179688
 247    27.185428619384766  225.8538818359375  -9.6933326721191406
 248    -50.388957977294922  218.447998046875  -20.464260101318359
 249    -52.128589630126953  219.73143005371094  -14.903793334960938
 250    -48.108158111572266  222.097900390625  -17.949466705322266
 251    -53.026180267333984  216.15763854980469  -17.970693588256836
 252    -53.749935150146484  211.58184814453125  -18.917068481445312
 253    -54.895717620849609  214.4805908203125  -13.892782211303711
 254    -31.568838119506836  206.63838195800781  -46.844379425048828
 255    -28.520576477050781  209.17047119140625  -48.084487915039062
 256    -27.860031127929688  203.91470336914062  -49.516590118408203
 257    -16.845439910888672  222.06718444824219  -39.362453460693359
 258    -22.527294158935547  222.12725830078125  -37.490509033203125
 259    -18.844211578369141  223.14227294921875  -34.1197509765625
 260    -11.762718200683594  221.93049621582031  -40.070362091064453
 261    -13.812503814697266  223.00003051757812  -35.198654174804688
 262    -13.77252197265625  225.78936767578125  -13.565255165100098
 263    -13.701807022094727  224.77801513671875  -17.865438461303711
 264    -14.207228660583496  225.14822387695312  -18.884088516235352
 265    -8.5535898208618164  227.30781555175781  1.350305438041687
 266    -12.649147033691406  227.37571716308594  1.8559466600418091
 267    -9.4472808837890625  227.98953247070312  6.5273971557617188
 268    23.611272811889648  228.24017333984375  8.4322938919067383
 269    23.127141952514648  227.53343200683594  3.0640420913696289
 270    19.039878845214844  228.00102233886719  6.6157665252685547
 271    18.303459167480469  227.38800048828125  1.9593445062637329
 272    23.56382942199707  228.79826354980469  12.671483993530273
 273    19.794116973876953  228.50119018554688  10.414999961853027
 274    20.345706939697266  229.08412170410156  14.842765808105469
 275    27.188554763793945  228.54806518554688  10.770944595336914
 276    27.187772750854492  227.87451171875  5.6548748016357422
 277    24.214504241943359  226.90167236328125  -1.7345815896987915
 278    24.262693405151367  225.23353576660156  -14.405421257019043
 279    22.026399612426758  225.90176391601562  -9.3297033309936523
 280    20.660785675048828  226.94065856933594  -1.4385216236114502
 281    -13.626249313354492  223.99992370605469  -23.775608062744141
 282    -15.015230178833008  220.29415893554688  -43.976997375488281
 283    2.8758234977722168  223.94833374023438  -24.167501449584961
 284    -17.699079513549805  225.96870422363281  -12.534497261047363
 285    -13.771162986755371  226.41799926757812  -8.7903213500976562
 286    -16.546667098999023  225.41058349609375  -16.881618499755859
 287    -16.972738265991211  224.83807373046875  -21.239849090576172
 288    2.4532742500305176  223.93939208984375  -28.066082000732422
 289    6.2303462028503418  223.44486999511719  -31.815261840820312
 290    10.216933250427246  222.80278015136719  -36.393150329589844
 291    15.89076042175293  223.07351684570312  -34.495929718017578
 292    -28.099477767944336  193.67678833007812  -49.947376251220703
 293    -25.342390060424805  198.53981018066406  -51.014354705810547
 294    -23.265445709228516  193.09422302246094  -52.205600738525391
 295    -43.506057739257812  197.18051147460938  -37.44696044921875
 296    -40.227634429931641  195.74801635742188  -40.665187835693359
 297    -43.413192749023438  192.09866333007812  -37.899635314941406
 298    -40.286563873291016  190.76203918457031  -40.907405853271484
 299    -42.934268951416016  206.70387268066406  -37.425064086914062
 300    -45.31573486328125  204.11795043945312  -34.479312896728516
 301    -45.529819488525391  209.345703125  -33.585964202880859
 302    -43.246650695800781  201.80650329589844  -37.387958526611328
 303    -46.342697143554688  188.04139709472656  -35.056243896484375
 304    -46.195877075195312  193.64280700683594  -34.126827239990234
 305    -43.313041687011719  186.44000244140625  -38.736770629882812
 306    -46.430858612060547  199.35076904296875  -33.330966949462891
 307    -47.955787658691406  204.44261169433594  -30.890750885009766
 308    -49.603748321533203  200.15762329101562  -28.779434204101562
 309    -32.518177032470703  202.28648376464844  -46.5496826171875
 310    -33.676063537597656  197.88069152832031  -46.051788330078125
 311    -37.079715728759766  200.08039855957031  -43.368335723876953
 312    -33.762523651123047  182.7890625  -47.113357543945312
 313    -33.285285949707031  187.25019836425781  -46.876522064208984
 314    -29.535205841064453  184.9896240234375  -49.479373931884766
 315    -35.804523468017578  206.35696411132812  -43.848892211914062
 316    -39.748630523681641  203.95870971679688  -40.613594055175781
 317    -40.588237762451172  199.90899658203125  -40.069778442382812
 318    -40.339317321777344  186.5369873046875  -41.113407135009766
 319    -36.349254608154297  190.09750366210938  -44.457107543945312
 320    -38.113365173339844  184.2132568359375  -43.848522186279297
 321    -21.009136199951172  187.59756469726562  -53.450874328613281
 322    -26.275016784667969  188.46461486816406  -51.045337677001953
 323    -24.210393905639648  183.38252258300781  -52.213527679443359
 324    -29.905481338500977  198.59799194335938  -48.488513946533203
 325    -30.634315490722656  189.29985046386719  -48.53204345703125
 326    -32.469669342041016  193.69633483886719  -47.090137481689453
 327    -18.515525817871094  182.71185302734375  -54.618976593017578
 328    -20.557973861694336  197.99302673339844  -53.101131439208984
 329    -22.646373748779297  203.05314636230469  -51.943790435791016
 330    -56.394523620605469  205.29594421386719  -11.15667724609375
 331    -55.035045623779297  209.06875610351562  -15.160221099853516
 332    -55.019218444824219  203.57072448730469  -15.907968521118164
 333    -6.7885136604309082  222.07325744628906  -40.470058441162109
 334    -8.6480703353881836  222.896728515625  -35.712352752685547
 335    -3.558969259262085  218.18218994140625  -49.067680358886719
 336    -8.7516918182373047  217.96696472167969  -48.491130828857422
 337    -5.3268547058105469  220.59120178222656  -45.187770843505859
 338    -24.527820587158203  216.09072875976562  -46.164569854736328
 339    -20.029850006103516  214.04635620117188  -49.398841857910156
 340    -24.689332962036133  212.01773071289062  -49.048320770263672
 341    -53.581752777099609  201.74874877929688  -20.817081451416016
 342    -55.093177795410156  199.30039978027344  -16.397302627563477
 343    -56.433628082275391  201.03765869140625  -11.833271980285645
 344    -57.118991851806641  202.52175903320312  -7.1304936408996582
 345    -53.564037322998047  206.56240844726562  -20.197551727294922
 346    -51.549972534179688  209.72810363769531  -23.949640274047852
 347    -53.572166442871094  197.72608947753906  -20.940801620483398
 348    -51.623783111572266  198.30714416503906  -24.990798950195312
 349    -56.129833221435547  209.85551452636719  -10.478041648864746
 350    -53.789386749267578  108.02196502685547  21.185756683349609
 351    -54.772293090820312  103.57216644287109  18.573963165283203
 352    -52.787204742431641  103.22669982910156  23.692173004150391
 353    -48.952045440673828  209.39212036132812  -28.848678588867188
 354    -49.184745788574219  195.28135681152344  -29.997781753540039
 355    -51.009853363037109  204.63467407226562  -25.552984237670898
 356    -51.926605224609375  191.93876647949219  -26.082502365112305
 357    -49.04302978515625  189.73202514648438  -31.166131973266602
 358    3.1746256351470947  221.17926025390625  -43.485576629638672
 359    4.6171150207519531  218.94160461425781  -48.074085235595703
 360    -0.27778244018554688  220.14447021484375  -46.179435729980469
 361    57.048419952392578  125.15545654296875  -9.3927745819091797
 362    57.376682281494141  120.61126708984375  -7.1732549667358398
 363    56.421710968017578  122.18276214599609  -12.697836875915527
 364    57.881477355957031  168.39056396484375  -2.4076652526855469
 365    57.98663330078125  164.7664794921875  1.1693950891494751
 366    57.879150390625  162.34809875488281  -3.1213431358337402
 367    57.191841125488281  126.80423736572266  9.053619384765625
 368    56.690349578857422  131.28704833984375  11.751187324523926
 369    56.266849517822266  125.90216064453125  13.763805389404297
 370    53.251209259033203  108.68842315673828  22.591547012329102
 371    54.863914489746094  109.31114196777344  18.448236465454102
 372    53.717941284179688  114.19599151611328  21.497810363769531
 373    56.161754608154297  109.44046783447266  14.106935501098633
 374    55.283557891845703  114.82649993896484  17.414745330810547
 375    54.206844329833984  119.86478424072266  20.260814666748047
 376    51.386936187744141  108.18006896972656  26.706329345703125
 377    52.705081939697266  103.67107391357422  23.890800476074219
 378    52.385044097900391  118.55509948730469  24.738113403320312
 379    50.616237640380859  121.72283935546875  27.956808090209961
 380    50.125038146972656  117.30160522460938  28.83343505859375
 381    -0.71157318353652954  224.39906311035156  56.512752532958984
 382    4.5656604766845703  224.25244140625  56.307266235351562
 383    -0.36410936713218689  224.61846923828125  56.779472351074219
 384    39.839439392089844  183.34893798828125  -44.247852325439453
 385    41.145877838134766  185.43830871582031  -41.037338256835938
 386    42.298717498779297  184.28729248046875  -41.997970581054688
 387    34.066463470458984  175.95359802246094  -48.93682861328125
 388    29.738027572631836  180.23887634277344  -51.544319152832031
 389    33.405082702636719  181.11875915527344  -49.412788391113281
 390    31.631031036376953  220.95256042480469  -35.362667083740234
 391    33.380062103271484  218.86761474609375  -33.35223388671875
 392    32.419990539550781  218.00453186035156  -39.098896026611328
 393    55.422206878662109  118.98241424560547  -16.864749908447266
 394    55.648178100585938  113.50406646728516  -16.082763671875
 395    54.151451110839844  115.33307647705078  -20.209272384643555
 396    20.749725341796875  208.74299621582031  -51.850719451904297
 397    24.583044052124023  206.93295288085938  -50.775840759277344
 398    21.310585021972656  203.51585388183594  -52.632656097412109
 399    25.062839508056641  202.50407409667969  -51.0755615234375
 400    47.201435089111328  223.42500305175781  -15.91121768951416
 401    49.454254150390625  220.248046875  -19.5396728515625
 402    44.994758605957031  222.64311218261719  -20.948833465576172
 403    56.264842987060547  220.20199584960938  5.2822413444519043
 404    57.255901336669922  215.67976379394531  0.64896392822265625
 405    55.376110076904297  221.25949096679688  -0.16973647475242615
 406    56.187755584716797  218.34245300292969  -3.0665462017059326
 407    50.478748321533203  227.09837341308594  6.9127583503723145
 408    48.837017059326172  227.14787292480469  2.3881926536560059
 409    45.137416839599609  228.41342163085938  6.2432417869567871
 410    -13.671653747558594  229.634765625  15.701986312866211
 411    -16.607732772827148  229.11399841308594  11.59090518951416
 412    -16.213491439819336  229.90644836425781  17.286178588867188
 413    40.432296752929688  231.21852111816406  32.531978607177734
 414    38.814067840576172  231.2603759765625  27.783744812011719
 415    35.679416656494141  231.16229248046875  31.706291198730469
 416    -9.677119255065918  234.2210693359375  51.436264038085938
 417    -7.2121953964233398  233.85354614257812  47.23956298828125
 418    -12.536198616027832  233.92555236816406  47.786998748779297
 419    42.367931365966797  227.25068664550781  -2.8140132427215576
 420    -25.222171783447266  230.92819213867188  28.849758148193359
 421    -23.019710540771484  231.03497314453125  29.660892486572266
 422    -21.512016296386719  230.64021301269531  26.66236686706543
 423    -18.665309906005859  231.15383911132812  29.718259811401367
 424    -45.567863464355469  126.77265930175781  44.919136047363281
 425    -48.833457946777344  131.41737365722656  45.793281555175781
 426    -47.896690368652344  129.633544921875  41.003963470458984
 427    -37.708251953125  206.23031616210938  74.400001525878906
 428    -41.781398773193359  202.71810913085938  74.400001525878906
 429    -38.512531280517578  200.87809753417969  74.400001525878906
 430    -10.158281326293945  122.97051239013672  74.400001525878906
 431    -4.6800775527954102  121.96846771240234  74.400001525878906
 432    -5.9728059768676758  126.96815490722656  74.400001525878906
 433    -6.9640579223632812  145.45271301269531  74.400001525878906
 434    -12.988911628723145  144.09022521972656  74.400001525878906
 435    -9.7274961471557617  140.3841552734375  74.400001525878906
 436    3.2838912010192871  149.22024536132812  74.400001525878906
 437    -0.58227479457855225  152.20820617675781  74.400001525878906
 438    -1.8680378198623657  146.84765625  74.400001525878906
 439    14.449634552001953  123.98387908935547  74.400001525878906
 440    18.998298645019531  121.670166015625  74.400001525878906
 441    18.716873168945312  126.53608703613281  74.400001525878906
 442    19.900272369384766  116.3135986328125  74.400001525878906
 443    23.593667984008789  119.98778533935547  74.400001525878906
 444    2.9623000621795654  196.26083374023438  74.400001525878906
 445    1.4694318771362305  202.08616638183594  74.400001525878906
 446    -1.1974166631698608  196.92848205566406  74.400001525878906
 447    48.069942474365234  194.49479675292969  74.400001525878906
 448    45.645137786865234  197.69062805175781  74.400001525878906
 449    45.776054382324219  191.78727722167969  74.400001525878906
 450    12.036239624023438  177.52836608886719  74.400001525878906
 451    16.12809944152832  176.03460693359375  74.400001525878906
 452    14.130688667297363  180.97431945800781  74.400001525878906
 453    6.0786046981811523  182.46522521972656  74.400001525878906
 454    9.0254631042480469  179.83155822753906  74.400001525878906
 455    11.542853355407715  184.11219787597656  74.400001525878906
 456    -22.921398162841797  215.732177734375  72.918174743652344
 457    -22.435214996337891  215.72967529296875  72.816291809082031
 458    -27.24675178527832  213.70170593261719  72.816291809082031
 459    -57.807289123535156  158.00982666015625  60.913192749023438
 460    -57.603843688964844  157.72296142578125  60.983707427978516
 461    -58  162.5  60.983707427978516
 462    -3.7542672157287598  230.82891845703125  24.508029937744141
 463    -2.3860049247741699  230.77095031738281  24.031816482543945
 464    -2.9080429077148438  230.64891052246094  22.904439926147461
 465    -57.327217102050781  154.38151550292969  31.553388595581055
 466    -56.605823516845703  149.87950134277344  30.964227676391602
 467    -56.926185607910156  151.70362854003906  36.056102752685547
 468    37.691612243652344  115.07724761962891  43.9500732421875
 469    40.241897583007812  119.92628479003906  44.714920043945312
 470    36.827106475830078  117.93314361572266  49.029426574707031
 471    56.221187591552734  149.28147888183594  44.604743957519531
 472    56.198017120361328  148.87881469726562  50.013011932373047
 473    55.213180541992188  144.92008972167969  46.100837707519531
 474    45.368572235107422  126.20240783691406  41.099224090576172
 475    46.816326141357422  128.50164794921875  45.512477874755859
 476    43.403606414794922  124.45371246337891  45.852394104003906
 477    -57.543239593505859  176.12001037597656  11.357854843139648
 478    -57.331962585449219  174.897705078125  15.571911811828613
 479    -56.903301239013672  179.18980407714844  15.477363586425781
 480    -57.751255035400391  171.34912109375  13.408597946166992
 481    -56.814601898193359  174.01512145996094  28.322784423828125
 482    -57.395366668701172  170.12387084960938  31.087297439575195
 483    -56.580772399902344  175.19422912597656  33.582042694091797
 484    -57.654537200927734  168.027099609375  26.91514778137207
 485    -57.089595794677734  172.93147277832031  23.278526306152344
 486    -55.8109130859375  182.00886535644531  20.899927139282227
 487    -55.060878753662109  181.67288208007812  27.073232650756836
 488    -54.35662841796875  186.08280944824219  24.543434143066406
 489    -47.279876708984375  196.84233093261719  38.631381988525391
 490    -49.002647399902344  193.43661499023438  41.336196899414062
 491    -46.126052856445312  197.57284545898438  43.826030731201172
 492    11.263908386230469  112.642578125  -56.716152191162109
 493    11.060233116149902  108.33123016357422  -56.860713958740234
 494    6.7359209060668945  111.48617553710938  -57.353626251220703
 495    18.925235748291016  113.36750793457031  -54.673839569091797
 496    16.063526153564453  108.72586059570312  -55.492870330810547
 497    15.036236763000488  114.13630676269531  -55.793319702148438
 498    57.3927001953125  169.966796875  45.98162841796875
 499    57.662265777587891  166.39546203613281  49.828556060791016
 500    57.788360595703125  165.17561340332031  44.300315856933594
 501    -6.7132577896118164  99.099998474121094  22.973360061645508
 502    -11.615251541137695  99.099998474121094  21.926006317138672
 503    -7.8123540878295898  99.099998474121094  17.454370498657227
 504    -5.8985037803649902  99.099998474121094  -51.941074371337891
 505    -5.3287358283996582  99.099998474121094  -57.506217956542969
 506    -0.65030211210250854  99.099998474121094  -54.556392669677734
 507    30.299777984619141  99.099998474121094  32.419567108154297
 508    30.531620025634766  99.099998474121094  38.155361175537109
 509    26.498291015625  99.099998474121094  34.577102661132812
 510    0.64725798368453979  99.099998474121094  -12.939526557922363
 511    1.149857759475708  99.099998474121094  -18.22810173034668
 512    5.8345494270324707  99.099998474121094  -16.099706649780273
 513    39.205551147460938  99.099998474121094  -37.319927215576172
 514    34.798561096191406  99.099998474121094  -35.987796783447266
 515    35.089824676513672  99.099998474121094  -40.669033050537109
 516    47.931224822998047  99.099998474121094  -25.696493148803711
 517    44.385860443115234  99.099998474121094  -22.876106262207031
 518    44.723625183105469  99.099998474121094  -29.150360107421875
 519    40.005107879638672  204.66444396972656  46.752887725830078
 520    41.512920379638672  204.8455810546875  42.123592376708984
 521    38.084526062011719  209.628662109375  43.551017761230469
 522    49.568958282470703  192.341552734375  44.816532135009766
 523    50.191730499267578  191.01290893554688  39.838138580322266
 524    47.121433258056641  196.20404052734375  41.341869354248047
 525    57.722640991210938  172.29013061523438  12.551270484924316
 526    57.810085296630859  168.58879089355469  14.683018684387207
 527    57.921894073486328  168.61038208007812  9.3153285980224609
 528    51.591800689697266  188.59983825683594  48.486476898193359
 529    52.115226745605469  187.63162231445312  43.218814849853516
 530    57.961872100830078  165.40220642089844  11.57942008972168
 531    56.575771331787109  174.03736877441406  43.01031494140625
 532    57.405136108398438  169.18379211425781  41.423351287841797
 533    56.952220916748047  173.03472900390625  56.274272918701172
 534    57.682361602783203  168.56266784667969  60.200000762939453
 535    57.429214477539062  169.07196044921875  54.498523712158203
 536    -10.548243522644043  99.099998474121094  27.520553588867188
 537    47.122108459472656  195.98187255859375  46.422348022460938
 538    57.385200500488281  181.61492919921875  9.736546516418457
 539    57.734867095947266  184.53874206542969  5.5394101142883301
 540    57.362033843994141  186.40841674804688  8.5792722702026367
 541    55.891017913818359  177.56637573242188  35.448818206787109
 542    54.521427154541016  182.0205078125  37.145004272460938
 543    55.66522216796875  178.426025390625  40.240211486816406
 544    54.085262298583984  183.00428771972656  41.874496459960938
 545    52.700420379638672  186.37852478027344  38.611392974853516
 546    -57.292015075683594  170.33238220214844  68.577705383300781
 547    -57.663192749023438  166.22607421875  69.119667053222656
 548    -57.529937744140625  167.70025634765625  72.816291809082031
 549    -55.111507415771484  179.92805480957031  68.709831237792969
 550    -56.484664916992188  174.96002197265625  68.524887084960938
 551    -55.664932250976562  177.93215942382812  72.816291809082031
 552    -51.051128387451172  189.61468505859375  68.776016235351562
 553    -53.335941314697266  184.87202453613281  68.737533569335938
 554    -51.995384216308594  187.66378784179688  72.816291809082031
 555    -45.35931396484375  198.33262634277344  68.777091979980469
 556    -48.444072723388672  194.099365234375  68.748062133789062
 557    -46.640251159667969  196.57966613769531  72.816291809082031
 558    -38.198925018310547  205.88529968261719  68.77978515625
 559    -41.992588043212891  202.27413940429688  68.748641967773438
 560    -39.77313232421875  204.3907470703125  72.816291809082031
 561    -28.565896987915039  212.8388671875  64.869102478027344
 562    -29.870134353637695  211.98591613769531  68.794029235839844
 563    -25.619937896728516  214.34614562988281  68.735237121582031
 564    -57.771583557128906  104.08779144287109  -2.690488338470459
 565    -57.802497863769531  109.08547210693359  -0.85180330276489258
 566    -57.550712585449219  108.63214111328125  -6.1729373931884766
 567    15.199612617492676  230.21841430664062  20.07661247253418
 568    15.779582977294922  229.66195678710938  15.652701377868652
 569    11.36563777923584  229.40391540527344  16.342409133911133
 570    -13.709495544433594  228.4739990234375  10.208344459533691
 571    -46.575523376464844  214.53410339355469  -30.323524475097656
 572    -49.737445831298828  212.91464233398438  -26.565437316894531
 573    -54.457794189453125  211.30467224121094  25.400762557983398
 574    -54.3529052734375  212.18402099609375  20.230010986328125
 575    10.581649780273438  227.72789001464844  57.122116088867188
 576    10.387600898742676  229.81663513183594  56.347423553466797
 577    4.989656925201416  228.06204223632812  57.902324676513672
 578    -28.287736892700195  225.00434875488281  50.763999938964844
 579    -24.732799530029297  225.77015686035156  52.537059783935547
 580    -24.2593994140625  227.89936828613281  51.864391326904297
 581    -25.272064208984375  224.60598754882812  54.080833435058594
 582    4.2586350440979004  226.89335632324219  59.557525634765625
 583    -0.15693317353725433  222.92219543457031  59.944625854492188
 584    56.217750549316406  206.13298034667969  14.338906288146973
 585    57.329692840576172  203.91270446777344  9.1667728424072266
 586    56.909378051757812  202.60870361328125  11.749588012695312
 587    35.122550964355469  178.22975158691406  -43.732654571533203
 588    37.695209503173828  179.28855895996094  -40.61114501953125
 589    -57.809169769287109  110.31643676757812  3.5170245170593262
 590    -57.758480072021484  104.93387603759766  2.9318857192993164
 591    -57.389305114746094  108.98323059082031  7.4760231971740723
 592    -57.787174224853516  112.54518890380859  -3.8841865062713623
 593    49.381149291992188  192.8406982421875  60.881820678710938
 594    48.374855041503906  194.13694763183594  60.983707427978516
 595    50.998481750488281  190.12525939941406  60.983707427978516
 596    -56.461944580078125  125.87720489501953  -12.486440658569336
 597    -56.329177856445312  121.29037475585938  -13.182942390441895
 598    -57.143882751464844  121.09940338134766  -8.8118915557861328
 599    -53.453197479248047  116.85485076904297  -21.979053497314453
 600    -53.380695343017578  110.3680419921875  -22.129421234130859
 601    -54.769832611083984  114.74277496337891  -18.575433731079102
 602    -48.7200927734375  149.89826965332031  -31.154827117919922
 603    -48.683151245117188  155.4381103515625  -31.202577590942383
 604    -46.602096557617188  152.05195617675781  -34.250583648681641
 605    -46.220619201660156  157.61018371582031  -34.854358673095703
 606    -40.929771423339844  112.95943450927734  -40.862133026123047
 607    -43.810516357421875  111.96990203857422  -37.699470520019531
 608    -43.648216247558594  116.99913024902344  -37.888046264648438
 609    -43.770362854003906  154.56526184082031  -37.834606170654297
 610    -43.138694763183594  159.86593627929688  -38.499172210693359
 611    -43.882518768310547  167.73269653320312  -37.664379119873047
 612    -46.366710662841797  171.04116821289062  -34.620651245117188
 613    -43.180625915527344  173.04237365722656  -38.423984527587891
 614    -22.002540588378906  164.79635620117188  -53.541114807128906
 615    -18.766481399536133  161.05769348144531  -54.722984313964844
 616    -21.738056182861328  159.01679992675781  -53.701457977294922
 617    -16.067914962768555  151.70576477050781  -55.517257690429688
 618    -20.796806335449219  153.82728576660156  -54.116054534912109
 619    -17.351528167724609  156.77195739746094  -55.130878448486328
 620    -0.91020125150680542  123.615478515625  -57.948932647705078
 621    2.8965423107147217  120.35751342773438  -57.746372222900391
 622    -1.7380830049514771  118.30324554443359  -57.879833221435547
 623    -47.069446563720703  99.099998474121094  9.5658359527587891
 624    -52.3385009765625  99.099998474121094  7.8478884696960449
 625    -48.640056610107422  99.099998474121094  4.7672038078308105
 626    -34.328472137451172  99.099998474121094  15.440493583679199
 627    -31.387971878051758  99.099998474121094  19.836774826049805
 628    -37.313213348388672  99.099998474121094  20.846080780029297
 629    -7.3555445671081543  148.03485107421875  -57.456325531005859
 630    -2.8529789447784424  145.55572509765625  -57.859996795654297
 631    -7.433197021484375  143.35877990722656  -57.453685760498047
 632    -52.065101623535156  143.85728454589844  -25.202116012573242
 633    -51.675327301025391  137.80093383789062  -26.091226577758789
 634    -53.191352844238281  140.74246215820312  -22.731098175048828
 635    -50.898136138916016  170.76097106933594  -27.674964904785156
 636    -52.721328735351562  172.97535705566406  -23.672460556030273
 637    -50.710918426513672  176.02931213378906  -28.022710800170898
 638    -54.453212738037109  140.61962890625  -19.446557998657227
 639    -53.790386199951172  146.09812927246094  -21.260087966918945
 640    -54.422817230224609  155.39065551757812  -19.574369430541992
 641    -55.448963165283203  159.52471923828125  -16.532646179199219
 642    -53.82989501953125  159.33039855957031  -21.146396636962891
 643    -48.852348327636719  169.42961120605469  -30.911382675170898
 644    -50.436851501464844  164.93925476074219  -28.457704544067383
 645    -48.763160705566406  145.35165405273438  -31.104803085327148
 646    -46.811565399169922  146.86772155761719  -34.019496917724609
 647    -41.688610076904297  136.9713134765625  -40.040870666503906
 648    -41.801322937011719  131.62332153320312  -39.944198608398438
 649    -43.855579376220703  135.20492553710938  -37.697788238525391
 650    -25.742542266845703  99.099998474121094  -51.697990417480469
 651    -28.608730316162109  104.23598480224609  -50.268505096435547
 652    -23.452997207641602  104.17035675048828  -52.841129302978516
 653    -23.606525421142578  125.77675628662109  -52.779689788818359
 654    -27.307226181030273  126.87132263183594  -50.944290161132812
 655    -24.32099723815918  130.18861389160156  -52.423202514648438
 656    -14.905442237854004  160.19853210449219  -55.860256195068359
 657    -17.140941619873047  164.7437744140625  -55.201271057128906
 658    -15.56871223449707  134.55223083496094  -55.656978607177734
 659    -20.215898513793945  133.83567810058594  -54.297626495361328
 660    -16.596935272216797  138.25422668457031  -55.355487823486328
 661    -13.614374160766602  117.62745666503906  -56.175106048583984
 662    -11.010004997253418  113.39442443847656  -56.858314514160156
 663    -15.574111938476562  113.93419647216797  -55.630851745605469
 664    -10.782873153686523  145.90611267089844  -56.962188720703125
 665    -56.769233703613281  99.099998474121094  -10.612009048461914
 666    -57.330745697021484  103.48236846923828  -7.0538020133972168
 667    -56.350124359130859  103.67852783203125  -12.896036148071289
 668    -30.66657829284668  110.74441528320312  48.972557067871094
 669    -31.314178466796875  106.20059967041016  48.665775299072266
 670    -44.310646057128906  205.13751220703125  37.071449279785156
 671    -42.070423126220703  211.39529418945312  39.882003784179688
 672    -51.295669555664062  99.099998474121094  12.758450508117676
 673    -56.769233703613281  99.099998474121094  10.612009048461914
 674    -41.888359069824219  99.099998474121094  10.742484092712402
 675    -45.768806457519531  99.099998474121094  15.295199394226074
 676    -53.883186340332031  99.099998474121094  3.2091248035430908
 677    -57.752582550048828  99.099998474121094  5.351564884185791
 678    -55.785888671875  99.099998474121094  15.872453689575195
 679    -50.668067932128906  99.099998474121094  17.996238708496094
 680    -53.852680206298828  99.099998474121094  20.862640380859375
 681    -57.752582550048828  99.099998474121094  0
 682    17.091562271118164  99.099998474121094  55.181781768798828
 683    11.255515098571777  99.099998474121094  56.586688995361328
 684    15.865237236022949  99.099998474121094  52.521862030029297
 685    15.06412410736084  99.099998474121094  48.358116149902344
 686    20.080461502075195  99.099998474121094  49.768360137939453
 687    -56.803199768066406  126.24379730224609  11.010147094726562
 688    -56.202419281005859  121.65827178955078  14.173373222351074
 689    -52.937088012695312  122.44293975830078  23.34674072265625
 690    -54.612037658691406  119.00586700439453  19.050901412963867
 691    -52.826328277587891  116.62617492675781  23.802513122558594
 692    -57.92266845703125  199.76686096191406  2.994065523147583
 693    -57.431961059570312  197.3372802734375  6.933197021484375
 694    -57.924690246582031  195.86614990234375  2.6671972274780273
 695    -57.881023406982422  187.62187194824219  3.5260069370269775
 696    -57.950893402099609  177.0400390625  2.4161107540130615
 697    -57.864040374755859  173.22982788085938  -1.3217877149581909
 698    -56.930011749267578  117.537353515625  10.173768997192383
 699    -57.153598785400391  133.65019226074219  8.7291774749755859
 700    -57.188205718994141  129.60151672363281  8.5579404830932617
 701    -56.503383636474609  130.80937194824219  12.752309799194336
 702    -57.792625427246094  136.01332092285156  4.5241422653198242
 703    -57.776142120361328  131.06005859375  4.8536043167114258
 704    -57.89141845703125  127.60951995849609  1.318239688873291
 705    -57.586296081542969  126.49642181396484  6.0982179641723633
 706    -56.238121032714844  103.71863555908203  13.436376571655273
 707    -46.284999847412109  99.099998474121094  -34.952808380126953
 708    -43.581005096435547  99.099998474121094  -37.918949127197266
 709    -41.387126922607422  99.099998474121094  -32.907470703125
 710    -57.701080322265625  169.08448791503906  -4.1096844673156738
 711    -57.791755676269531  164.27609252929688  -2.5430798530578613
 712    -57.846275329589844  192.19635009765625  0.25885698199272156
 713    -57.701583862304688  197.446533203125  -2.3757061958312988
 714    -57.652931213378906  192.31460571289062  -4.3436670303344727
 715    -57.731826782226562  187.40768432617188  -2.921994686126709
 716    -57.291061401367188  185.14036560058594  -8.016972541809082
 717    -57.593013763427734  182.11665344238281  -5.3604779243469238
 718    -57.894950866699219  182.53031921386719  0.8013114333152771
 719    -57.746677398681641  177.92979431152344  -3.2568380832672119
 720    -57.848495483398438  119.74211883544922  0.011250631883740425
 721    -57.810031890869141  123.66252899169922  -3.0933191776275635
 722    -57.920963287353516  132.90200805664062  0.5041847825050354
 723    -57.788154602050781  129.61213684082031  -3.6806876659393311
 724    -57.673553466796875  159.63533020019531  -5.0041713714599609
 725    -57.872501373291016  156.1734619140625  -1.2776896953582764
 726    -57.905059814453125  160.60113525390625  -0.64032697677612305
 727    -57.290454864501953  177.89372253417969  -8.3876380920410156
 728    -57.564693450927734  173.86566162109375  -5.8083329200744629
 729    -55.055130004882812  150.67474365234375  -18.020408630371094
 730    -55.619384765625  145.38232421875  -16.199216842651367
 731    -56.065704345703125  150.16741943359375  -14.243716239929199
 732    -55.747673034667969  172.41744995117188  -15.442120552062988
 733    -54.409072875976562  169.81387329101562  -19.740909576416016
 734    -55.465351104736328  167.82424926757812  -16.469959259033203
 735    38.280887603759766  99.099998474121094  -32.573696136474609
 736    4.5694394111633301  99.099998474121094  31.304988861083984
 737    6.9219174385070801  99.099998474121094  36.177299499511719
 738    1.5479600429534912  99.099998474121094  35.802345275878906
 739    -5.876676082611084  99.099998474121094  -29.880849838256836
 740    -6.7636537551879883  99.099998474121094  -24.259614944458008
 741    -10.395901679992676  99.099998474121094  -28.57258415222168
 742    -17.15855598449707  99.099998474121094  -50.294868469238281
 743    -14.914910316467285  99.099998474121094  -46.582443237304688
 744    -19.156244277954102  99.099998474121094  -45.510837554931641
 745    36.301105499267578  99.099998474121094  5.5889568328857422
 746    40.112655639648438  99.099998474121094  8.4612569808959961
 747    35.43524169921875  99.099998474121094  11.621976852416992
 748    39.463424682617188  99.099998474121094  30.004009246826172
 749    41.129280090332031  99.099998474121094  34.425704956054688
 750    35.783355712890625  99.099998474121094  34.788101196289062
 751    3.2150404453277588  99.099998474121094  -32.595104217529297
 752    0.85364001989364624  99.099998474121094  -27.972846984863281
 753    -1.4804280996322632  99.099998474121094  -31.376012802124023
 754    52.181766510009766  99.099998474121094  -24.495229721069336
 755    49.454391479492188  99.099998474121094  -29.834068298339844
 756    53.852680206298828  99.099998474121094  -20.862640380859375
 757    48.880390167236328  99.099998474121094  -21.223836898803711
 758    52.049579620361328  99.099998474121094  -11.455945014953613
 759    55.785888671875  99.099998474121094  -15.872453689575195
 760    56.769233703613281  99.099998474121094  -10.612009048461914
 761    57.752582550048828  99.099998474121094  -5.351564884185791
 762    53.089492797851562  99.099998474121094  -6.4390139579772949
 763    -2.4446372985839844  99.099998474121094  38.448982238769531
 764    0.71810215711593628  99.099998474121094  41.329391479492188
 765    45.903720855712891  99.099998474121094  3.026989221572876
 766    50.908287048339844  99.099998474121094  2.5614500045776367
 767    48.535953521728516  99.099998474121094  7.4497079849243164
 768    53.463741302490234  99.099998474121094  6.6722517013549805
 769    52.394451141357422  99.099998474121094  11.460740089416504
 770    48.175125122070312  99.099998474121094  13.09111213684082
 771    51.536537170410156  99.099998474121094  16.568691253662109
 772    47.620983123779297  99.099998474121094  18.452600479125977
 773    40.007011413574219  99.099998474121094  -20.223325729370117
 774    44.284835815429688  99.099998474121094  -17.107526779174805
 775    38.118049621582031  99.099998474121094  -15.979178428649902
 776    50.374691009521484  99.099998474121094  -16.475683212280273
 777    48.719558715820312  99.099998474121094  -7.0296850204467773
 778    27.485916137695312  213.30570983886719  60
 779    24.949222564697266  214.80584716796875  56.721485137939453
 780    22.895364761352539  215.78919982910156  60
 781    36.147758483886719  207.55630493164062  60
 782    38.809635162353516  205.60246276855469  60.200000762939453
 783    39.814533233642578  204.39936828613281  56.861522674560547
 784    54.583011627197266  185.80087280273438  23.753520965576172
 785    53.964282989501953  190.66067504882812  22.653491973876953
 786    52.772563934326172  190.40667724609375  26.866151809692383
 787    48.874755859375  193.2906494140625  50.768840789794922
 788    53.805042266845703  185.32386779785156  29.034465789794922
 789    57.807289123535156  166.99017333984375  60.913192749023438
 790    57.603843688964844  167.27703857421875  60.983707427978516
 791    58  162.5  60.983707427978516
 792    -19.921970367431641  99.099998474121094  31.502302169799805
 793    -23.61424446105957  99.099998474121094  26.974390029907227
 794    -18.350481033325195  99.099998474121094  27.342073440551758
 795    -45.832542419433594  99.099998474121094  -19.322580337524414
 796    -41.086929321289062  99.099998474121094  -18.495378494262695
 797    -45.343429565429688  99.099998474121094  -13.988871574401855
 798    -49.10223388671875  99.099998474121094  -30.402816772460938
 799    -44.561798095703125  99.099998474121094  -28.898809432983398
 800    -47.169097900390625  99.099998474121094  -24.304563522338867
 801    -39.719657897949219  99.099998474121094  15.538530349731445
 802    -37.291866302490234  99.099998474121094  11.87431526184082
 803    -42.351455688476562  99.099998474121094  19.584300994873047
 804    -54.335983276367188  99.099998474121094  -19.615093231201172
 805    -51.29852294921875  99.099998474121094  -12.53890323638916
 806    -55.785888671875  99.099998474121094  -15.872453689575195
 807    -44.310012817382812  99.099998474121094  -4.7897067070007324
 808    -45.350791931152344  99.099998474121094  0.61208432912826538
 809    -49.332633972167969  99.099998474121094  -3.5703098773956299
 810    -29.33714485168457  99.099998474121094  33.482593536376953
 811    -30.032115936279297  99.099998474121094  38.663387298583984
 812    -33.794239044189453  99.099998474121094  35.301704406738281
 813    -34.059612274169922  99.099998474121094  -34.736644744873047
 814    -34.928699493408203  99.099998474121094  -40.231758117675781
 815    -30.934518814086914  99.099998474121094  -37.694347381591797
 816    -39.358684539794922  99.099998474121094  -42.185707092285156
 817    -38.445957183837891  99.099998474121094  -36.881374359130859
 818    -19.261392593383789  99.099998474121094  50.467769622802734
 819    -14.484518051147461  99.099998474121094  51.759006500244141
 820    -41.136287689208984  99.099998474121094  29.637901306152344
 821    -40.571613311767578  99.099998474121094  34.332019805908203
 822    -44.213352203369141  99.099998474121094  32.711112976074219
 823    -42.420185089111328  99.099998474121094  -9.5483150482177734
 824    -47.711734771728516  99.099998474121094  -8.6556806564331055
 825    -4.5261898040771484  227.60174560546875  3.5829517841339111
 826    -5.2371091842651367  226.85429382324219  -2.2153208255767822
 827    53.852680206298828  99.099998474121094  20.862640380859375
 828    50.809577941894531  99.099998474121094  21.126253128051758
 829    43.797210693359375  99.099998474121094  26.858537673950195
 830    48.057449340820312  99.099998474121094  23.998258590698242
 831    49.10223388671875  99.099998474121094  30.402816772460938
 832    43.785320281982422  99.099998474121094  6.5111289024353027
 833    42.679672241210938  99.099998474121094  38.907661437988281
 834    38.860099792480469  99.099998474121094  38.179908752441406
 835    39.074348449707031  99.099998474121094  42.862518310546875
 836    11.352448463439941  99.099998474121094  -52.879600524902344
 837    4.7183847427368164  99.099998474121094  -52.650279998779297
 838    7.9931035041809082  99.099998474121094  -57.259330749511719
 839    -11.880536079406738  99.099998474121094  -50.506782531738281
 840    -15.804744720458984  99.099998474121094  -55.54791259765625
 841    -10.657471656799316  99.099998474121094  -57.012439727783203
 842    3.9965517520904541  99.099998474121094  -57.629665374755859
 843    21.155685424804688  99.099998474121094  36.256877899169922
 844    22.585718154907227  99.099998474121094  30.347681045532227
 845    25.41010856628418  99.099998474121094  20.342962265014648
 846    21.391607284545898  99.099998474121094  24.588218688964844
 847    20.333339691162109  99.099998474121094  19.375692367553711
 848    14.629124641418457  99.099998474121094  43.897682189941406
 849    20.160099029541016  99.099998474121094  41.80535888671875
 850    18.733991622924805  99.099998474121094  45.757434844970703
 851    43.733539581298828  108.15363311767578  37.895931243896484
 852    46.647201538085938  105.39267730712891  34.426502227783203
 853    47.013652801513672  110.80780029296875  33.919448852539062
 854    56.839599609375  137.0467529296875  11.121837615966797
 855    57.495445251464844  132.79388427734375  7.2849493026733398
 856    56.794292449951172  120.91732025146484  10.989629745483398
 857    56.281784057617188  115.52201080322266  13.575796127319336
 858    57.115257263183594  115.60771179199219  9.072418212890625
 859    55.813701629638672  130.10368347167969  15.600046157836914
 860    54.617992401123047  131.87437438964844  19.516016006469727
 861    54.717880249023438  125.93302154541016  19.127498626708984
 862    54.435741424560547  103.96602630615234  19.450740814208984
 863    55.734287261962891  104.91747283935547  15.961264610290527
 864    52.478065490722656  128.50686645507812  24.699361801147461
 865    52.653923034667969  123.47703552246094  24.092935562133789
 866    49.015937805175781  107.55558013916016  30.659469604492188
 867    50.545742034912109  103.66568756103516  28.134851455688477
 868    46.284999847412109  99.099998474121094  34.952808380126953
 869    48.350418090820312  103.16407775878906  31.673458099365234
 870    51.919471740722656  99.099998474121094  25.852825164794922
 871    47.417255401611328  116.49152374267578  33.274562835693359
 872    49.584724426269531  112.42407989501953  29.773408889770508
 873    41.310573577880859  117.2149658203125  40.711624145507812
 874    44.244754791259766  114.17774963378906  37.2279052734375
 875    44.509544372558594  120.02732849121094  36.847457885742188
 876    41.006778717041016  111.98744201660156  40.911849975585938
 877    57.752582550048828  99.099998474121094  5.351564884185791
 878    57.747550964355469  104.11415863037109  3.7759482860565186
 879    57.248634338378906  102.56329345703125  8.1367816925048828
 880    44.311378479003906  103.12635040283203  37.183200836181641
 881    47.708515167236328  122.83968353271484  32.983295440673828
 882    41.424453735351562  103.56163024902344  40.307025909423828
 883    37.363685607910156  104.25922393798828  44.232879638671875
 884    40.413242340087891  107.54135894775391  41.524211883544922
 885    37.542930603027344  109.65816497802734  44.008899688720703
 886    37.58245849609375  114.74977874755859  43.90301513671875
 887    33.854343414306641  112.28459167480469  47.094409942626953
 888    32.800724029541016  103.52895355224609  47.687225341796875
 889    30.533065795898438  99.099998474121094  49.312595367431641
 890    34.803707122802734  99.099998474121094  46.087554931640625
 891    57.773441314697266  186.26792907714844  -3.6525797843933105
 892    57.832103729248047  191.68133544921875  -2.988361120223999
 893    57.868873596191406  188.36430358886719  1.3116214275360107
 894    22.920497894287109  148.74629211425781  -53.098567962646484
 895    28.117961883544922  147.49789428710938  -50.638500213623047
 896    24.342084884643555  144.12478637695312  -52.478340148925781
 897    34.626953125  158.78984069824219  -46.412364959716797
 898    37.681423187255859  154.48716735839844  -43.999973297119141
 899    33.830829620361328  153.62150573730469  -46.959587097167969
 900    48.996936798095703  127.38455200195312  -30.725648880004883
 901    48.774299621582031  122.16046905517578  -31.051630020141602
 902    46.745456695556641  125.91123199462891  -34.213802337646484
 903    42.385395050048828  161.01666259765625  -39.422515869140625
 904    44.886268615722656  156.56307983398438  -36.586723327636719
 905    41.390743255615234  155.52430725097656  -40.475833892822266
 906    52.983192443847656  111.32235717773438  -23.167808532714844
 907    51.775909423828125  113.83826446533203  -26.007745742797852
 908    52.799655914306641  116.20769500732422  -23.615823745727539
 909    51.048992156982422  170.91416931152344  -27.163187026977539
 910    50.848686218261719  165.45585632324219  -27.590511322021484
 911    48.358406066894531  167.67877197265625  -31.743722915649414
 912    56.725574493408203  175.51019287109375  -11.774558067321777
 913    56.679664611816406  169.32902526855469  -11.926532745361328
 914    55.568515777587891  173.60787963867188  -16.062707901000977
 915    53.373344421386719  121.11457061767578  -22.256597518920898
 916    49.107074737548828  133.06765747070312  -30.572195053100586
 917    51.119007110595703  135.265869140625  -27.211427688598633
 918    51.073074340820312  129.87022399902344  -27.282510757446289
 919    54.915889739990234  145.85440063476562  -18.284088134765625
 920    53.708896636962891  149.08076477050781  -21.585206985473633
 921    55.260719299316406  150.86419677734375  -17.177362442016602
 922    57.795192718505859  131.60205078125  -4.3510251045227051
 923    57.803775787353516  125.85031127929688  -4.4714870452880859
 924    57.058425903320312  129.15180969238281  -9.4341411590576172
 925    57.989780426025391  160.62782287597656  2.1149451732635498
 926    19.130290985107422  103.10921478271484  54.699092864990234
 927    20.952016830444336  99.099998474121094  54.083389282226562
 928    57.961956024169922  177.37179565429688  0.41493809223175049
 929    57.985977172851562  172.55587768554688  1.5112178325653076
 930    57.874176025390625  174.46792602539062  -3.5065817832946777
 931    57.558647155761719  189.95925903320312  6.1493673324584961
 932    57.934341430664062  140.08609008789062  -0.59176069498062134
 933    57.932273864746094  134.39735412597656  -0.53934371471405029
 934    57.787322998046875  137.24153137207031  -4.2916851043701172
 935    57.934246063232422  145.87417602539062  -0.90381789207458496
 936    57.78662109375  142.90455627441406  -4.4131317138671875
 937    55.094932556152344  206.30551147460938  18.125905990600586
 938    55.392200469970703  201.56048583984375  17.079719543457031
 939    56.287712097167969  204.06275939941406  12.935691833496094
 940    56.604022979736328  198.74118041992188  11.822525978088379
 941    55.574249267578125  197.3597412109375  16.355846405029297
 942    56.274227142333984  194.06608581542969  13.603584289550781
 943    57.480495452880859  201.82000732421875  7.7454776763916016
 944    57.650745391845703  123.29825592041016  5.996302604675293
 945    57.879653930664062  124.70651245117188  0.94608151912689209
 946    57.809585571289062  127.94094848632812  4.3645920753479004
 947    57.885627746582031  136.76023864746094  3.3784186840057373
 948    57.905799865722656  132.03089904785156  2.8709828853607178
 949    57.433486938476562  138.87724304199219  8.0866899490356445
 950    56.487571716308594  103.57213592529297  12.224239349365234
 951    29.196952819824219  204.465087890625  -48.788967132568359
 952    27.855833053588867  198.70661926269531  -49.796520233154297
 953    18.312276840209961  199.30612182617188  -53.846096038818359
 954    23.189926147460938  197.68569946289062  -52.125827789306641
 955    16.591999053955078  190.08192443847656  -54.766185760498047
 956    13.425328254699707  186.35494995117188  -55.814231872558594
 957    11.61015510559082  191.51739501953125  -56.064567565917969
 958    17.47810173034668  185.73544311523438  -54.714546203613281
 959    9.9706602096557617  197.553466796875  -56.094394683837891
 960    10.65217113494873  203.19918823242188  -55.763465881347656
 961    14.131147384643555  201.395751953125  -54.912662506103516
 962    20.304279327392578  182.622802734375  -54.028366088867188
 963    21.291645050048828  187.79020690917969  -53.386970520019531
 964    24.610538482666016  183.67755126953125  -52.160362243652344
 965    25.967962265014648  188.18344116210938  -51.332489013671875
 966    19.750741958618164  193.62187194824219  -53.718009948730469
 967    23.496461868286133  192.16455078125  -52.251369476318359
 968    31.944841384887695  199.420166015625  -47.190425872802734
 969    30.88885498046875  194.12351989746094  -48.265926361083984
 970    26.978294372558594  193.31085205078125  -50.536201477050781
 971    28.688907623291016  184.53225708007812  -49.976364135742188
 972    29.881725311279297  188.99180603027344  -49.095188140869141
 973    32.494380950927734  185.4815673828125  -47.681465148925781
 974    17.4228515625  205.26022338867188  -53.699241638183594
 975    35.703388214111328  200.20303344726562  -44.518054962158203
 976    34.596759796142578  194.91624450683594  -45.633369445800781
 977    38.118495941162109  195.89691162109375  -42.828334808349609
 978    36.059169769287109  186.57473754882812  -44.886543273925781
 979    37.104862213134766  190.88056945800781  -43.870094299316406
 980    39.460594177246094  187.68281555175781  -42.114208221435547
 981    33.578617095947266  189.85455322265625  -46.661701202392578
 982    36.959877014160156  205.94493103027344  -43.273666381835938
 983    33.307315826416016  203.85171508789062  -45.969203948974609
 984    39.138896942138672  201.14927673339844  -41.478656768798828
 985    -44.102531433105469  214.61798095703125  34.753631591796875
 986    -41.932140350341797  216.69454956054688  38.395988464355469
 987    36.004199981689453  218.03158569335938  45.262619018554688
 988    38.548011779785156  214.00390625  43.133651733398438
 989    38.796756744384766  216.9166259765625  42.682346343994141
 990    42.293743133544922  207.0203857421875  39.689285278320312
 991    45.468177795410156  204.1009521484375  35.639404296875
 992    45.279659271240234  209.40480041503906  36.040134429931641
 993    48.642612457275391  201.1815185546875  31.589521408081055
 994    50.979652404785156  198.223876953125  27.211196899414062
 995    51.107112884521484  204.11070251464844  27.148040771484375
 996    54.646499633789062  192.84046936035156  19.010059356689453
 997    53.484668731689453  203.18038940429688  22.019720077514648
 998    55.976310729980469  190.41470336914062  15.187250137329102
 999    56.848346710205078  191.12835693359375  10.569962501525879
1000    56.8555908203125  187.47671508789062  10.363329887390137
1001    57.603385925292969  197.18894958496094  6.1332507133483887
1002    57.270259857177734  194.07423400878906  8.421412467956543
1003    34.032722473144531  107.84475708007812  46.781940460205078
1004    29.909173965454102  110.337646484375  49.47918701171875
1005    30.411844253540039  106.73623657226562  49.245410919189453
1006    25.964004516601562  108.39070129394531  51.863960266113281
1007    28.295820236206055  103.43270111083984  50.554340362548828
1008    19.676610946655273  145.61183166503906  -54.529472351074219
1009    15.322928428649902  148.02766418457031  -55.759376525878906
1010    18.694345474243164  149.9200439453125  -54.797039031982422
1011    -56.381752014160156  201.77046203613281  4.2960200309753418
1012    -56.041168212890625  201.39273071289062  4.3366117477416992
1013    -55.670284271240234  203.47348022460938  9.1131410598754883
1014    -40.238388061523438  216.54135131835938  39.180015563964844
1015    -38.473056793212891  218.06594848632812  41.577613830566406
1016    45.520877838134766  183.57626342773438  -38.846031188964844
1017    45.296375274658203  185.80059814453125  -38.511489868164062
1018    1.2547416687011719  181.43061828613281  -57.687473297119141
1019    3.7470560073852539  185.22975158691406  -57.379734039306641
1020    6.6576471328735352  181.84584045410156  -57.288917541503906
1021    8.0040559768676758  186.94181823730469  -56.863044738769531
1022    6.5859060287475586  192.58157348632812  -56.810905456542969
1023    11.265436172485352  182.25576782226562  -56.53155517578125
1024    6.9160447120666504  201.88021850585938  -56.274456024169922
1025    15.107926368713379  195.56143188476562  -54.920627593994141
1026    15.810526847839355  182.07704162597656  -55.345787048339844
1027    -57.666946411132812  156.64494323730469  46.150009155273438
1028    -56.675086975097656  151.09727478027344  46.177238464355469
1029    -57.420314788818359  155.03727722167969  50.787952423095703
1030    -57.956428527832031  161.87118530273438  36.954170227050781
1031    -57.76007080078125  158.79972839355469  41.522476196289062
1032    -57.901359558105469  164.23043823242188  41.866569519042969
1033    -57.909900665283203  161.96238708496094  28.248685836791992
1034    -57.820789337158203  159.02749633789062  24.541118621826172
1035    -57.672157287597656  157.08990478515625  28.379556655883789
1036    -57.770606994628906  158.34043884277344  55.284889221191406
1037    -57.997188568115234  162.59388732910156  55.806011199951172
1038    -57.886455535888672  160.20703125  50.355167388916016
1039    -51.449337005615234  135.95858764648438  46.924388885498047
1040    -50.138080596923828  133.60514831542969  50.607570648193359
1041    -52.691970825195312  138.52838134765625  51.525485992431641
1042    -51.511989593505859  136.20286560058594  55.287567138671875
1043    -53.1336669921875  139.24436950683594  60
1044    -50.586391448974609  134.6229248046875  60
1045    -50.449382781982422  134.07257080078125  42.337150573730469
1046    -47.461971282958984  129.36442565917969  49.884494781494141
1047    -44.492954254150391  125.46880340576172  50.101482391357422
1048    -46.226188659667969  127.67731475830078  54.802841186523438
1049    -57.684165954589844  147.55842590332031  8.2922124862670898
1050    -57.750545501708984  144.10493469238281  5.908958911895752
1051    -57.281730651855469  143.99589538574219  10.814962387084961
1052    -55.275177001953125  145.05978393554688  39.613136291503906
1053    -54.592708587646484  142.74429321289062  35.316066741943359
1054    -53.755424499511719  140.69319152832031  39.423797607421875
1055    -54.890983581542969  143.96449279785156  52.336795806884766
1056    -56.271163940429688  149.68315124511719  51.495021820068359
1057    -55.520664215087891  145.90669250488281  47.587165832519531
1058    -57.284408569335938  153.99186706542969  41.300174713134766
1059    -55.783805847167969  146.90536499023438  43.589702606201172
1060    -56.421092987060547  149.35890197753906  40.564495086669922
1061    -54.534793853759766  143.00953674316406  43.58154296875
1062    -49.705574035644531  132.56460571289062  38.385860443115234
1063    -57.83843994140625  159.3470458984375  32.247066497802734
1064    -50.728897094726562  133.41162109375  34.290016174316406
1065    -48.218467712402344  128.67942810058594  36.291023254394531
1066    57.941448211669922  154.99385070800781  2.0570924282073975
1067    57.9659423828125  157.26876831054688  6.2796745300292969
1068    57.682361602783203  156.43733215332031  60.200000762939453
1069    57.766319274902344  159.33261108398438  55.516811370849609
1070    58.000091552734375  162.5  60.200000762939453
1071    18.330862045288086  107.64492034912109  60
1072    16.75425910949707  106.73596954345703  56.071998596191406
1073    22.194076538085938  108.42689514160156  54.693405151367188
1074    32.220790863037109  113.81502532958984  50.311264038085938
1075    34.39581298828125  116.02947998046875  54.250331878662109
1076    42.757038116455078  121.91764068603516  41.328907012939453
1077    45.074611663818359  123.61245727539062  37.832294464111328
1078    47.82733154296875  127.37314605712891  35.609031677246094
1079    -57.207687377929688  152.9459228515625  60.983707427978516
1080    -56.030044555664062  148.29939270019531  60.983707427978516
1081    -56.089447021484375  148.56072998046875  63.756542205810547
1082    -3.0527889728546143  104.60478210449219  66.669692993164062
1083    0.69189941883087158  104.71971130371094  68.394004821777344
1084    -3.0059595108032227  104.57794952392578  72.816291809082031
1085    -13.491228103637695  106.13516998291016  66.659454345703125
1086    -9.7088251113891602  105.53632354736328  68.752487182617188
1087    -13.343752861022949  106.05583190917969  72.816291809082031
1088    -21.989320755004883  108.94287872314453  64.85552978515625
1089    -22.618181228637695  109.20043182373047  69.905044555664062
1090    -26.583662033081055  111.18581390380859  67.080024719238281
1091    -18.296360015869141  107.70967102050781  60.983707427978516
1092    -17.095006942749023  107.30855560302734  64.477119445800781
1093    -13.343752861022949  106.05583190917969  60.983707427978516
1094    -23.248968124389648  109.36351776123047  72.816291809082031
1095    -18.296360015869141  107.70967102050781  72.816291809082031
1096    -31.684309005737305  113.91909027099609  60.983707427978516
1097    -27.466638565063477  111.64130401611328  60.983707427978516
1098    -29.558481216430664  112.77134704589844  64.901573181152344
1099    -32.220867156982422  114.33610534667969  66.916061401367188
1100    -29.558481216430664  112.77134704589844  68.977325439453125
1101    -31.684309005737305  113.91909027099609  72.816291809082031
1102    -52.979801177978516  139.38761901855469  69.409004211425781
1103    -50.998481750488281  134.87474060058594  72.816291809082031
1104    -52.925437927246094  139.2637939453125  72.816291809082031
1105    -54.852397918701172  143.65286254882812  72.816291809082031
1106    -54.852397918701172  143.65286254882812  60.983707427978516
1107    -52.925437927246094  139.2637939453125  60.983707427978516
1108    -52.955062866210938  139.33807373046875  64.396766662597656
1109    -55.077468872070312  144.5408935546875  67.228652954101562
1110    50.548881530761719  130.548095703125  30.649137496948242
1111    52.77996826171875  135.44438171386719  27.433721542358398
1112    51.782161712646484  136.06449890136719  32.684165954589844
1113    -57.413219451904297  155.42431640625  68.409477233886719
1114    -56.557933807373047  150.40724182128906  67.929664611816406
1115    -57.207687377929688  152.9459228515625  72.816291809082031
1116    -57.674934387207031  158.58038330078125  64.965293884277344
1117    -57.982616424560547  162.67495727539062  66.962188720703125
1118    -57.603843688964844  157.72296142578125  72.816291809082031
1119    -52.875625610351562  185.63484191894531  60.786701202392578
1120    -52.777412414550781  185.59185791015625  60.840671539306641
1121    -50.63763427734375  190.48240661621094  60.840671539306641
1122    52.875625610351562  139.36515808105469  60.786701202392578
1123    52.777412414550781  139.40814208984375  60.840671539306641
1124    50.63763427734375  134.51759338378906  60.840671539306641
1125    21.545749664306641  108.65028381347656  60
1126    17.923013687133789  107.33863830566406  60.200000762939453
1127    -57.988517761230469  161.34146118164062  60
1128    -58.000091552734375  162.5  60.200000762939453
1129    -57.764083862304688  166.70558166503906  55.419826507568359
1130    -57.883628845214844  164.95390319824219  50.803218841552734
1131    -57.908969879150391  164.05815124511719  24.427644729614258
1132    -57.754970550537109  157.01153564453125  20.733623504638672
1133    -57.991432189941406  162.52171325683594  20.468318939208984
1134    -57.665500640869141  156.64910888671875  36.4642333984375
1135    -57.925090789794922  167.27638244628906  10.623520851135254
1136    -57.888702392578125  172.24150085449219  8.288691520690918
1137    -57.864589691162109  165.18342590332031  32.775463104248047
1138    -53.074375152587891  188.84916687011719  27.674587249755859
1139    -53.585659027099609  191.0087890625  23.98225212097168
1140    -57.883758544921875  161.98912048339844  46.067390441894531
1141    -57.687637329101562  167.89079284667969  45.701091766357422
1142    -57.802825927734375  166.26844787597656  37.701873779296875
1143    -57.457839965820312  169.55459594726562  40.963588714599609
1144    -57.988517761230469  163.65853881835938  60
1145    -50.886173248291016  190.19288635253906  44.283306121826172
1146    -52.520332336425781  186.77349853515625  47.110092163085938
1147    -50.468276977539062  190.80014038085938  50.361923217773438
1148    -50.586463928222656  190.37713623046875  60
1149    -51.675937652587891  188.36190795898438  55.392704010009766
1150    -53.1336669921875  185.75563049316406  60
1151    -49.332054138183594  192.73544311523438  55.519462585449219
1152    -48.039264678955078  194.9986572265625  60
1153    -52.572513580322266  186.74192810058594  51.790115356445312
1154    -48.344844818115234  194.37443542480469  46.865550994873047
1155    -46.538101196289062  196.9327392578125  55.232429504394531
1156    -45.236640930175781  198.63671875  49.684421539306641
1157    -48.037654876708984  194.85592651367188  51.554862976074219
1158    -57.304450988769531  181.45355224609375  10.267321586608887
1159    -57.780029296875  176.74099731445312  7.167625904083252
1160    -55.944431304931641  177.98820495605469  29.477077484130859
1161    -55.217182159423828  180.62623596191406  32.444320678710938
1162    -55.395969390869141  179.41519165039062  53.955989837646484
1163    -55.747974395751953  178.08975219726562  47.974842071533203
1164    -56.415866851806641  174.74720764160156  52.034065246582031
1165    -56.779190063476562  173.5462646484375  44.201751708984375
1166    -56.858371734619141  172.86775207519531  48.079158782958984
1167    -57.474666595458984  169.75288391113281  51.098674774169922
1168    -54.340957641601562  182.51008605957031  44.855808258056641
1169    -55.732753753662109  178.20149230957031  42.487052917480469
1170    -55.533893585205078  179.13325500488281  37.441246032714844
1171    -56.74200439453125  174.26911926269531  39.158687591552734
1172    -57.439315795898438  170.07182312011719  35.907665252685547
1173    57.986274719238281  168.48751831054688  3.6512327194213867
1174    57.987678527832031  163.97578430175781  6.4053254127502441
1175    -0.17007432878017426  128.53569030761719  -57.9552001953125
1176    3.7147970199584961  125.34415435791016  -57.673095703125
1177    12.58479118347168  161.20074462890625  -56.437812805175781
1178    13.030621528625488  156.66154479980469  -56.354621887207031
1179    8.7345485687255859  160.05014038085938  -57.2337646484375
1180    57.762413024902344  158.16871643066406  31.080015182495117
1181    57.807048797607422  159.19876098632812  36.335620880126953
1182    57.271125793457031  154.48968505859375  35.170101165771484
1183    49.749114990234375  132.50111389160156  36.256221771240234
1184    53.722991943359375  140.69560241699219  34.559165954589844
1185    54.100131988525391  140.73440551757812  29.114921569824219
1186    53.603862762451172  140.83219909667969  39.401840209960938
1187    51.574981689453125  136.61221313476562  37.838920593261719
1188    54.937751770019531  144.27362060546875  50.894680023193359
1189    53.292694091796875  140.13673400878906  51.857040405273438
1190    53.380382537841797  140.62738037109375  47.454044342041016
1191    52.178905487060547  137.41458129882812  55.239158630371094
1192    53.1336669921875  139.24436950683594  60
1193    50.982795715332031  135.22407531738281  60
1194    51.347454071044922  135.88717651367188  49.613224029541016
1195    56.648788452148438  150.0531005859375  60
1196    57.202674865722656  153.20243835449219  54.439609527587891
1197    55.936454772949219  147.5504150390625  55.161834716796875
1198    55.331436157226562  145.71141052246094  60
1199    54.194923400878906  142.17018127441406  56.059455871582031
1200    54.014087677001953  141.36972045898438  60
1201    41.363117218017578  196.92156982421875  -39.596706390380859
1202    42.53021240234375  202.01554870605469  -38.039199829101562
1203    44.618240356445312  198.0596923828125  -36.015457153320312
1204    57.543270111083984  156.67317199707031  45.495891571044922
1205    57.550670623779297  157.38009643554688  50.632423400878906
1206    57.048782348632812  152.95709228515625  48.334846496582031
1207    57.257293701171875  153.72529602050781  29.891843795776367
1208    56.481418609619141  149.78337097167969  33.513904571533203
1209    56.519603729248047  149.6175537109375  28.348667144775391
1210    52.010093688964844  137.14865112304688  43.331634521484375
1211    55.308837890625  145.22123718261719  41.354232788085938
1212    53.784492492675781  141.50048828125  43.352378845214844
1213    55.328147888183594  145.5970458984375  36.690826416015625
1214    -57.967117309570312  156.94461059570312  7.832517147064209
1215    -57.986015319824219  159.14508056640625  3.3018598556518555
1216    -57.983074188232422  154.01365661621094  3.6104285717010498
1217    -57.983810424804688  163.80050659179688  2.2953307628631592
1218    -5.6767220497131348  230.43434143066406  25.098625183105469
1219    0.22683165967464447  230.55712890625  26.031244277954102
1220    -0.84346896409988403  230.21035766601562  23.397249221801758
1221    -27.160425186157227  224.52827453613281  -19.76240348815918
1222    -24.732824325561523  224.92988586425781  -16.922775268554688
1223    -24.329578399658203  224.35398864746094  -21.086221694946289
1224    -27.139961242675781  230.48574829101562  25.489202499389648
1225    -23.395706176757812  230.09928894042969  22.553750991821289
1226    -27.175662994384766  229.684326171875  19.401756286621094
1227    -27.167457580566406  228.95133972167969  13.834155082702637
1228    -23.506435394287109  228.62982177734375  11.391966819763184
1229    -27.15925407409668  228.21835327148438  8.2665548324584961
1230    1.6773887872695923  229.94490051269531  21.381023406982422
1231    6.2092981338500977  230.02871704101562  22.017572402954102
1232    2.939781665802002  229.64422607421875  19.097152709960938
1233    14.096879005432129  229.64703369140625  19.118423461914062
1234    10.443767547607422  229.89698791503906  20.996957778930664
1235    7.1001129150390625  229.50074768066406  18.001796722412109
1236    -7.5631070137023926  231.48240661621094  29.711376190185547
1237    -9.5263500213623047  230.46084594726562  25.299980163574219
1238    -13.291056632995605  231.24777221679688  29.338802337646484
1239    14.048444747924805  230.31100463867188  24.153285980224609
1240    9.8370733261108398  230.50418090820312  25.628660202026367
1241    4.978632926940918  230.54618835449219  25.948162078857422
1242    -27.1580810546875  225.26754760742188  -14.147064208984375
1243    23.667020797729492  230.89645385742188  28.608724594116211
1244    20.476974487304688  230.47998046875  25.445291519165039
1245    22.782661437988281  231.04179382324219  29.712648391723633
1246    17.28692626953125  230.06350708007812  22.281856536865234
1247    17.971498489379883  230.67605590820312  26.934633255004883
1248    -21.223356246948242  229.09185791015625  14.901447296142578
1249    -21.220279693603516  228.47004699707031  10.178375244140625
1250    -23.629842758178711  226.08128356933594  -7.9672918319702148
1251    -21.204896926879883  225.36102294921875  -13.43698787689209
1252    -24.067066192626953  225.42842102050781  -13.03608512878418
1253    -21.217203140258789  227.84825134277344  5.4553022384643555
1254    -27.151050567626953  227.48536682128906  2.6989541053771973
1255    14.088606834411621  231.0968017578125  28.802684783935547
1256    18.693517684936523  231.15217590332031  29.705671310424805
1257    -23.028318405151367  231.33212280273438  29.619625091552734
1258    -27.196250915527344  228.90017700195312  10.063671112060547
1259    -27.452545166015625  228.29438781738281  5.0134472846984863
1260    -27.191688537597656  229.63314819335938  15.631143569946289
1261    -28.151765823364258  225.48672485351562  -16.31281852722168
1262    39.128505706787109  225.62966918945312  -15.226968765258789
1263    0.47738087177276611  223.26962280273438  -33.153430938720703
1264    -2.9821174144744873  223.8876953125  -28.458686828613281
1265    -5.5773153305053711  223.40107727050781  -32.149814605712891
1266    -7.6725645065307617  223.84500122070312  -28.78300666809082
1267    4.8168635368347168  222.8721923828125  -36.115383148193359
1268    -3.4293904304504395  222.76858520507812  -36.768543243408203
1269    -11.898800849914551  224.05418395996094  -27.193975448608398
1270    1.5175763368606567  222.50346374511719  -38.784481048583984
1271    6.6412839889526367  221.96299743652344  -40.513938903808594
1272    34.277462005615234  225.58757019042969  -15.546826362609863
1273    33.79296875  226.6845703125  -7.2136378288269043
1274    -27.204998016357422  225.95166015625  -12.332534790039062
1275    35.502792358398438  228.7716064453125  8.6384115219116211
1276    44.057323455810547  226.60809326171875  -6.653810977935791
1277    39.635852813720703  228.29270935058594  5.0016498565673828
1278    43.7376708984375  227.8255615234375  1.4534955024719238
1279    34.754539489746094  230.07162475585938  18.512916564941406
1280    37.662029266357422  229.50495910644531  14.215390205383301
1281    41.139945983886719  228.96435546875  10.120388031005859
1282    -21.211530685424805  226.70179748535156  -3.2528626918792725
1283    -27.15339469909668  226.74609375  -2.9163851737976074
1284    -27.155738830566406  226.00682067871094  -8.5317249298095703
1285    -20.162355422973633  225.27223205566406  -17.942132949829102
1286    -21.199789047241211  224.08663940429688  -23.116989135742188
1287    -13.720766067504883  226.26026916503906  -6.6065945625305176
1288    -10.552286148071289  226.77073669433594  -2.7314023971557617
1289    -8.0114936828613281  226.15882873535156  -7.3780875205993652
1290    -34.044967651367188  226.36216735839844  -9.6622133255004883
1291    -38.786148071289062  226.67062377929688  -7.2926135063171387
1292    -35.183616638183594  227.05543518066406  -4.3894839286804199
1293    -38.923919677734375  225.99720764160156  -12.386821746826172
1294    -21.146797180175781  224.44586181640625  -23.71458625793457
1295    -19.524806976318359  229.38558959960938  13.31966495513916
1296    -20.446733474731445  228.54653930664062  6.9286308288574219
1297    -15.150881767272949  228.25971984863281  6.4437851905822754
1298    -10.663786888122559  224.41621398925781  -20.969718933105469
1299    -12.875349998474121  223.95196533203125  -24.139928817749023
1300    -4.3908700942993164  225.0406494140625  -15.870444297790527
1301    -1.5623353719711304  224.5362548828125  -19.7017822265625
1302    -6.31988525390625  224.45220947265625  -20.340089797973633
1303    -9.4515895843505859  225.04002380371094  -15.875273704528809
1304    -3.457209587097168  225.85581970214844  -9.6787004470825195
1305    -2.4735321998596191  225.54449462890625  -12.04348087310791
1306    -6.4571628570556641  225.54254150390625  -12.058230400085449
1307    4.7334041595458984  224.90486145019531  -16.901960372924805
1308    6.638329029083252  224.43438720703125  -20.47547721862793
1309    2.7920255661010742  224.61451721191406  -19.107320785522461
1310    0.4879680871963501  225.1407470703125  -15.110198974609375
1311    -30.896142959594727  225.85493469238281  -13.485337257385254
1312    -3.8938460350036621  226.30941772460938  -6.2332992553710938
1313    -10.447100639343262  225.68414306640625  -10.982748985290527
1314    13.008657455444336  224.88247680664062  -17.071998596191406
1315    11.506534576416016  224.45710754394531  -20.30286979675293
1316    8.8644380569458008  224.84210205078125  -17.378570556640625
1317    18.374319076538086  223.94955444335938  -24.158180236816406
1318    13.946176528930664  223.94920349121094  -24.160842895507812
1319    17.236885070800781  224.65733337402344  -18.782077789306641
1320    -8.2825546264648438  228.74522399902344  12.268465995788574
1321    -13.682466506958008  229.12660217285156  15.165419578552246
1322    -3.8821258544921875  229.0035400390625  14.230588912963867
1323    -3.8850560188293457  228.33001708984375  9.1146163940429688
1324    -10.240614891052246  232.14894104003906  34.327945709228516
1325    -15.765134811401367  232.135498046875  34.318195343017578
1326    -12.779427528381348  232.76043701171875  38.937236785888672
1327    -27.205951690673828  226.69091796875  -6.7172393798828125
1328    -21.214126586914062  227.2264404296875  0.73222970962524414
1329    3.0709362030029297  232.66314697265625  38.197418212890625
1330    0.76027685403823853  232.13209533691406  34.170089721679688
1331    -2.1266272068023682  232.69964599609375  38.474758148193359
1332    -2.1993398666381836  231.54826354980469  29.850879669189453
1333    -4.7345919609069824  232.14498901367188  34.269927978515625
1334    -7.4166054725646973  232.73789978027344  38.765598297119141
1335    -15.193307876586914  233.35490417480469  43.45184326171875
1336    -18.040580749511719  233.89263916015625  48.067363739013672
1337    12.419410705566406  231.89993286132812  32.461814880371094
1338    8.7754011154174805  231.40968322753906  29.615032196044922
1339    -23.870553970336914  231.45907592773438  29.519615173339844
1340    -21.63224983215332  232.08615112304688  33.835014343261719
1341    -18.161792755126953  232.75871276855469  38.924678802490234
1342    -28.105806350708008  230.49948120117188  21.762781143188477
1343    -29.915119171142578  228.61215209960938  7.4277782440185547
1344    -30.994867324829102  229.19273376464844  11.84516429901123
1345    -33.928852081298828  228.77616882324219  8.6728572845458984
1346    -31.432094573974609  228.14289855957031  3.8626949787139893
1347    -39.300273895263672  229.03068542480469  10.606135368347168
1348    -35.190620422363281  229.34037780761719  12.958514213562012
1349    -43.461273193359375  229.52626037597656  14.371733665466309
1350    -38.620841979980469  229.74185180664062  16.007928848266602
1351    -42.463787078857422  230.17843627929688  19.384698867797852
1352    56.239151000976562  213.55488586425781  -9.8145465850830078
1353    56.300357818603516  209.05148315429688  -10.606300354003906
1354    55.209415435791016  210.51388549804688  -14.449203491210938
1355    55.431392669677734  206.04560852050781  -14.283528327941895
1356    56.217144012451172  201.310302734375  -12.172581672668457
1357    54.987514495849609  201.88197326660156  -16.975648880004883
1358    57.336109161376953  210.31582641601562  -1.995840311050415
1359    57.504058837890625  210.43907165527344  2.5795021057128906
1360    57.571285247802734  206.65805053710938  -0.30138733983039856
1361    57.432113647460938  205.67857360839844  -4.2135138511657715
1362    56.938625335693359  209.71945190429688  -6.4957914352416992
1363    56.807277679443359  205.3896484375  -8.9671354293823242
1364    52.328704833984375  218.91529846191406  23.826173782348633
1365    53.33453369140625  213.10647583007812  23.016510009765625
1366    54.055690765380859  215.32127380371094  20.383331298828125
1367    54.323158264160156  219.19168090820312  18.727556228637695
1368    37.565876007080078  223.075927734375  -27.210905075073242
1369    35.531040191650391  221.65850830078125  -31.636995315551758
1370    32.239940643310547  223.49801635742188  -28.753171920776367
1371    33.022720336914062  221.86358642578125  -32.787864685058594
1372    42.126235961914062  224.73495483398438  -18.302438735961914
1373    39.920513153076172  223.88877868652344  -22.807609558105469
1374    25.209005355834961  214.23458862304688  -47.361244201660156
1375    30.681940078735352  214.10296630859375  -44.381149291992188
1376    27.897939682006836  210.0816650390625  -48.274013519287109
1377    -31.163551330566406  225.21205139160156  -18.37945556640625
1378    -34.894031524658203  225.61270141601562  -15.355832099914551
1379    -1.9365320205688477  221.85787963867188  -41.662570953369141
1380    57.787513732910156  200.58901977539062  -6.0900459289550781
1381    -31.341953277587891  227.52096557617188  -0.85773634910583496
1382    -37.192691802978516  228.35691833496094  5.4891872406005859
1383    -41.615379333496094  228.48602294921875  6.5687270164489746
1384    -44.643093109130859  228.8924560546875  9.5769805908203125
1385    -36.032203674316406  227.72640991210938  0.69929879903793335
1386    -46.154346466064453  228.0552978515625  4.6493735313415527
1387    -40.959999084472656  227.93879699707031  2.364656925201416
1388    -44.988780975341797  227.40812683105469  -0.85512739419937134
1389    -43.692302703857422  226.82939147949219  -5.6994647979736328
1390    -39.883739471435547  227.30718994140625  -2.4674746990203857
1391    50.650791168212891  199.28439331054688  -27.037376403808594
1392    51.548828125  193.29229736328125  -26.001628875732422
1393    49.036201477050781  195.56524658203125  -29.95166015625
1394    46.616725921630859  194.41061401367188  -33.744823455810547
1395    45.794723510742188  189.59829711914062  -35.212581634521484
1396    43.522190093994141  193.08604431152344  -37.482521057128906
1397    42.554039001464844  188.23965454101562  -38.798183441162109
1398    40.425193786621094  191.93600463867188  -40.881767272949219
1399    43.913700103759766  207.15391540527344  -36.146076202392578
1400    40.701278686523438  206.11021423339844  -39.58209228515625
1401    45.836124420166016  203.07199096679688  -34.171234130859375
1402    46.880264282226562  208.36888122558594  -32.346736907958984
1403    48.823616027832031  203.83270263671875  -29.710599899291992
1404    47.652923583984375  199.093017578125  -31.843469619750977
1405    -42.529777526855469  226.29400634765625  -9.8666086196899414
1406    49.796302795410156  208.69282531738281  -27.839282989501953
1407    52.952140808105469  203.406982421875  -21.700069427490234
1408    54.051780700683594  207.17784118652344  -18.436115264892578
1409    52.397018432617188  199.24169921875  -23.380695343017578
1410    53.17828369140625  212.53398132324219  -19.945564270019531
1411    52.08111572265625  208.44482421875  -22.986068725585938
1412    51.264183044433594  204.30398559570312  -25.306480407714844
1413    14.849162101745605  232.95988464355469  40.451427459716797
1414    11.419633865356445  232.48739624023438  36.862510681152344
1415    9.8763217926025391  233.10128784179688  41.525432586669922
1416    24.549877166748047  232.62950134277344  37.951545715332031
1417    28.547115325927734  233.00555419921875  42.453498840332031
1418    29.241968154907227  232.4176025390625  37.905540466308594
1419    5.1444931030273438  233.16665649414062  42.022037506103516
1420    7.3403654098510742  232.689697265625  38.399120330810547
1421    6.8112950325012207  232.13380432128906  34.188987731933594
1422    3.3103890419006348  231.45277404785156  29.943452835083008
1423    -9.9047527313232422  233.3203125  43.189109802246094
1424    0.2178703248500824  233.21336364746094  42.376785278320312
1425    -4.8124551773071289  233.27922058105469  42.876979827880859
1426    -4.3684630393981934  234.35859680175781  51.075660705566406
1427    20.562948226928711  233.58039855957031  47.979663848876953
1428    17.793333053588867  233.471435546875  44.337505340576172
1429    15.33421802520752  234.03288269042969  48.709354400634766
1430    16.241109848022461  232.19212341308594  35.202312469482422
1431    2.7373867034912109  233.7423095703125  46.394496917724609
1432    0.87181156873703003  234.32298278808594  50.805210113525391
1433    5.100372314453125  234.19538879394531  49.835979461669922
1434    -2.1588490009307861  233.7972412109375  46.811744689941406
1435    21.181846618652344  232.04891967773438  33.714336395263672
1436    7.4237618446350098  233.69892883300781  46.065059661865234
1437    12.468490600585938  233.6083984375  45.377376556396484
1438    -37.003261566162109  230.44963073730469  21.38408088684082
1439    -31.604364395141602  230.2874755859375  20.155328750610352
1440    -33.379131317138672  229.80709838867188  16.503583908081055
1441    -27.086427688598633  231.01582336425781  26.219253540039062
1442    -32.169960021972656  230.8984375  24.793128967285156
1443    -42.160999298095703  230.61756896972656  24.413139343261719
1444    -37.190410614013672  231.17466735839844  26.994039535522461
1445    -25.630189895629883  233.02664184570312  43.426681518554688
1446    -23.395412445068359  232.74819946289062  38.846443176269531
1447    -28.504255294799805  232.75741577148438  38.972232818603516
1448    15.217874526977539  227.5748291015625  0.19822590053081512
1449    17.345304489135742  227.00701904296875  -4.6462945938110352
1450    31.406118392944336  225.00717163085938  -19.95545768737793
1451    26.882169723510742  224.73776245117188  -21.546112060546875
1452    -20.524053573608398  233.35177612304688  43.436447143554688
1453    -34.187675476074219  209.15274047851562  68.757041931152344
1454    -31.616645812988281  210.84381103515625  72.816291809082031
1455    42.967540740966797  229.48318481445312  14.593664169311523
1456    46.819625854492188  228.71531677246094  10.79670238494873
1457    41.759803771972656  230.61810302734375  23.316864013671875
1458    39.717819213867188  230.08155822753906  18.595319747924805
1459    36.867202758789062  230.66946411132812  23.054925918579102
1460    44.901016235351562  229.89974975585938  19.264532089233398
1461    32.076793670654297  230.63764953613281  22.87890625
1462    19.521039962768555  232.70480346679688  38.683666229248047
1463    9.7438850402832031  234.25172424316406  50.264823913574219
1464    34.269767761230469  231.29042053222656  27.771293640136719
1465    10.480808258056641  142.36808776855469  74.400001525878906
1466    5.2582521438598633  140.57038879394531  74.400001525878906
1467    9.6599636077880859  136.44891357421875  74.400001525878906
1468    19.519207000732422  138.30085754394531  74.400001525878906
1469    23.947841644287109  141.8975830078125  74.400001525878906
1470    19.421091079711914  143.02323913574219  74.400001525878906
1471    -22.49418830871582  123.71068572998047  74.400001525878906
1472    -20.279544830322266  119.952880859375  74.400001525878906
1473    -16.297843933105469  124.32052612304688  74.400001525878906
1474    -24.212638854980469  115.56106567382812  74.400001525878906
1475    -25.182899475097656  119.78060913085938  74.400001525878906
1476    -20.804500579833984  112.40557861328125  74.400001525878906
1477    -18.179794311523438  115.80950927734375  74.400001525878906
1478    -6.0720410346984863  116.50102996826172  74.400001525878906
1479    -9.2347993850708008  119.47101593017578  74.400001525878906
1480    -12.005684852600098  114.91355133056641  74.400001525878906
1481    49.049289703369141  140.79072570800781  74.400001525878906
1482    43.375686645507812  141.37347412109375  74.400001525878906
1483    46.336196899414062  136.13536071777344  74.400001525878906
1484    46.932216644287109  145.73210144042969  74.400001525878906
1485    51.277278900146484  145.73020935058594  74.400001525878906
1486    48.780296325683594  150.70841979980469  74.400001525878906
1487    32.141384124755859  121.81684875488281  74.400001525878906
1488    31.402250289916992  127.05797576904297  74.400001525878906
1489    27.344175338745117  123.60471343994141  74.400001525878906
1490    48.434520721435547  161.80384826660156  74.400001525878906
1491    46.989837646484375  165.74275207519531  74.400001525878906
1492    43.240665435791016  162.93646240234375  74.400001525878906
1493    34.152687072753906  157.56172180175781  74.400001525878906
1494    29.243682861328125  156.46963500976562  74.400001525878906
1495    32.408214569091797  152.59925842285156  74.400001525878906
1496    27.414089202880859  151.0181884765625  74.400001525878906
1497    22.272232055664062  151.81306457519531  74.400001525878906
1498    23.534561157226562  146.89430236816406  74.400001525878906
1499    15.292169570922852  144.65447998046875  74.400001525878906
1500    11.54259204864502  147.81709289550781  74.400001525878906
1501    -48.564102172851562  156.70211791992188  74.400001525878906
1502    -53.699798583984375  155.15737915039062  74.400001525878906
1503    -50.288822174072266  152.1597900390625  74.400001525878906
1504    31.327960968017578  148.46286010742188  74.400001525878906
1505    35.5169677734375  148.90303039550781  74.400001525878906
1506    24.550146102905273  137.07461547851562  74.400001525878906
1507    28.757379531860352  140.72799682617188  74.400001525878906
1508    33.056324005126953  139.14395141601562  74.400001525878906
1509    33.347816467285156  144.13717651367188  74.400001525878906
1510    50.513015747070312  156.38621520996094  74.400001525878906
1511    45.959518432617188  154.09075927734375  74.400001525878906
1512    41.725139617919922  153.95252990722656  74.400001525878906
1513    39.914539337158203  149.32160949707031  74.400001525878906
1514    44.255386352539062  149.88523864746094  74.400001525878906
1515    42.772197723388672  145.77719116210938  74.400001525878906
1516    15.799030303955078  129.68850708007812  74.400001525878906
1517    20.002923965454102  134.07461547851562  74.400001525878906
1518    15.044195175170898  134.96504211425781  74.400001525878906
1519    1.6550769805908203  123.77542114257812  74.400001525878906
1520    -1.1181027889251709  125.70907592773438  74.400001525878906
1521    -1.3088009357452393  117.70861053466797  74.400001525878906
1522    10.517800331115723  126.85373687744141  74.400001525878906
1523    9.8803834915161133  121.26188659667969  74.400001525878906
1524    11.265325546264648  115.62625122070312  74.400001525878906
1525    7.412437915802002  117.80771636962891  74.400001525878906
1526    6.8345050811767578  113.730712890625  74.400001525878906
1527    -49.930007934570312  180.53459167480469  74.400001525878906
1528    -55.123138427734375  179.69841003417969  74.400001525878906
1529    -51.7369384765625  175.74317932128906  74.400001525878906
1530    -29.397880554199219  117.76094055175781  74.400001525878906
1531    -33.847629547119141  121.16900634765625  74.400001525878906
1532    -33.652355194091797  115.51909637451172  74.400001525878906
1533    -28.991144180297852  160.26913452148438  74.400001525878906
1534    -33.157333374023438  157.04458618164062  74.400001525878906
1535    -28.337491989135742  155.31446838378906  74.400001525878906
1536    -40.474193572998047  144.64501953125  74.400001525878906
1537    -42.352787017822266  149.58444213867188  74.400001525878906
1538    -46.074600219726562  144.85639953613281  74.400001525878906
1539    -45.425506591796875  135.03794860839844  74.400001525878906
1540    -48.223590850830078  139.5225830078125  74.400001525878906
1541    -51.043254852294922  134.97250366210938  74.400001525878906
1542    -8.4992341995239258  131.19752502441406  74.400001525878906
1543    -11.756196975708008  135.08653259277344  74.400001525878906
1544    -14.167224884033203  129.81265258789062  74.400001525878906
1545    -2.987945556640625  131.46923828125  74.400001525878906
1546    -25.41053581237793  127.65315246582031  74.400001525878906
1547    -29.081899642944336  132.3077392578125  74.400001525878906
1548    -31.097761154174805  126.46161651611328  74.400001525878906
1549    -27.952783584594727  122.63146209716797  74.400001525878906
1550    -37.943042755126953  174.02236938476562  74.400001525878906
1551    -43.263935089111328  173.240478515625  74.400001525878906
1552    -39.519489288330078  169.08097839355469  74.400001525878906
1553    -45.038249969482422  168.29643249511719  74.400001525878906
1554    -57.685382843017578  159.39041137695312  74.400001525878906
1555    -52.073902130126953  159.38331604003906  74.400001525878906
1556    -53.158294677734375  163.51463317871094  74.400001525878906
1557    -51.005836486816406  189.56930541992188  74.400001525878906
1558    -45.631526947021484  189.14582824707031  74.400001525878906
1559    -48.488147735595703  194.31327819824219  74.400001525878906
1560    36.309326171875  135.66018676757812  74.400001525878906
1561    34.235733032226562  131.64329528808594  74.400001525878906
1562    39.072048187255859  132.41946411132812  74.400001525878906
1563    33.635101318359375  115.25746154785156  74.400001525878906
1564    32.195152282714844  117.60141754150391  74.400001525878906
1565    29.469106674194336  112.78787231445312  74.400001525878906
1566    1.8162747621536255  113.07175445556641  74.400001525878906
1567    5.5698280334472656  109.20333099365234  74.400001525878906
1568    0.12669385969638824  108.81719207763672  74.400001525878906
1569    -14.585495948791504  198.89276123046875  74.400001525878906
1570    -19.866497039794922  200.90560913085938  74.400001525878906
1571    -17.393903732299805  195.26251220703125  74.400001525878906
1572    -20.591396331787109  206.55706787109375  74.400001525878906
1573    -25.001026153564453  203.74583435058594  74.400001525878906
1574    -25.030136108398438  198.361572265625  74.400001525878906
1575    -29.497365951538086  201.46385192871094  74.400001525878906
1576    -29.902931213378906  196.94488525390625  74.400001525878906
1577    -37.250469207763672  192.84529113769531  74.400001525878906
1578    -39.779979705810547  196.52223205566406  74.400001525878906
1579    -42.801540374755859  193.27360534667969  74.400001525878906
1580    -45.482879638671875  181.3231201171875  74.400001525878906
1581    -41.600753784179688  178.824462890625  74.400001525878906
1582    -42.952964782714844  184.29000854492188  74.400001525878906
1583    -46.716285705566406  176.99966430664062  74.400001525878906
1584    39.424625396728516  158.76841735839844  74.400001525878906
1585    44.799579620361328  158.13323974609375  74.400001525878906
1586    35.606601715087891  161.66258239746094  74.400001525878906
1587    19.023523330688477  148.00398254394531  74.400001525878906
1588    40.405879974365234  203.77297973632812  74.400001525878906
1589    37.5914306640625  206.65950012207031  74.400001525878906
1590    36.581806182861328  200.95133972167969  74.400001525878906
1591    25.295078277587891  209.00538635253906  74.400001525878906
1592    20.925920486450195  205.57015991210938  74.400001525878906
1593    25.739004135131836  203.70462036132812  74.400001525878906
1594    29.822097778320312  206.8502197265625  74.400001525878906
1595    29.528182983398438  202.13102722167969  74.400001525878906
1596    7.4496383666992188  194.71617126464844  74.400001525878906
1597    3.3895332813262939  191.26820373535156  74.400001525878906
1598    7.3724789619445801  190.25350952148438  74.400001525878906
1599    -0.83305186033248901  192.35740661621094  74.400001525878906
1600    -3.918097972869873  189.23445129394531  74.400001525878906
1601    -0.32078468799591064  187.46336364746094  74.400001525878906
1602    4.2351503372192383  186.43850708007812  74.400001525878906
1603    9.3707637786865234  186.94462585449219  74.400001525878906
1604    31.965129852294922  198.84567260742188  74.400001525878906
1605    33.404563903808594  204.05657958984375  74.400001525878906
1606    24.252681732177734  172.24681091308594  74.400001525878906
1607    18.985456466674805  171.61192321777344  74.400001525878906
1608    21.110416412353516  168.67054748535156  74.400001525878906
1609    47.547443389892578  181.56759643554688  74.400001525878906
1610    42.810920715332031  178.34902954101562  74.400001525878906
1611    47.701927185058594  176.12295532226562  74.400001525878906
1612    30.968776702880859  193.71966552734375  74.400001525878906
1613    35.852622985839844  195.56742858886719  74.400001525878906
1614    -8.2362966537475586  188.72438049316406  74.400001525878906
1615    -9.5833721160888672  183.53721618652344  74.400001525878906
1616    -4.7445898056030273  184.88612365722656  74.400001525878906
1617    -28.67292594909668  169.82339477539062  74.400001525878906
1618    -34.240566253662109  169.62841796875  74.400001525878906
1619    -30.941652297973633  165.05953979492188  74.400001525878906
1620    -36.040763854980469  164.79289245605469  74.400001525878906
1621    -33.195823669433594  161.41635131835938  74.400001525878906
1622    -47.658809661865234  162.62698364257812  74.400001525878906
1623    -41.702686309814453  163.7236328125  74.400001525878906
1624    33.652355194091797  209.48091125488281  74.400001525878906
1625    29.713279724121094  212.30232238769531  74.400001525878906
1626    57.791828155517578  160.2027587890625  64.785552978515625
1627    57.564708709716797  157.93887329101562  68.617828369140625
1628    57.362079620361328  155.49993896484375  64.388587951660156
1629    58  162.5  72.816291809082031
1630    57.529937744140625  157.29974365234375  72.816291809082031
1631    57.059879302978516  152.09950256347656  60.983707427978516
1632    56.770786285400391  151.0574951171875  64.688217163085938
1633    55.664932250976562  147.06784057617188  60.983707427978516
1634    54.938331604003906  144.50639343261719  68.665306091308594
1635    55.400527954101562  146.14920043945312  64.813995361328125
1636    56.365680694580078  149.59756469726562  68.660751342773438
1637    57.059879302978516  152.09950256347656  72.816291809082031
1638    55.664932250976562  147.06784057617188  72.816291809082031
1639    54.269989013671875  142.03617858886719  60.983707427978516
1640    53.829708099365234  141.12690734863281  64.804328918457031
1641    51.995384216308594  137.33621215820312  60.983707427978516
1642    50.811756134033203  134.93055725097656  68.661888122558594
1643    51.561012268066406  136.46173095703125  64.815971374511719
1644    53.117664337158203  139.65618896484375  68.70233154296875
1645    54.269989013671875  142.03617858886719  72.816291809082031
1646    51.995384216308594  137.33621215820312  72.816291809082031
1647    49.720779418945312  132.63624572753906  60.983707427978516
1648    49.122901916503906  131.81834411621094  64.803604125976562
1649    46.640251159667969  128.42033386230469  60.983707427978516
1650    45.065681457519531  126.28857421875  68.683807373046875
1651    46.061103820800781  127.64407348632812  64.822158813476562
1652    48.161128997802734  130.50230407714844  68.703620910644531
1653    -25.426546096801758  209.04409790039062  74.400001525878906
1654    -21.034542083740234  211.60275268554688  74.400001525878906
1655    26.218051910400391  128.39138793945312  74.400001525878906
1656    28.192363739013672  118.53804779052734  74.400001525878906
1657    -8.4558811187744141  215.06167602539062  74.400001525878906
1658    -4.360750675201416  210.86277770996094  74.400001525878906
1659    -3.4883708953857422  216.04960632324219  74.400001525878906
1660    0.0043086148798465729  213.10795593261719  74.400001525878906
1661    -10.021103858947754  210.49420166015625  74.400001525878906
1662    -7.2281389236450195  207.03005981445312  74.400001525878906
1663    -20.78436279296875  216.42343139648438  74.400001525878906
1664    -25.303112030029297  214.68170166015625  74.400001525878906
1665    4.9227800369262695  212.40293884277344  74.400001525878906
1666    1.7619491815567017  216.680419921875  74.400001525878906
1667    -17.499917984008789  213.88180541992188  74.400001525878906
1668    -13.303576469421387  214.265380859375  74.400001525878906
1669    -16.265613555908203  218.16514587402344  74.400001525878906
1670    -3.2245104312896729  205.29617309570312  74.400001525878906
1671    -7.901456356048584  202.99189758300781  74.400001525878906
1672    -4.145714282989502  199.84257507324219  74.400001525878906
1673    -12.122893333435059  201.94436645507812  74.400001525878906
1674    -9.4250144958496094  198.33992004394531  74.400001525878906
1675    -16.501331329345703  187.64259338378906  74.400001525878906
1676    -19.084939956665039  191.49238586425781  74.400001525878906
1677    -21.246976852416992  186.32783508300781  74.400001525878906
1678    57.420730590820312  169.442626953125  67.887321472167969
1679    56.754745483398438  173.73164367675781  64.309906005859375
1680    56.418861389160156  175.16647338867188  68.380271911621094
1681    -29.63688850402832  206.65800476074219  74.400001525878906
1682    -33.635101318359375  209.74253845214844  74.400001525878906
1683    -33.882484436035156  204.17909240722656  74.400001525878906
1684    -26.38453483581543  186.036865234375  74.400001525878906
1685    -23.404386520385742  181.62602233886719  74.400001525878906
1686    -28.846904754638672  175.78335571289062  74.400001525878906
1687    -33.046112060546875  179.70864868164062  74.400001525878906
1688    -33.09564208984375  174.54948425292969  74.400001525878906
1689    -48.597583770751953  172.130615234375  74.400001525878906
1690    -50.313785552978516  167.70448303222656  74.400001525878906
1691    -57.9593505859375  164.47097778320312  74.400001525878906
1692    20.464204788208008  210.91523742675781  74.400001525878906
1693    25.360616683959961  214.4281005859375  74.400001525878906
1694    11.858364105224609  197.88063049316406  74.400001525878906
1695    16.923572540283203  201.140869140625  74.400001525878906
1696    11.636117935180664  203.55662536621094  74.400001525878906
1697    6.1171798706054688  206.13876342773438  74.400001525878906
1698    7.1106314659118652  200.05935668945312  74.400001525878906
1699    14.557385444641113  218.39500427246094  74.400001525878906
1700    10.331916809082031  214.76078796386719  74.400001525878906
1701    15.440926551818848  212.66706848144531  74.400001525878906
1702    -11.051164627075195  177.79719543457031  74.400001525878906
1703    -13.91667652130127  182.54983520507812  74.400001525878906
1704    -20.526216506958008  176.39442443847656  74.400001525878906
1705    -25.306245803833008  177.44464111328125  74.400001525878906
1706    -24.495561599731445  172.66525268554688  74.400001525878906
1707    -57.059879302978516  172.90049743652344  72.816291809082031
1708    40.492916107177734  99.099998474121094  -24.954051971435547
1709    40.762912750244141  99.099998474121094  -29.304409027099609
1710    57.935234069824219  161.33920288085938  47.398250579833984
1711    57.834255218505859  164.77188110351562  55.229225158691406
1712    57.961650848388672  161.94541931152344  51.703968048095703
1713    33.74798583984375  209.46067810058594  54.9451904296875
1714    37.153289794921875  206.80805969238281  54.390586853027344
1715    36.091281890869141  207.7310791015625  49.506927490234375
1716    40.007640838623047  204.07659912109375  51.640377044677734
1717    54.989646911621094  180.48907470703125  55.170249938964844
1718    55.236850738525391  179.86495971679688  50.036342620849609
1719    53.466556549072266  184.47323608398438  51.953636169433594
1720    -57.148639678955078  171.53996276855469  64.560546875
1721    -57.602207183837891  166.90077209472656  65.013992309570312
1722    -58  162.5  72.816291809082031
1723    -54.653663635253906  181.57987976074219  64.891204833984375
1724    -56.084148406982422  176.42002868652344  64.701553344726562
1725    -57.059879302978516  172.90049743652344  60.983707427978516
1726    36.964584350585938  99.099998474121094  -27.924631118774414
1727    -50.3038330078125  191.15888977050781  64.92413330078125
1728    -52.565505981445312  186.459716796875  64.862571716308594
1729    -54.269989013671875  182.96382141113281  60.983707427978516
1730    -54.269989013671875  182.96382141113281  72.816291809082031
1731    -44.348770141601562  199.71563720703125  64.924591064453125
1732    -47.408210754394531  195.51185607910156  64.866523742675781
1733    -49.720779418945312  192.36375427246094  60.983707427978516
1734    -49.720779418945312  192.36375427246094  72.816291809082031
1735    -36.958927154541016  207.0626220703125  64.927886962890625
1736    -40.720138549804688  203.47792053222656  64.86761474609375
1737    20.12945556640625  99.099998474121094  9.7969846725463867
1738    20.228404998779297  99.099998474121094  14.232497215270996
1739    16.377670288085938  99.099998474121094  12.397825241088867
1740    -50.557056427001953  99.099998474121094  0.93153637647628784
1741    -37.923225402832031  99.099998474121094  37.487556457519531
1742    -34.462249755859375  99.099998474121094  40.670425415039062
1743    -24.64790153503418  99.099998474121094  32.025943756103516
1744    -40.320083618164062  99.099998474121094  -1.5956141948699951
1745    -10.399759292602539  99.099998474121094  42.988998413085938
1746    -8.2400655746459961  99.099998474121094  47.988410949707031
1747    -12.817131996154785  99.099998474121094  47.307918548583984
1748    -26.483781814575195  99.099998474121094  3.5257446765899658
1749    -20.975223541259766  99.099998474121094  1.4972411394119263
1750    -21.104690551757812  99.099998474121094  6.131436824798584
1751    37.998615264892578  99.099998474121094  0.48730310797691345
1752    40.786170959472656  99.099998474121094  3.874269962310791
1753    25.390174865722656  99.099998474121094  7.1215410232543945
1754    28.128585815429688  99.099998474121094  3.1255226135253906
1755    31.350900650024414  99.099998474121094  6.5560979843139648
1756    27.682687759399414  99.099998474121094  15.08881664276123
1757    30.445323944091797  99.099998474121094  19.223875045776367
1758    16.209794998168945  99.099998474121094  32.860992431640625
1759    15.622040748596191  99.099998474121094  38.656494140625
1760    11.782489776611328  99.099998474121094  35.75299072265625
1761    -43.559719085693359  200.79557800292969  60.983707427978516
1762    9.6720380783081055  99.099998474121094  -18.803672790527344
1763    10.152195930480957  99.099998474121094  -13.54920768737793
1764    -0.77744030952453613  99.099998474121094  0.25653141736984253
1765    -6.418729305267334  99.099998474121094  -0.33978509902954102
1766    -2.7559623718261719  99.099998474121094  -4.4997744560241699
1767    4.3810291290283203  99.099998474121094  -26.854742050170898
1768    8.7813758850097656  99.099998474121094  -24.4337158203125
1769    5.1244940757751465  99.099998474121094  -21.41632080078125
1770    6.6786317825317383  99.099998474121094  -43.400711059570312
1771    9.0021648406982422  99.099998474121094  -38.632728576660156
1772    4.4264559745788574  99.099998474121094  -38.407474517822266
1773    46.811367034912109  99.099998474121094  -11.97173023223877
1774    41.021999359130859  99.099998474121094  -12.019990921020508
1775    43.590217590332031  99.099998474121094  -7.8252763748168945
1776    3.3470871448516846  99.099998474121094  -47.265159606933594
1777    9.4007806777954102  99.099998474121094  -47.362251281738281
1778    -0.54964971542358398  99.099998474121094  -49.950763702392578
1779    49.911190032958984  191.71038818359375  68.196685791015625
1780    49.711788177490234  192.09144592285156  64.207962036132812
1781    47.354438781738281  195.69401550292969  67.253990173339844
1782    10.31544017791748  219.37690734863281  68.786392211914062
1783    13.343752861022949  218.94416809082031  72.816291809082031
1784    15.380284309387207  218.25688171386719  68.748626708984375
1785    25.948478698730469  214.15556335449219  64.680427551269531
1786    21.927352905273438  216.07777404785156  64.92108154296875
1787    25.275779724121094  214.49531555175781  68.601295471191406
1788    23.248968124389648  215.636474609375  60.983707427978516
1789    27.466638565063477  213.35868835449219  72.816291809082031
1790    23.248968124389648  215.636474609375  72.816291809082031
1791    20.375804901123047  216.59587097167969  68.776519775390625
1792    29.711582183837891  212.14453125  66.835639953613281
1793    33.827232360839844  209.39167785644531  66.814765930175781
1794    31.684309005737305  211.08090209960938  60.983707427978516
1795    35.469154357910156  208.13946533203125  72.816291809082031
1796    31.684309005737305  211.08090209960938  72.816291809082031
1797    45.418834686279297  198.33586120605469  63.965503692626953
1798    41.733123779296875  202.50196838378906  65.013046264648438
1799    44.015003204345703  200.02976989746094  68.58111572265625
1800    37.811061859130859  206.29646301269531  66.883323669433594
1801    40.977237701416016  203.32835388183594  69.033897399902344
1802    39.253997802734375  205.19804382324219  60.983707427978516
1803    42.502613067626953  201.67333984375  72.816291809082031
1804    39.253997802734375  205.19804382324219  72.816291809082031
1805    18.296360015869141  217.29031372070312  72.816291809082031
1806    48.374855041503906  194.13694763183594  72.816291809082031
1807    45.751228332519531  198.14863586425781  72.816291809082031
1808    53.817031860351562  183.70182800292969  65.502433776855469
1809    51.649211883544922  188.64308166503906  64.641921997070312
1810    52.181991577148438  187.4295654296875  68.835098266601562
1811    52.925437927246094  185.7362060546875  60.983707427978516
1812    50.998481750488281  190.12525939941406  72.816291809082031
1813    52.925437927246094  185.7362060546875  72.816291809082031
1814    55.53265380859375  178.66044616699219  64.704437255859375
1815    55.195446014404297  179.86802673339844  68.880348205566406
1816    54.852397918701172  181.34713745117188  72.816291809082031
1817    53.848331451416016  183.63410949707031  69.688705444335938
1818    56.030044555664062  176.70060729980469  72.816291809082031
1819    -17.623678207397461  217.75762939453125  60.983707427978516
1820    -20.780153274536133  216.42518615722656  64.262916564941406
1821    -17.533807754516602  217.73345947265625  66.546363830566406
1822    -43.559719085693359  200.79557800292969  72.816291809082031
1823    -22.435214996337891  215.72967529296875  60.983707427978516
1824    -24.457971572875977  214.87696838378906  64.587905883789062
1825    -21.472412109375  216.13232421875  68.3280029296875
1826    -17.623678207397461  217.75762939453125  72.816291809082031
1827    -32.7437744140625  210.09288024902344  64.865943908691406
1828    -35.986541748046875  207.98591613769531  60.983707427978516
1829    -35.986541748046875  207.98591613769531  72.816291809082031
1830    49.720779418945312  132.63624572753906  72.816291809082031
1831    46.640251159667969  128.42033386230469  72.816291809082031
1832    -27.24675178527832  213.70170593261719  60.983707427978516
1833    -13.562050819396973  218.65925598144531  68.515487670898438
1834    -2.211660623550415  220.22213745117188  72.816291809082031
1835    -5.101447582244873  220.06578063964844  66.887969970703125
1836    -7.4292807579040527  220.022216796875  72.816291809082031
1837    -9.6327524185180664  219.53273010253906  69.042098999023438
1838    12.005401611328125  219.13539123535156  64.928916931152344
1839    6.7487940788269043  219.87222290039062  65.018104553222656
1840    0.89894676208496094  220.30314636230469  66.912574768066406
1841    5.4447641372680664  220.06578063964844  68.933982849121094
1842    3.0059595108032227  220.42205810546875  60.983707427978516
1843    8.1748561859130859  219.68310546875  72.816291809082031
1844    3.0059595108032227  220.42205810546875  72.816291809082031
1845    17.034126281738281  217.701171875  64.867835998535156
1846    13.343752861022949  218.94416809082031  60.983707427978516
1847    55.665386199951172  120.67498016357422  16.071136474609375
1848    50.093292236328125  125.67327880859375  28.841327667236328
1849    56.245712280273438  135.21624755859375  14.156984329223633
1850    34.946140289306641  212.07771301269531  46.290035247802734
1851    38.619941711425781  209.54904174804688  42.989662170410156
1852    48.287158966064453  206.57441711425781  31.679388046264648
1853    48.024772644042969  212.34555053710938  32.103870391845703
1854    45.139019012451172  214.21090698242188  36.420719146728516
1855    53.002727508544922  208.39285278320312  22.956464767456055
1856    50.9105224609375  210.48017883300781  27.787023544311523
1857    53.316688537597656  195.2662353515625  22.832870483398438
1858    54.232151031494141  198.39573669433594  20.323854446411133
1859    -40.440982818603516  213.65826416015625  38.904956817626953
1860    -36.136135101318359  215.50363159179688  43.099887847900391
1861    59.449481964111328  201.65492248535156  -1.253591775894165
1862    57.904232025146484  129.21469116210938  -0.25440394878387451
1863    57.822460174560547  116.13311767578125  -3.518240213394165
1864    57.858722686767578  120.89835357666016  -2.1007974147796631
1865    57.843578338623047  117.15869140625  0.22446493804454803
1866    57.886936187744141  156.85002136230469  -2.8197691440582275
1867    57.9078369140625  151.62995910644531  -1.8442299365997314
1868    57.385066986083984  153.70600891113281  -7.363433837890625
1869    57.775203704833984  193.93135070800781  2.5575492382049561
1870    57.92266845703125  197.1793212890625  -2.994065523147583
1871    57.701583862304688  199.49966430664062  2.3757061958312988
1872    57.854721069335938  142.57878112792969  3.6978020668029785
1873    57.708827972412109  148.34710693359375  -5.0789756774902344
1874    57.859264373779297  120.34847259521484  2.7786028385162354
1875    57.768333435058594  105.72517395019531  -4.6444563865661621
1876    57.771831512451172  103.31009674072266  -1.3555408716201782
1877    55.785888671875  99.099998474121094  15.872453689575195
1878    56.769233703613281  99.099998474121094  10.612009048461914
1879    57.697723388671875  110.96051788330078  5.6245861053466797
1880    57.111484527587891  106.95433044433594  8.9387407302856445
1881    57.765800476074219  107.82344818115234  2.1744742393493652
1882    56.818389892578125  111.65073394775391  10.643202781677246
1883    -8.4061880111694336  227.88627624511719  57.491935729980469
1884    22.026420593261719  226.38926696777344  -5.6266956329345703
1885    -13.71441650390625  225.55523681640625  -11.961780548095703
1886    -9.4398117065429688  226.65225219726562  58.941307067871094
1887    28.729619979858398  175.41410827636719  -50.650562286376953
1888    28.931087493896484  178.26724243164062  -50.489116668701172
1889    10.434927940368652  224.20234680175781  55.814075469970703
1890    -44.113292694091797  211.83818054199219  34.647651672363281
1891    -57.946464538574219  138.2344970703125  0.38179183006286621
1892    -57.833889007568359  141.23857116699219  4.3864989280700684
1893    -53.937828063964844  201.04302978515625  21.220481872558594
1894    56.864639282226562  214.26150512695312  -4.5319414138793945
1895    11.530374526977539  221.46382141113281  -41.989608764648438
1896    15.761120796203613  222.00498962402344  -39.108085632324219
1897    -21.127208709716797  227.0423583984375  -4.0478105545043945
1898    -21.124799728393555  227.87144470214844  2.249690055847168
1899    -13.743597030639648  226.98495483398438  -2.7929463386535645
1900    -50.998481750488281  134.87474060058594  60.983707427978516
1901    -48.401721954345703  130.90412902832031  65.110328674316406
1902    -51.004390716552734  134.91484069824219  66.993965148925781
1903    -57.276416778564453  153.77467346191406  64.286277770996094
1904    -57.730934143066406  159.26884460449219  69.066429138183594
1905    -53.660907745361328  140.55613708496094  55.724590301513672
1906    57.803054809570312  160.69941711425781  41.925724029541016
1907    -45.751228332519531  126.85136413574219  60.983707427978516
1908    -42.327224731445312  123.13776397705078  64.826217651367188
1909    -45.714080810546875  126.82595062255859  67.025505065917969
1910    57.000965118408203  153.07496643066406  43.331226348876953
1911    57.376865386962891  155.67994689941406  40.207263946533203
1912    2.0274767875671387  147.91897583007812  -57.799602508544922
1913    1.9242113828659058  154.00740051269531  -57.812065124511719
1914    6.8958611488342285  150.00944519042969  -57.398303985595703
1915    7.7064228057861328  155.16957092285156  -57.311088562011719
1916    3.8820176124572754  159.48373413085938  -57.655994415283203
1917    0.70001274347305298  133.28369140625  -57.896865844726562
1918    5.5187368392944336  134.96784973144531  -57.514823913574219
1919    4.674677848815918  130.15919494628906  -57.586166381835938
1920    11.657065391540527  122.86904907226562  -56.682823181152344
1921    13.892251968383789  128.03535461425781  -56.129928588867188
1922    16.150323867797852  123.059326171875  -55.489334106445312
1923    9.5288934707641602  131.54957580566406  -57.139385223388672
1924    10.50757884979248  136.442626953125  -56.999828338623047
1925    13.75806999206543  133.25422668457031  -56.170234680175781
1926    16.525356292724609  170.04385375976562  -55.389793395996094
1927    14.367384910583496  165.26882934570312  -56.001720428466797
1928    12.03319263458252  169.49656677246094  -56.601146697998047
1929    7.3642592430114746  168.95851135253906  -57.350006103515625
1930    10.019563674926758  173.78742980957031  -57.127998352050781
1931    -8.2361927032470703  105.32566833496094  64.979660034179688
1932    -6.1360101699829102  105.02542877197266  69.167800903320312
1933    43.559719085693359  124.20442962646484  60.983707427978516
1934    42.875198364257812  123.55451202392578  64.866287231445312
1935    39.77313232421875  120.6092529296875  60.983707427978516
1936    38.754680633544922  119.64293670654297  69.2537841796875
1937    39.337070465087891  120.19605255126953  65.225906372070312
1938    41.811138153076172  122.54424285888672  68.854820251464844
1939    43.559719085693359  124.20442962646484  72.816291809082031
1940    39.77313232421875  120.6092529296875  72.816291809082031
1941    31.709934234619141  114.21720123291016  65.093681335449219
1942    35.953460693359375  117.07209014892578  66.778556823730469
1943    33.340114593505859  115.28333282470703  69.204551696777344
1944    30.375373840332031  113.34439849853516  68.861495971679688
1945    31.616645812988281  114.15618896484375  72.816291809082031
1946    21.07878303527832  108.69862365722656  68.509536743164062
1947    24.434114456176758  110.11534881591797  68.615104675292969
1948    22.435214996337891  109.27033233642578  72.816291809082031
1949    27.24675178527832  111.29829406738281  72.816291809082031
1950    11.088623046875  105.79067230224609  68.513572692871094
1951    14.541884422302246  106.55789947509766  68.830619812011719
1952    12.526479721069336  106.11007690429688  72.816291809082031
1953    17.623678207397461  107.24237060546875  72.816291809082031
1954    2.211660623550415  104.77786254882812  60.983707427978516
1955    7.4292807579040527  104.977783203125  60.983707427978516
1956    3.009385347366333  104.81125640869141  64.917251586914062
1957    4.3094692230224609  104.85824584960938  69.083694458007812
1958    2.211660623550415  104.77786254882812  72.816291809082031
1959    7.4292807579040527  104.977783203125  72.816291809082031
1960    16.498844146728516  160.94224548339844  -55.447704315185547
1961    -8.1748561859130859  105.31689453125  72.816291809082031
1962    -3.0059595108032227  104.57794952392578  60.983707427978516
1963    -0.19060207903385162  104.68582153320312  64.077713012695312
1964    -27.466638565063477  111.64130401611328  72.816291809082031
1965    -17.829828262329102  107.55388641357422  68.681098937988281
1966    -39.253997802734375  119.80194854736328  60.983707427978516
1967    -35.410083770751953  116.81557464599609  64.87408447265625
1968    -39.164993286132812  119.74613189697266  66.931129455566406
1969    54.281745910644531  165.40415954589844  -20.208942413330078
1970    55.465927124023438  162.11337280273438  -16.450679779052734
1971    54.139064788818359  159.8758544921875  -20.530441284179688
1972    48.688331604003906  179.16191101074219  -31.384883880615234
1973    49.233039855957031  185.22404479980469  -30.661178588867188
1974    51.098190307617188  181.758056640625  -27.038127899169922
1975    51.114154815673828  176.37117004394531  -26.996793746948242
1976    52.993415832519531  173.70364379882812  -23.37841796875
1977    51.45928955078125  187.10585021972656  -26.306270599365234
1978    52.744533538818359  183.82218933105469  -23.814216613769531
1979    48.079067230224609  157.86505126953125  -32.302089691162109
1980    48.431751251220703  163.24974060058594  -31.766868591308594
1981    50.610363006591797  159.83441162109375  -28.095760345458984
1982    49.043308258056641  148.39688110351562  -30.752222061157227
1983    51.715328216552734  148.45021057128906  -25.96470832824707
1984    50.397655487060547  143.89488220214844  -28.53355598449707
1985    54.340793609619141  171.08883666992188  -19.986759185791016
1986    54.334430694580078  176.86219787597656  -19.968965530395508
1987    54.116859436035156  182.52719116210938  -20.622980117797852
1988    53.685543060302734  188.98765563964844  -21.951362609863281
1989    54.8978271484375  185.5963134765625  -18.119298934936523
1990    56.714248657226562  187.47512817382812  -11.884611129760742
1991    56.781085968017578  181.607177734375  -11.256409645080566
1992    55.929145812988281  185.33132934570312  -14.841742515563965
1993    55.146263122558594  191.00045776367188  -17.293298721313477
1994    52.972080230712891  105.05602264404297  -23.165922164916992
1995    54.896091461181641  104.35023498535156  -18.117328643798828
1996    53.156879425048828  127.08745574951172  -22.785388946533203
1997    51.125984191894531  124.35122680664062  -27.144557952880859
1998    54.014396667480469  154.4798583984375  -20.816852569580078
1999    52.658596038818359  152.13172912597656  -24.142116546630859
2000    52.865276336669922  138.42977905273438  -23.698726654052734
2001    51.310771942138672  140.10739135742188  -26.830768585205078
2002    52.720233917236328  162.50227355957031  -23.969175338745117
2003    57.217266082763672  103.80260467529297  -8.2731151580810547
2004    57.072902679443359  109.27659606933594  -9.0981273651123047
2005    56.377376556396484  104.46501922607422  -12.774274826049805
2006    56.576541900634766  117.09989929199219  -11.796270370483398
2007    56.492958068847656  152.42169189453125  -12.716080665588379
2008    57.128890991210938  149.02107238769531  -9.2241497039794922
2009    57.203277587890625  144.93653869628906  -8.4625062942504883
2010    57.277927398681641  134.55894470214844  -8.2547006607055664
2011    57.249156951904297  139.95196533203125  -8.4450407028198242
2012    57.301830291748047  177.30680847167969  -7.7417478561401367
2013    56.606986999511719  193.01325988769531  -12.635233879089355
2014    57.264316558837891  189.55964660644531  -7.8542189598083496
2015    57.264827728271484  195.09628295898438  -7.8146495819091797
2016    57.909832000732422  182.80531311035156  0.65189158916473389
2017    57.706031799316406  180.40708923339844  -4.284848690032959
2018    15.982338905334473  137.60368347167969  -55.573757171630859
2019    15.581526756286621  143.25727844238281  -55.69091796875
2020    20.545408248901367  140.92294311523438  -54.155361175537109
2021    21.251316070556641  170.69061279296875  -53.811473846435547
2022    19.075014114379883  165.77748107910156  -54.749309539794922
2023    7.9972572326660156  121.34919738769531  -57.226192474365234
2024    11.774237632751465  151.38471984863281  -56.620124816894531
2025    11.151339530944824  146.40959167480469  -56.851348876953125
2026    11.138885498046875  141.4638671875  -56.810970306396484
2027    6.285438060760498  139.87261962890625  -57.446235656738281
2028    19.289007186889648  127.37784576416016  -54.592803955078125
2029    18.087472915649414  132.1810302734375  -54.964500427246094
2030    22.800729751586914  131.65409851074219  -53.17437744140625
2031    21.496383666992188  161.56936645507812  -53.654769897460938
2032    23.827136993408203  166.4595947265625  -52.666397094726562
2033    26.651702880859375  161.62570190429688  -51.410449981689453
2034    23.6112060546875  175.68075561523438  -52.746444702148438
2035    25.842008590698242  171.5174560546875  -51.748722076416016
2036    23.014286041259766  112.94654083251953  -53.094482421875
2037    24.820037841796875  108.39366149902344  -52.182899475097656
2038    20.812984466552734  108.60531616210938  -54.097953796386719
2039    18.555330276489258  103.81261444091797  -54.774883270263672
2040    15.804744720458984  99.099998474121094  -55.54791259765625
2041    13.790829658508301  103.75067901611328  -56.130374908447266
2042    9.2262144088745117  103.6458740234375  -57.144302368164062
2043    3.9911127090454102  103.01350402832031  -57.633125305175781
2044    8.4403219223022461  126.56070709228516  -57.221343994140625
2045    -46.777503967285156  99.099998474121094  21.157758712768555
2046    16.051708221435547  152.873779296875  -55.555217742919922
2047    20.560878753662109  153.31500244140625  -54.032264709472656
2048    38.259342193603516  174.7659912109375  -43.35760498046875
2049    36.639659881591797  169.31465148925781  -44.899471282958984
2050    34.185108184814453  173.64375305175781  -46.610069274902344
2051    23.153484344482422  103.83500671386719  -52.970706939697266
2052    28.938636779785156  104.00111389160156  -50.067680358886719
2053    26.854402542114258  112.50428771972656  -51.164779663085938
2054    20.952016830444336  99.099998474121094  -54.083389282226562
2055    29.85112190246582  152.8385009765625  -49.565620422363281
2056    25.440546035766602  152.71803283691406  -51.963672637939453
2057    27.940330505371094  142.46707153320312  -50.719688415527344
2058    25.179004669189453  139.35028076171875  -52.073940277099609
2059    39.138721466064453  165.03623962402344  -42.568340301513672
2060    40.567188262939453  170.47514343261719  -41.172630310058594
2061    43.275871276855469  166.90766906738281  -38.349323272705078
2062    39.821617126464844  180.37478637695312  -41.883403778076172
2063    42.226371765136719  176.23931884765625  -39.570583343505859
2064    45.234081268310547  134.79031372070312  -36.186672210693359
2065    44.771396636962891  140.26744079589844  -36.776592254638672
2066    47.134365081787109  137.00865173339844  -33.609336853027344
2067    43.373443603515625  181.83403015136719  -38.506420135498047
2068    45.549800872802734  178.13717651367188  -35.585147857666016
2069    46.303241729736328  183.52903747558594  -34.58380126953125
2070    57.725639343261719  205.57107543945312  3.4151816368103027
2071    16.22642707824707  220.13877868652344  -44.074127197265625
2072    12.381951332092285  219.20014953613281  -46.227928161621094
2073    -21.129617691040039  226.21328735351562  -10.345311164855957
2074    -28.481651306152344  227.68302917480469  49.544994354248047
2075    -33.113876342773438  228.42741394042969  46.032333374023438
2076    -32.261428833007812  224.64117431640625  47.725303649902344
2077    -7.0725874900817871  233.975341796875  54.378147125244141
2078    17.284429550170898  224.16719055175781  -24.1875
2079    0.9537198543548584  217.82423400878906  -49.567962646484375
2080    -1.0984671115875244  215.42361450195312  -52.038276672363281
2081    -6.3223309516906738  215.28062438964844  -51.852096557617188
2082    53.555187225341797  191.19071960449219  -25.893144607543945
2083    -28.904504776000977  181.35610961914062  -50.406875610351562
2084    -55.725425720214844  193.42706298828125  -20.606513977050781
2085    -54.167942047119141  194.18193054199219  -20.974760055541992
2086    -53.885196685791016  191.44674682617188  -25.202810287475586
2087    27.221269607543945  180.94267272949219  -51.343124389648438
2088    24.418928146362305  179.04499816894531  -54.342491149902344
2089    23.329452514648438  180.11941528320312  -53.226776123046875
2090    19.480171203613281  178.14495849609375  -56.380367279052734
2091    29.854679107666016  174.79483032226562  -51.707836151123047
2092    37.366294860839844  182.35942077636719  -46.460731506347656
2093    38.741237640380859  177.48240661621094  -45.443988800048828
2094    19.609508514404297  225.61288452148438  56.330921173095703
2095    17.986812591552734  221.51066589355469  57.084640502929688
2096    43.241661071777344  179.30513000488281  -41.195560455322266
2097    11.309477806091309  171.83541870117188  -58.60693359375
2098    10.57315731048584  172.1292724609375  -57.486316680908203
2099    5.3651399612426758  171.67509460449219  -58.274372100830078
2100    56.640792846679688  163.6529541015625  -12.012136459350586
2101    56.608543395996094  158.08428955078125  -12.193854331970215
2102    51.235984802246094  109.11325836181641  -26.840553283691406
2103    57.355541229248047  165.52462768554688  -7.475517749786377
2104    57.356071472167969  159.72689819335938  -7.5423436164855957
2105    57.349620819091797  171.50352478027344  -7.4545888900756836
2106    57.771926879882812  111.03968048095703  -4.0370616912841797
2107    -32.185222625732422  175.89788818359375  -48.77178955078125
2108    -31.534412384033203  179.06851196289062  -48.742076873779297
2109    -34.697635650634766  179.93528747558594  -46.607536315917969
2110    27.408855438232422  216.52595520019531  48.832378387451172
2111    29.03327751159668  217.40422058105469  47.817218780517578
2112    23.405216217041016  217.51332092285156  51.109321594238281
2113    -14.020732879638672  223.77963256835938  54.833396911621094
2114    -11.774397850036621  223.53572082519531  55.172271728515625
2115    -46.449844360351562  113.96793365478516  -34.585979461669922
2116    -57.216350555419922  104.05139923095703  8.3349084854125977
2117    -57.782478332519531  117.74917602539062  -3.9736514091491699
2118    -57.599178314208984  154.75436401367188  -6.4308133125305176
2119    -57.261764526367188  164.72544860839844  -8.427241325378418
2120    -55.762432098388672  118.25753021240234  -15.811665534973145
2121    -55.894599914550781  112.52933502197266  -15.262881278991699
2122    -56.508930206298828  116.40435028076172  -12.173608779907227
2123    -57.304061889648438  132.92893981933594  -8.0053853988647461
2124    -57.250728607177734  127.28783416748047  -8.1987571716308594
2125    -52.317783355712891  104.36417388916016  -24.702224731445312
2126    -53.921321868896484  104.38768005371094  -20.712520599365234
2127    -50.661594390869141  152.79315185546875  -28.069328308105469
2128    -50.512802124023438  147.20501708984375  -28.263648986816406
2129    -52.2294921875  149.482666015625  -24.912933349609375
2130    -52.482780456542969  155.61904907226562  -24.282516479492188
2131    -53.615879058837891  151.47695922851562  -21.706470489501953
2132    -49.504611968994141  115.06671905517578  -29.807571411132812
2133    -47.146072387695312  119.56172180175781  -33.598217010498047
2134    -52.221569061279297  114.22274780273438  -24.995931625366211
2135    -52.071765899658203  119.00189971923828  -25.352306365966797
2136    -49.945671081542969  119.71794891357422  -29.11174201965332
2137    -57.828868865966797  114.61842346191406  0.89431750774383545
2138    -45.500396728515625  162.81501770019531  -35.829559326171875
2139    -42.611904144287109  163.96951293945312  -39.073688507080078
2140    -37.326499938964844  148.84527587890625  -44.239482879638672
2141    -40.765213012695312  151.85014343261719  -40.994907379150391
2142    -37.135040283203125  154.46531677246094  -44.412460327148438
2143    -33.948127746582031  113.49008941650391  -46.758426666259766
2144    -35.469528198242188  108.68106842041016  -45.600833892822266
2145    -37.427600860595703  113.46246337890625  -44.058334350585938
2146    -32.119705200195312  118.24655914306641  -48.13714599609375
2147    -30.141651153564453  113.44973754882812  -49.400279998779297
2148    -38.959606170654297  108.63895416259766  -42.835781097412109
2149    -32.835590362548828  172.89555358886719  -47.570106506347656
2150    -31.329996109008789  167.99568176269531  -48.646778106689453
2151    -36.050472259521484  169.04302978515625  -45.233043670654297
2152    -29.781789779663086  145.20672607421875  -49.728507995605469
2153    -29.822658538818359  140.44758605957031  -49.703968048095703
2154    -33.143959045410156  142.52522277832031  -47.373138427734375
2155    -33.145103454589844  147.37873840332031  -47.365409851074219
2156    -29.899219512939453  122.76616668701172  -49.648937225341797
2157    -33.765487670898438  123.44161987304688  -46.913631439208984
2158    -25.442913055419922  122.31103515625  -51.868255615234375
2159    -27.928869247436523  118.06673431396484  -50.624362945556641
2160    -19.97429084777832  114.44145202636719  -54.353366851806641
2161    -21.570894241333008  109.28407287597656  -53.769191741943359
2162    -24.938100814819336  113.54946899414062  -52.107349395751953
2163    -24.593250274658203  150.93861389160156  -52.299297332763672
2164    -26.466985702514648  147.22804260253906  -51.378620147705078
2165    -29.440872192382812  149.83610534667969  -49.893497467041016
2166    12.990557670593262  221.74653625488281  57.171279907226562
2167    17.174089431762695  221.17254638671875  56.449821472167969
2168    12.353554725646973  221.73696899414062  57.804775238037109
2169    -50.900238037109375  209.72422790527344  28.076194763183594
2170    -49.116348266601562  211.20901489257812  31.48267936706543
2171    -18.510858535766602  223.28753662109375  53.691707611083984
2172    -17.756776809692383  223.68028259277344  55.261688232421875
2173    10.359277725219727  224.46369934082031  57.087642669677734
2174    16.075645446777344  223.88978576660156  55.749984741210938
2175    55.557563781738281  205.06358337402344  11.412147521972656
2176    19.159042358398438  219.70327758789062  52.884487152099609
2177    20.528308868408203  222.73533630371094  52.664882659912109
2178    29.798389434814453  216.20733642578125  47.776729583740234
2179    31.412492752075195  215.53858947753906  46.555435180664062
2180    -50.522556304931641  206.59535217285156  25.44477653503418
2181    -50.139766693115234  206.25529479980469  24.859115600585938
2182    -50.838691711425781  205.605712890625  23.357576370239258
2183    49.866977691650391  113.28064727783203  -29.211250305175781
2184    47.387950897216797  112.16522216796875  -33.238170623779297
2185    48.161952972412109  117.3602294921875  -32.002670288085938
2186    -52.417327880859375  111.47823333740234  24.529090881347656
2187    -56.621730804443359  107.76723480224609  11.608081817626953
2188    -55.692138671875  108.17026519775391  15.961532592773438
2189    -56.519580841064453  112.31735229492188  12.261103630065918
2190    -15.788981437683105  209.59036254882812  74.400001525878906
2191    -54.482578277587891  167.31941223144531  74.400001525878906
2192    -29.469106674194336  212.21212768554688  74.400001525878906
2193    28.078607559204102  145.53544616699219  74.400001525878906
2194    -11.093561172485352  126.62921142578125  74.400001525878906
2195    14.849641799926758  139.74508666992188  74.400001525878906
2196    5.9508633613586426  125.68585205078125  74.400001525878906
2197    7.3139772415161133  130.98484802246094  74.400001525878906
2198    53.523529052734375  140.17466735839844  74.400001525878906
2199    55.123138427734375  145.30158996582031  74.400001525878906
2200    -5.3174152374267578  136.28486633300781  74.400001525878906
2201    38.834819793701172  144.85469055175781  74.400001525878906
2202    37.722278594970703  140.39468383789062  74.400001525878906
2203    16.595277786254883  112.55922698974609  74.400001525878906
2204    11.145951271057129  110.50924682617188  74.400001525878906
2205    16.265613555908203  106.83485412597656  74.400001525878906
2206    -12.240644454956055  219.03662109375  74.400001525878906
2207    0.82726198434829712  208.52799987792969  74.400001525878906
2208    -18.500827789306641  181.90165710449219  74.400001525878906
2209    -15.081906318664551  177.17466735839844  74.400001525878906
2210    16.142562866210938  195.43865966796875  74.400001525878906
2211    20.380683898925781  197.29510498046875  74.400001525878906
2212    26.062965393066406  197.69326782226562  74.400001525878906
2213    21.411375045776367  193.31611633300781  74.400001525878906
2214    28.903800964355469  174.39971923828125  74.400001525878906
2215    24.424087524414062  177.58036804199219  74.400001525878906
2216    42.708137512207031  183.42788696289062  74.400001525878906
2217    -18.474832534790039  167.5201416015625  74.400001525878906
2218    -23.376182556152344  167.54112243652344  74.400001525878906
2219    -21.185014724731445  162.60676574707031  74.400001525878906
2220    43.220329284667969  200.88644409179688  74.400001525878906
2221    40.196666717529297  198.49615478515625  74.400001525878906
2222    41.335224151611328  203.18659973144531  73.599998474121094
2223    56.030044555664062  176.70060729980469  60.983707427978516
2224    54.852397918701172  181.34713745117188  60.983707427978516
2225    57.748882293701172  165.36029052734375  64.589813232421875
2226    57.207687377929688  172.0540771484375  60.983707427978516
2227    57.405857086181641  169.58781433105469  63.669307708740234
2228    -12.851365089416504  219.01458740234375  72.918174743652344
2229    -18.570035934448242  217.29360961914062  72.959327697753906
2230    -14.521144866943359  218.29426574707031  72.969078063964844
2231    45.063877105712891  199.01362609863281  73.599998474121094
2232    48.381340026855469  194.48822021484375  73.599998474121094
2233    -48.069942474365234  130.50520324707031  74.400001525878906
2234    -28.224050521850586  151.10287475585938  74.400001525878906
2235    -31.922512054443359  147.11968994140625  74.400001525878906
2236    -26.1827392578125  147.23391723632812  74.400001525878906
2237    -43.043014526367188  139.83390808105469  74.400001525878906
2238    -23.00731086730957  132.93057250976562  74.400001525878906
2239    -19.683877944946289  128.55586242675781  74.400001525878906
2240    15.070713996887207  118.43706512451172  74.400001525878906
2241    -11.633294105529785  109.25231170654297  74.400001525878906
2242    -15.847498893737793  106.97322082519531  74.400001525878906
2243    -10.687044143676758  105.50031280517578  74.400001525878906
2244    -56.812042236328125  176.48692321777344  19.744518280029297
2245    29.971576690673828  113.04830169677734  55.457775115966797
2246    27.207433700561523  111.12095642089844  52.502334594726562
2247    40.805431365966797  117.109130859375  41.266128540039062
2248    57.990039825439453  162.50566101074219  20.805303573608398
2249    57.845973968505859  158.08280944824219  16.487632751464844
2250    57.964950561523438  164.01069641113281  15.917981147766113
2251    57.728523254394531  156.80551147460938  26.715925216674805
2252    57.773227691650391  157.56716918945312  22.31861686706543
2253    57.92254638671875  161.43086242675781  26.28631591796875
2254    57.379508972167969  153.25039672851562  19.796394348144531
2255    57.234035491943359  153.30146789550781  24.845853805541992
2256    37.560211181640625  118.64662933349609  53.855712890625
2257    43.315425872802734  124.33930206298828  51.051605224609375
2258    40.864601135253906  121.51845550537109  48.354843139648438
2259    -57.987663269042969  162.58879089355469  7.7053780555725098
2260    -57.982574462890625  163.31632995605469  12.547276496887207
2261    -57.843814849853516  166.43490600585938  16.112462997436523
2262    -54.127384185791016  183.10923767089844  50.211807250976562
2263    -44.697067260742188  199.08222961425781  60
2264    -55.925689697265625  147.32208251953125  35.613792419433594
2265    -57.486705780029297  171.76727294921875  18.264760971069336
2266    -56.164669036865234  177.73741149902344  24.860378265380859
2267    2.1014363765716553  115.01866149902344  -57.815486907958984
2268    1.8183629512786865  107.82782745361328  -57.832469940185547
2269    -2.4471313953399658  112.8477783203125  -57.805309295654297
2270    32.672985076904297  148.40191650390625  -47.743251800537109
2271    26.207128524780273  125.82542419433594  -51.537796020507812
2272    25.849586486816406  120.71766662597656  -51.699012756347656
2273    21.210201263427734  123.25843048095703  -53.756752014160156
2274    40.430896759033203  150.09527587890625  -41.399677276611328
2275    35.355442047119141  163.99864196777344  -45.817195892333984
2276    47.231414794921875  152.40956115722656  -33.451393127441406
2277    52.529056549072266  156.98652648925781  -24.370416641235352
2278    -2.3472607135772705  220.40980529785156  72.918174743652344
2279    -8.185546875  219.77287292480469  72.959327697753906
2280    -1.9713188409805298  220.13107299804688  72.97845458984375
2281    57.529937744140625  157.29974365234375  60.983707427978516
2282    35.986541748046875  117.01408386230469  72.816291809082031
2283    -11.64484977722168  149.98402404785156  -56.763668060302734
2284    -14.678388595581055  146.68983459472656  -55.921726226806641
2285    -10.47166919708252  219.29246520996094  60.812637329101562
2286    -16.101163864135742  217.9404296875  60.82421875
2287    -12.851365089416504  219.01458740234375  60.881820678710938
2288    10.47166919708252  105.70754241943359  60.812637329101562
2289    16.101163864135742  107.05957794189453  60.82421875
2290    12.851365089416504  105.98541259765625  60.881820678710938
2291    -57.915409088134766  160.69595336914062  16.325613021850586
2292    -57.920345306396484  159.04287719726562  12.175249099731445
2293    -54.014087677001953  141.36972045898438  60
2294    -55.431221008300781  145.16452026367188  30.715269088745117
2295    -54.856285095214844  143.88517761230469  56.718978881835938
2296    -53.757087707519531  140.88861083984375  47.713916778564453
2297    -56.796108245849609  145.15406799316406  15.776119232177734
2298    -56.428688049316406  146.59600830078125  20.900239944458008
2299    -57.290958404541016  150.43780517578125  16.66917610168457
2300    57.820480346679688  113.06351470947266  0.49448725581169128
2301    57.816108703613281  115.96475982666016  4.3066353797912598
2302    57.475048065185547  119.20329284667969  6.991520881652832
2303    51.833686828613281  113.31296539306641  25.817403793334961
2304    52.656730651855469  199.79008483886719  24.138755798339844
2305    57.752582550048828  99.099998474121094  0
2306    42.581390380859375  221.92425537109375  -25.42646598815918
2307    40.200565338134766  221.09626770019531  -29.571508407592773
2308    -0.88478559255599976  233.75102233886719  55.423061370849609
2309    35.122516632080078  143.79891967773438  -45.99420166015625
2310    33.278957366943359  138.57148742675781  -47.368576049804688
2311    31.181648254394531  143.14996337890625  -48.759559631347656
2312    56.567745208740234  148.55390930175781  23.016141891479492
2313    26.485889434814453  134.71971130371094  -51.356483459472656
2314    21.615913391113281  135.82418823242188  -53.713336944580078
2315    29.253908157348633  138.26826477050781  -50.027660369873047
2316    36.688587188720703  149.19326782226562  -44.831306457519531
2317    39.059223175048828  144.51742553710938  -42.718727111816406
2318    31.059324264526367  133.36244201660156  -48.826656341552734
2319    34.944988250732422  134.41950988769531  -46.099666595458984
2320    42.675430297851562  145.41026306152344  -39.099864959716797
2321    44.012275695800781  151.26438903808594  -37.650814056396484
2322    46.153396606445312  147.31672668457031  -34.915534973144531
2323    44.582820892333984  130.10174560546875  -36.954277038574219
2324    42.869937896728516  134.84542846679688  -38.8541259765625
2325    49.335212707519531  138.67538452148438  -30.203985214233398
2326    54.258876800537109  136.0709228515625  -20.067224502563477
2327    54.467094421386719  141.24375915527344  -19.449478149414062
2328    55.512973785400391  138.59402465820312  -16.449365615844727
2329    52.850811004638672  132.83729553222656  -23.694940567016602
2330    54.407054901123047  130.533447265625  -19.618186950683594
2331    -25.269353866577148  156.25410461425781  -51.969379425048828
2332    -52.686988830566406  178.30220031738281  -23.713375091552734
2333    -54.759700775146484  176.05160522460938  -18.722126007080078
2334    -55.342117309570312  103.66352081298828  -17.00523567199707
2335    -54.036308288574219  131.08375549316406  -20.521369934082031
2336    -52.788078308105469  127.61920166015625  -23.693487167358398
2337    -54.3660888671875  126.06502532958984  -19.675540924072266
2338    -51.447185516357422  124.01699829101562  -26.679039001464844
2339    -48.1561279296875  124.72594451904297  -31.969837188720703
2340    -47.298931121826172  141.87004089355469  -33.269371032714844
2341    -50.090038299560547  142.15274047851562  -28.951938629150391
2342    -48.954296112060547  137.55149841308594  -30.773284912109375
2343    -47.563655853271484  132.73263549804688  -32.932643890380859
2344    -50.051002502441406  133.06976318359375  -28.988132476806641
2345    -37.882606506347656  134.2021484375  -43.801120758056641
2346    -39.560451507568359  139.11477661132812  -42.239891052246094
2347    -44.893203735351562  131.53427124023438  -36.553543090820312
2348    -36.914627075195312  159.42787170410156  -44.595066070556641
2349    -40.432117462158203  157.318115234375  -41.310787200927734
2350    -40.035755157470703  162.30642700195312  -41.736087799072266
2351    -33.319194793701172  156.5958251953125  -47.215534210205078
2352    -25.828775405883789  161.68238830566406  -51.694339752197266
2353    -57.39599609375  138.55857849121094  -7.6365060806274414
2354    -57.485626220703125  144.08872985839844  -7.2103571891784668
2355    -56.608940124511719  141.91151428222656  -11.737600326538086
2356    -12.632617950439453  155.1298828125  -56.501522064208984
2357    -19.436016082763672  148.80775451660156  -54.516136169433594
2358    -12.047663688659668  132.07899475097656  -56.655864715576172
2359    -12.81528377532959  127.21858215332031  -56.428291320800781
2360    -16.534692764282227  130.12977600097656  -55.376873016357422
2361    -9.0539693832397461  124.4150390625  -57.199321746826172
2362    -9.8288602828979492  119.25232696533203  -57.119968414306641
2363    -13.345287322998047  122.20278930664062  -56.2728271484375
2364    -5.3264636993408203  121.44754028320312  -57.577892303466797
2365    -4.7689871788024902  126.58021545410156  -57.644931793212891
2366    -4.0396842956542969  131.31004333496094  -57.718883514404297
2367    -3.3921401500701904  136.12173461914062  -57.8082275390625
2368    -49.10223388671875  99.099998474121094  30.402816772460938
2369    -51.919471740722656  99.099998474121094  25.852825164794922
2370    -49.783798217773438  99.099998474121094  23.935333251953125
2371    -43.428760528564453  99.099998474121094  5.7897434234619141
2372    -29.327688217163086  178.97137451171875  -49.121795654296875
2373    -33.44683837890625  180.26480102539062  -46.121047973632812
2374    -46.999134063720703  210.24728393554688  30.861150741577148
2375    -45.446247100830078  210.80258178710938  32.501388549804688
2376    -51.962882995605469  205.36659240722656  22.571348190307617
2377    -50.438125610351562  206.93211364746094  25.908243179321289
2378    -45.522403717041016  210.11044311523438  33.588352203369141
2379    -47.422737121582031  209.00567626953125  31.002494812011719
2380    -45.389579772949219  210.40995788574219  33.984958648681641
2381    -50.090335845947266  110.74651336669922  29.014686584472656
2382    -54.054176330566406  113.56737518310547  20.562725067138672
2383    -57.527572631835938  113.84584808349609  6.5521807670593262
2384    -55.815650939941406  116.21563720703125  15.439560890197754
2385    -57.769496917724609  135.27787780761719  -3.8575634956359863
2386    -57.964481353759766  143.24761962890625  1.1724811792373657
2387    -57.947292327880859  148.30641174316406  3.380079984664917
2388    -57.839565277099609  146.66517639160156  -1.8296277523040771
2389    -57.788059234619141  140.96134948730469  -3.3472464084625244
2390    -56.706016540527344  147.07215881347656  -11.405003547668457
2391    -56.830825805664062  152.50224304199219  -10.744052886962891
2392    -56.576633453369141  131.09536743164062  -11.932639122009277
2393    40.624546051025391  99.099998474121094  12.48115062713623
2394    43.781497955322266  99.099998474121094  15.290512084960938
2395    39.232711791992188  99.099998474121094  16.480562210083008
2396    17.054847717285156  99.099998474121094  -51.002475738525391
2397    -5.9576828062915532e-13  99.099998474121094  -58
2398    32.587696075439453  99.099998474121094  -26.493246078491211
2399    36.164772033691406  99.099998474121094  -23.141391754150391
2400    31.776809692382812  99.099998474121094  -21.581829071044922
2401    16.736698150634766  99.099998474121094  -4.3202691078186035
2402    19.262100219726562  99.099998474121094  0.12021583318710327
2403    13.250460624694824  99.099998474121094  -0.3912985622882843
2404    15.367251396179199  99.099998474121094  -32.374176025390625
2405    20.485527038574219  99.099998474121094  -30.959501266479492
2406    16.824581146240234  99.099998474121094  -28.155487060546875
2407    -3.9773397445678711  99.099998474121094  33.933719635009766
2408    -0.41690158843994141  99.099998474121094  29.870576858520508
2409    -8.4860877990722656  99.099998474121094  -40.213542938232422
2410    -4.8511772155761719  99.099998474121094  -35.611160278320312
2411    -9.6164646148681641  99.099998474121094  -34.335620880126953
2412    -13.016913414001465  99.099998474121094  -38.937690734863281
2413    -14.792064666748047  99.099998474121094  -33.126602172851562
2414    -7.7809491157531738  99.099998474121094  -46.105400085449219
2415    -11.8885498046875  99.099998474121094  -44.352481842041016
2416    35.672695159912109  99.099998474121094  -19.335786819458008
2417    32.654190063476562  99.099998474121094  -16.924427032470703
2418    44.370048522949219  99.099998474121094  10.550697326660156
2419    -3.8717014789581299  99.099998474121094  -47.042335510253906
2420    -3.6291544437408447  99.099998474121094  -41.856765747070312
2421    42.914955139160156  99.099998474121094  21.079347610473633
2422    38.138805389404297  99.099998474121094  20.989143371582031
2423    30.623025894165039  99.099998474121094  -34.215358734130859
2424    33.691944122314453  99.099998474121094  -31.387325286865234
2425    29.081361770629883  99.099998474121094  -30.049793243408203
2426    25.267665863037109  99.099998474121094  -34.289802551269531
2427    24.816316604614258  99.099998474121094  -28.409049987792969
2428    13.71687126159668  99.099998474121094  -47.734256744384766
2429    -17.990987777709961  143.498291015625  -54.951992034912109
2430    -8.4780664443969727  129.23651123046875  -57.295494079589844
2431    -17.428609848022461  119.14723205566406  -55.099269866943359
2432    -6.2586331367492676  115.94804382324219  -57.4757080078125
2433    -1.3310697078704834  159.39765930175781  -57.931259155273438
2434    0.56176447868347168  164.04150390625  -57.951099395751953
2435    -22.109184265136719  99.099998474121094  45.350238800048828
2436    -17.261283874511719  99.099998474121094  46.819442749023438
2437    -54.008369445800781  99.099998474121094  -1.876345157623291
2438    -42.282302856445312  99.099998474121094  24.357847213745117
2439    -45.732189178466797  99.099998474121094  26.918193817138672
2440    4.3740477561950684  99.099998474121094  0.89784330129623413
2441    5.3313760757446289  99.099998474121094  5.7391462326049805
2442    1.3155463933944702  99.099998474121094  4.844367504119873
2443    -5.5245242118835449  99.099998474121094  28.620939254760742
2444    -1.7788816690444946  99.099998474121094  24.255638122558594
2445    53.772590637207031  99.099998474121094  -1.7016216516494751
2446    -52.896461486816406  99.099998474121094  -7.0559663772583008
2447    -57.752582550048828  99.099998474121094  -5.351564884185791
2448    -31.482316970825195  99.099998474121094  -17.23187255859375
2449    -32.363906860351562  99.099998474121094  -22.033393859863281
2450    -27.053756713867188  99.099998474121094  -19.876283645629883
2451    -28.337285995483398  99.099998474121094  24.009714126586914
2452    -26.174934387207031  99.099998474121094  19.461082458496094
2453    -36.150806427001953  99.099998474121094  -17.792594909667969
2454    -28.173498153686523  99.099998474121094  -14.349642753601074
2455    -23.680171966552734  99.099998474121094  -16.426990509033203
2456    -14.78950309753418  99.099998474121094  31.600437164306641
2457    -17.767059326171875  99.099998474121094  37.004581451416016
2458    -29.113176345825195  99.099998474121094  28.151016235351562
2459    -39.447597503662109  99.099998474121094  -28.524387359619141
2460    -35.534469604492188  99.099998474121094  -27.553138732910156
2461    -37.50885009765625  99.099998474121094  -22.69898796081543
2462    43.841712951660156  99.099998474121094  30.916088104248047
2463    20.16094970703125  216.57476806640625  74.400001525878906
2464    5.1188316345214844  121.39328765869141  74.400001525878906
2465    24.644874572753906  114.79743957519531  74.400001525878906
2466    -11.636941909790039  206.02452087402344  74.400001525878906
2467    -15.872655868530273  203.94255065917969  74.400001525878906
2468    -27.107507705688477  192.97547912597656  74.400001525878906
2469    -34.32928466796875  198.32267761230469  74.400001525878906
2470    21.682554244995117  130.1148681640625  74.400001525878906
2471    22.828439712524414  125.39236450195312  74.400001525878906
2472    -5.6546268463134766  193.97334289550781  74.400001525878906
2473    51.992584228515625  178.75822448730469  74.400001525878906
2474    55.246974945068359  180.13316345214844  74.400001525878906
2475    53.145114898681641  185.080322265625  74.400001525878906
2476    -0.14063045382499695  181.90463256835938  74.400001525878906
2477    5.8683381080627441  172.59176635742188  74.400001525878906
2478    0.62827813625335693  172.67269897460938  74.400001525878906
2479    3.4566712379455566  168.37394714355469  74.400001525878906
2480    30.339933395385742  189.39582824707031  74.400001525878906
2481    32.055721282958984  185.7513427734375  74.400001525878906
2482    35.737827301025391  189.96908569335938  74.400001525878906
2483    35.986541748046875  117.01408386230469  60.983707427978516
2484    27.700563430786133  111.59508514404297  66.438179016113281
2485    42.502613067626953  201.67333984375  60.983707427978516
2486    -57.529937744140625  167.70025634765625  60.983707427978516
2487    -55.664932250976562  177.93215942382812  60.983707427978516
2488    -51.995384216308594  187.66378784179688  60.983707427978516
2489    -46.640251159667969  196.57966613769531  60.983707427978516
2490    -39.77313232421875  204.3907470703125  60.983707427978516
2491    -31.616645812988281  210.84381103515625  60.983707427978516
2492    -2.211660623550415  220.22213745117188  60.983707427978516
2493    -7.4292807579040527  220.022216796875  60.983707427978516
2494    8.1748561859130859  219.68310546875  60.983707427978516
2495    18.296360015869141  217.29031372070312  60.983707427978516
2496    27.466638565063477  213.35868835449219  60.983707427978516
2497    35.469154357910156  208.13946533203125  60.983707427978516
2498    -42.932476043701172  130.47525024414062  74.400001525878906
2499    -39.568290710449219  135.3148193359375  74.400001525878906
2500    -45.096630096435547  126.03790283203125  74.400001525878906
2501    -56.329193115234375  149.58834838867188  74.400001525878906
2502    -55.246974945068359  144.86683654785156  74.400001525878906
2503    -50.950687408447266  147.32374572753906  74.400001525878906
2504    4.0974788665771484  104.87178039550781  74.400001525878906
2505    -48.138534545898438  184.96112060546875  74.400001525878906
2506    -40.501056671142578  188.63969421386719  74.400001525878906
2507    -16.657936096191406  111.28681945800781  74.400001525878906
2508    41.275768280029297  136.65681457519531  74.400001525878906
2509    43.38507080078125  131.7611083984375  74.400001525878906
2510    1.4574762582778931  143.78923034667969  74.400001525878906
2511    0.073601089417934418  138.74031066894531  74.400001525878906
2512    -13.935894966125488  222.09210205078125  56.449138641357422
2513    -18.564807891845703  221.59445190429688  55.307613372802734
2514    -22.897315979003906  220.78538513183594  53.451461791992188
2515    -22.971519470214844  221.07038879394531  53.624790191650391
2516    -35.233436584472656  217.75460815429688  46.498073577880859
2517    -33.945472717285156  220.17630004882812  47.095481872558594
2518    -31.231632232666016  218.86546325683594  49.04669189453125
2519    -38.509334564208984  218.61570739746094  43.458827972412109
2520    -42.773399353027344  214.78132629394531  39.6771240234375
2521    -42.170276641845703  217.09889221191406  39.924785614013672
2522    -39.00341796875  216.26797485351562  43.087600708007812
2523    -45.944873809814453  212.99517822265625  35.579902648925781
2524    -58.037315368652344  196.33744812011719  -2.6393699645996094
2525    -57.859676361083984  197.52001953125  -5.6749238967895508
2526    -57.884613037109375  200.04385375976562  -0.085581272840499878
2527    -57.792728424072266  194.00003051757812  -8.0023107528686523
2528    -56.637340545654297  191.8092041015625  -13.029800415039062
2529    -57.270263671875  195.69088745117188  -9.9357089996337891
2530    -9.3069820404052734  222.58976745605469  57.590663909912109
2531    -12.294672012329102  224.30586242675781  56.684619903564453
2532    -38.934112548828125  178.5474853515625  -43.459995269775391
2533    -38.9315185546875  181.38029479980469  -43.24456787109375
2534    -42.513404846191406  180.22224426269531  -39.617286682128906
2535    -28.354518890380859  178.12567138671875  -50.818904876708984
2536    -30.586692810058594  175.83364868164062  -49.6878662109375
2537    -25.94575309753418  174.82383728027344  -52.005298614501953
2538    -21.304813385009766  173.81402587890625  -54.322731018066406
2539    -23.075160980224609  176.65895080566406  -53.546699523925781
2540    0.23494774103164673  222.38201904296875  58.638065338134766
2541    6.566462516784668  222.16433715820312  58.737751007080078
2542    0.47486123442649841  222.33059692382812  59.246395111083984
2543    18.097116470336914  221.13908386230469  55.768871307373047
2544    17.993999481201172  221.5733642578125  55.259239196777344
2545    22.857154846191406  220.88386535644531  53.677597045898438
2546    29.285064697265625  218.98063659667969  50.559173583984375
2547    27.435970306396484  219.81414794921875  51.223342895507812
2548    32.014785766601562  218.74441528320312  48.769084930419922
2549    27.464174270629883  219.31321716308594  52.246078491210938
2550    22.795263290405273  220.37982177734375  54.013072967529297
2551    38.888923645019531  215.99153137207031  43.827518463134766
2552    40.174190521240234  215.92752075195312  42.306533813476562
2553    -58.460674285888672  194.21797180175781  -5.9748992919921875
2554    -58.359043121337891  195.04087829589844  -4.5175504684448242
2555    -58.980545043945312  196.31428527832031  -1.1114506721496582
2556    -27.229825973510742  219.976318359375  51.595314025878906
2557    -21.168176651000977  220.65910339355469  54.655254364013672
2558    -19.580873489379883  220.88957214355469  55.903205871582031
2559    -15.522756576538086  221.44873046875  56.471786499023438
2560    -14.648942947387695  221.43611145019531  57.171192169189453
2561    -10.447988510131836  221.96969604492188  57.686347961425781
2562    -5.5344505310058594  222.26776123046875  58.374343872070312
2563    -4.6210756301879883  222.1566162109375  58.842788696289062
2564    -9.7170124053955078  221.98265075683594  58.439178466796875
2565    -4.6534910202026367  222.75338745117188  57.965904235839844
2566    1.7132857632606857e-11  222.9169921875  58.341140747070312
2567    -45.832420349121094  181.27638244628906  -36.335910797119141
2568    -49.605293273925781  182.71478271484375  -33.250297546386719
2569    -45.689350128173828  180.815185546875  -37.069339752197266
2570    -48.644386291503906  182.99591064453125  -32.360359191894531
2571    43.436542510986328  214.328125  38.637458801269531
2572    42.532608032226562  214.44725036621094  40.317924499511719
2573    -57.940803527832031  192.12165832519531  -10.838347434997559
2574    -57.689628601074219  192.74209594726562  -9.8306503295898438
2575    -58.538318634033203  197.27870178222656  0.65415185689926147
2576    -56.205070495605469  204.11700439453125  16.455867767333984
2577    -56.903366088867188  203.19711303710938  14.856725692749023
2578    -57.385951995849609  202.03373718261719  11.642197608947754
2579    -55.564884185791016  205.4476318359375  20.077911376953125
2580    -55.40020751953125  205.15144348144531  17.584344863891602
2581    -56.927028656005859  203.05329895019531  12.769972801208496
2582    -48.063243865966797  211.46847534179688  34.046260833740234
2583    -47.022960662841797  212.12631225585938  34.958385467529297
2584    -45.008670806884766  213.34176635742188  38.392303466796875
2585    -51.117816925048828  209.59516906738281  29.700220108032227
2586    -49.723766326904297  210.39111328125  30.949699401855469
2587    -43.742282867431641  213.87588500976562  38.998489379882812
2588    -0.45158404111862183  224.236083984375  57.953659057617188
2589    42.139320373535156  217.11288452148438  39.957401275634766
2590    56.165496826171875  189.89224243164062  -16.417995452880859
2591    57.4295654296875  192.12802124023438  -11.250024795532227
2592    55.345279693603516  188.09542846679688  -20.179178237915039
2593    54.399673461914062  187.67608642578125  -21.540794372558594
2594    55.395912170410156  189.81394958496094  -17.608327865600586
2595    53.867942810058594  187.71623229980469  -22.422214508056641
2596    48.244388580322266  182.44407653808594  -33.290328979492188
2597    45.937511444091797  181.97309875488281  -35.600013732910156
2598    45.238716125488281  180.58000183105469  -37.614990234375
2599    51.25006103515625  184.30815124511719  -28.965665817260742
2600    49.605632781982422  183.59194946289062  -30.982330322265625
2601    4.6534337997436523  172.22169494628906  -57.976387023925781
2602    4.6073794364929199  175.03923034667969  -58.001457214355469
2603    -2.304822999121825e-13  172.05813598632812  -58.351615905761719
2604    9.3068675994873047  172.38525390625  -57.601154327392578
2605    10.316781997680664  175.35931396484375  -57.258312225341797
2606    53.535285949707031  189.97653198242188  -22.950067520141602
2607    51.488574981689453  185.73724365234375  -26.963232040405273
2608    54.770442962646484  191.55686950683594  -19.556718826293945
2609    56.923885345458984  191.91166687011719  -12.794442176818848
2610    56.268970489501953  193.74497985839844  -14.490776062011719
2611    57.6025390625  194.1005859375  -7.771721363067627
2612    57.323787689208984  195.78398132324219  -9.7166318893432617
2613    55.854751586914062  204.83427429199219  16.856151580810547
2614    45.486545562744141  215.46110534667969  36.108993530273438
2615    46.698894500732422  212.72871398925781  34.968387603759766
2616    22.473661422729492  222.95703125  53.459754943847656
2617    19.274642944335938  223.42340087890625  54.604843139648438
2618    -41.958248138427734  182.64143371582031  -40.309368133544922
2619    42.765815734863281  180.18794250488281  -39.695781707763672
2620    41.493019104003906  178.97000122070312  -41.350196838378906
2621    42.680946350097656  214.33329772949219  40.692657470703125
2622    39.363597869873047  215.84286499023438  44.194850921630859
2623    46.2412109375  212.57247924804688  35.988182067871094
2624    47.934886932373047  211.57798767089844  33.691211700439453
2625    48.736534118652344  211.07432556152344  33.131843566894531
2626    45.998294830322266  212.82373046875  37.190464019775391
2627    53.965110778808594  206.89373779296875  21.581342697143555
2628    56.312767028808594  203.95344543457031  16.077848434448242
2629    56.78375244140625  203.45745849609375  15.460714340209961
2630    57.569957733154297  201.62054443359375  10.68741512298584
2631    57.964004516601562  200.38311767578125  6.6430253982543945
2632    58.484462738037109  196.26202392578125  -1.8179337978363037
2633    58.557037353515625  194.65107727050781  -4.970099925994873
2634    58.995342254638672  196.7611083984375  -0.074832312762737274
2635    53.160190582275391  186.42535400390625  -24.431987762451172
2636    53.29766845703125  186.2017822265625  -24.572422027587891
2637    51.921897888183594  185.33457946777344  -26.953561782836914
2638    49.109207153320312  183.75825500488281  -31.504249572753906
2639    -34.45404052734375  217.5145263671875  47.396839141845703
2640    37.747322082519531  177.3599853515625  -45.085403442382812
2641    24.433944702148438  173.86585998535156  -53.191780090332031
2642    29.167913436889648  174.79922485351562  -51.026371002197266
2643    22.913280487060547  173.72744750976562  -53.790618896484375
2644    22.896453857421875  174.18890380859375  -53.462303161621094
2645    18.563945770263672  173.38011169433594  -55.318367004394531
2646    19.699977874755859  172.9324951171875  -55.357192993164062
2647    2.6073637008666992  171.73287963867188  -58.402957916259766
2648    51.474773406982422  209.32492065429688  29.073226928710938
2649    58.449165344238281  198.45050048828125  3.3620939254760742
2650    58.5306396484375  199.07633972167969  5.2965068817138672
2651    57.903408050537109  200.75418090820312  8.6854944229125977
2652    39.101699829101562  216.44473266601562  45.293987274169922
2653    -59.775768280029297  196.77520751953125  -0.49831691384315491
2654    -59.464706420898438  194.37802124023438  -6.0809779167175293
2655    23.252710342407227  220.27291870117188  54.472572326660156
2656    22.116813659667969  220.87007141113281  55.596923828125
2657    -56.6324462890625  190.09632873535156  -15.537101745605469
2658    -55.324089050292969  188.07099914550781  -20.235855102539062
2659    27.445199966430664  219.83445739746094  53.183601379394531
2660    31.609216690063477  218.81712341308594  50.815898895263672
2661    -51.182285308837891  184.25714111328125  -29.084012985229492
2662    -54.264167785644531  186.2535400390625  -25.005474090576172
2663    -51.993267059326172  184.35682678222656  -29.424362182617188
2664    34.143692016601562  218.09962463378906  49.145984649658203
2665    -58.611194610595703  198.63044738769531  4.2620449066162109
2666    -59.710525512695312  198.28596496582031  3.0197439193725586
2667    -46.739227294921875  181.02549743652344  -37.186843872070312
2668    43.132255554199219  214.80117797851562  41.468814849853516
2669    46.156448364257812  213.34043884277344  38.068740844726562
2670    -43.230422973632812  179.30009460449219  -41.207324981689453
2671    -39.692508697509766  177.83673095703125  -44.618618011474609
2672    -38.96026611328125  177.80696105957031  -44.048419952392578
2673    -42.324806213378906  179.31106567382812  -40.558879852294922
2674    48.230960845947266  212.11740112304688  35.221832275390625
2675    50.305473327636719  210.89437866210938  32.374919891357422
2676    -28.929414749145508  219.06297302246094  51.665523529052734
2677    -25.149871826171875  220.30818176269531  54.286117553710938
2678    -20.350889205932617  221.16696166992188  56.284740447998047
2679    -27.783010482788086  174.30586242675781  -52.847663879394531
2680    -28.30232048034668  176.68643188476562  -52.890106201171875
2681    -23.79252815246582  173.48722839355469  -54.756011962890625
2682    -59.523513793945312  199.35749816894531  -5.2551302909851074
2683    -58.457866668701172  197.46611022949219  -11.08360767364502
2684    -58.701133728027344  201.88330078125  11.39625072479248
2685    -48.137863159179688  212.16561889648438  35.334068298339844
2686    -41.309253692626953  214.91744995117188  42.047897338867188
2687    -45.968421936035156  213.43809509277344  38.296058654785156
2688    -39.207984924316406  216.60057067871094  45.267570495605469
2689    -43.156131744384766  214.79048156738281  41.443923950195312
2690    -37.609836578369141  216.49313354492188  45.703487396240234
2691    -34.108600616455078  218.01629638671875  48.998355865478516
2692    -29.530162811279297  219.34788513183594  52.051185607910156
2693    -33.269626617431641  217.77804565429688  48.684505462646484
2694    53.184013366699219  208.74757385253906  27.377401351928711
2695    -53.341350555419922  207.52139282226562  24.889064788818359
2696    -16.299882888793945  221.66143798828125  57.435504913330078
2697    -11.338702201843262  222.2314453125  58.762092590332031
2698    -59.294815063476562  200.21450805664062  7.5104241371154785
2699    -58.241844177246094  200.94660949707031  9.6355409622192383
2700    -23.700998306274414  173.87539672851562  -53.448516845703125
2701    -28.979562759399414  175.02873229980469  -50.781574249267578
2702    -30.415494918823242  175.1141357421875  -50.295799255371094
2703    -38.690006256103516  178.02639770507812  -43.850090026855469
2704    -42.643646240234375  179.68069458007812  -40.025211334228516
2705    -46.092700958251953  181.89700317382812  -35.774581909179688
2706    -51.756149291992188  185.21047973632812  -27.24378776550293
2707    -53.253189086914062  186.1640625  -24.659934997558594
2708    -21.809553146362305  173.27401733398438  -54.564857482910156
2709    -56.359348297119141  190.18595886230469  -15.739080429077148
2710    -57.046085357666016  191.35128784179688  -13.045405387878418
2711    -58.223964691162109  199.65776062011719  6.1518435478210449
2712    -57.870170593261719  200.84881591796875  8.9041566848754883
2713    -57.604461669921875  200.86407470703125  7.7467718124389648
2714    -54.388847351074219  206.40347290039062  21.738529205322266
2715    -51.84375  208.80113220214844  27.276933670043945
2716    -52.684127807617188  208.23944091796875  24.669708251953125
2717    -41.905769348144531  214.73004150390625  40.970966339111328
2718    -37.691688537597656  216.425048828125  44.885017395019531
2719    25.342584609985352  173.820556640625  -53.978981018066406
2720    58.065937042236328  201.39157104492188  10.667845726013184
2721    58.399280548095703  202.48233032226562  12.79254150390625
2722    57.382305145263672  204.22398376464844  16.846065521240234
2723    59.410820007324219  199.88308715820312  6.7387785911560059
2724    59.769737243652344  197.41352844238281  0.98810750246047974
2725    58.118732452392578  192.54104614257812  -9.8653678894042969
2726    59.140029907226562  193.27377319335938  -8.6530017852783203
2727    53.921821594238281  186.06045532226562  -25.376157760620117
2728    -37.565986633300781  181.55821228027344  -43.120304107666016
2729    47.048118591308594  181.25300598144531  -36.656478881835938
2730    59.587169647216797  195.33174133300781  -3.8510012626647949
2731    -19.683755874633789  173.1939697265625  -55.0308837890625
2732    -16.837331771850586  172.63388061523438  -56.04998779296875
2733    -16.396907806396484  173.18585205078125  -55.764167785644531
2734    15.244785308837891  219.90655517578125  53.622596740722656
2735    20.021066665649414  219.31922912597656  52.260009765625
2736    54.734016418457031  193.70932006835938  -14.304618835449219
2737    55.641441345214844  195.46163940429688  -9.2784366607666016
2738    55.094947814941406  192.31626892089844  -10.902706146240234
2739    56.027275085449219  197.5443115234375  -4.4976043701171875
2740    55.830013275146484  194.39274597167969  -6.0596671104431152
2741    55.977699279785156  199.0941162109375  4.8866500854492188
2742    56.182209014892578  196.83941650390625  -0.36536306142807007
2743    56.586647033691406  200.29046630859375  0.76883876323699951
2744    55.899383544921875  201.89743041992188  5.4952998161315918
2745    53.907672882080078  203.68672180175781  15.645724296569824
2746    55.272480010986328  201.35191345214844  10.145586013793945
2747    55.385654449462891  204.1678466796875  10.707371711730957
2748    53.910026550292969  206.36962890625  15.762027740478516
2749    51.731891632080078  208.296630859375  22.521543502807617
2750    52.388957977294922  205.74725341796875  20.382051467895508
2751    52.434394836425781  208.5714111328125  20.816684722900391
2752    6.986882209777832  175.61102294921875  -56.248245239257812
2753    10.921991348266602  173.39277648925781  -55.011360168457031
2754    4.8997125625610352  173.08782958984375  -55.954296112060547
2755    4.8382377624511719  221.05950927734375  56.03424072265625
2756    5.4805989265441895  220.70794677734375  55.481876373291016
2757    10.468504905700684  220.49386596679688  54.985183715820312
2758    22.780233383178711  219.08526611328125  51.438259124755859
2759    24.527172088623047  218.36172485351562  50.038612365722656
2760    27.831991195678711  217.98773193359375  48.883121490478516
2761    31.26255989074707  219.95866394042969  46.959506988525391
2762    32.544795989990234  216.69548034667969  45.874675750732422
2763    35.181720733642578  218.58876037597656  43.814361572265625
2764    26.255168914794922  221.14395141601562  49.680854797363281
2765    37.199085235595703  214.78778076171875  41.747062683105469
2766    39.100879669189453  217.21885681152344  40.669219970703125
2767    40.681106567382812  213.16958618164062  37.992828369140625
2768    44.163127899169922  211.55137634277344  34.238590240478516
2769    51.574531555175781  205.7198486328125  20.70948600769043
2770    53.491901397705078  203.63580322265625  15.874485969543457
2771    54.480716705322266  201.42355346679688  10.742055892944336
2772    55.469532012939453  199.2113037109375  5.6096267700195312
2773    55.520111083984375  197.15679931640625  0.843170166015625
2774    55.570690155029297  195.10227966308594  -3.9232864379882812
2775    54.688140869140625  192.87579345703125  -9.0887432098388672
2776    44.736499786376953  215.27748107910156  35.108383178710938
2777    35.999412536621094  218.81146240234375  43.590225219726562
2778    24.78826904296875  222.06826782226562  50.862991333007812
2779    29.296459197998047  221.12489318847656  48.674385070800781
2780    14.590258598327637  176.25216674804688  -54.767833709716797
2781    16.317310333251953  176.06951904296875  -53.791038513183594
2782    11.815061569213867  175.47529602050781  -55.154895782470703
2783    19.952892303466797  176.76113891601562  -52.897495269775391
2784    20.685081481933594  176.82139587402344  -54.109729766845703
2785    17.467901229858398  176.65141296386719  -54.504077911376953
2786    26.061323165893555  178.18760681152344  -50.940116882324219
2787    24.825231552124023  177.9161376953125  -50.925735473632812
2788    44.130180358886719  184.62127685546875  -36.014019012451172
2789    47.125709533691406  186.2147216796875  -32.317203521728516
2790    47.85546875  186.56829833984375  -29.692827224731445
2791    54.912387847900391  205.84169006347656  13.601430892944336
2792    53.475914001464844  208.12901306152344  18.715797424316406
2793    52.459434509277344  209.39628601074219  21.464015960693359
2794    52.190376281738281  209.39154052734375  21.808412551879883
2795    54.469276428222656  207.30210876464844  16.605510711669922
2796    53.805587768554688  190.64930725097656  -14.254199981689453
2797    41.192142486572266  216.88809204101562  38.844985961914062
2798    39.22637939453125  217.56143188476562  40.699539184570312
2799    20.919025421142578  175.2733154296875  -52.341278076171875
2800    16.495698928833008  173.99412536621094  -53.608993530273438
2801    24.135431289672852  175.88522338867188  -50.706184387207031
2802    25.456253051757812  176.1939697265625  -50.180015563964844
2803    28.672660827636719  176.80589294433594  -48.544921875
2804    25.492748260498047  177.63595581054688  -50.195648193359375
2805    30.071975708007812  178.75454711914062  -47.628120422363281
2806    22.350393295288086  176.94001770019531  -51.792995452880859
2807    38.982334136962891  179.72454833984375  -40.247760772705078
2808    44.848190307617188  182.51374816894531  -33.746109008789062
2809    -56.108982086181641  197.16316223144531  0.43908640742301941
2810    -55.513103485107422  196.46905517578125  -0.75238490104675293
2811    -55.599639892578125  198.52867126464844  4.0259323120117188
2812    -55.067375183105469  201.81033325195312  11.213254928588867
2813    -54.750591278076172  200.7637939453125  9.2113971710205078
2814    -53.901542663574219  202.9989013671875  14.396862030029297
2815    -55.870277404785156  199.56982421875  5.9948678016662598
2816    -52.001697540283203  206.16496276855469  21.354854583740234
2817    -52.284461975097656  204.95149230957031  18.926864624023438
2818    -50.667385101318359  206.90408325195312  23.456869125366211
2819    -51.849136352539062  206.64837646484375  21.499801635742188
2820    -53.861808776855469  204.58128356933594  16.648271560668945
2821    -48.056816101074219  208.85333251953125  27.979129791259766
2822    -49.724761962890625  208.26025390625  26.234273910522461
2823    -47.310676574707031  212.88803100585938  30.726329803466797
2824    -49.836467742919922  208.7154541015625  26.35133171081543
2825    -35.713390350341797  215.23318481445312  42.7803955078125
2826    -32.168277740478516  216.51554870605469  45.755504608154297
2827    -26.967744827270508  218.1953125  49.366382598876953
2828    -28.121973037719727  217.54043579101562  48.133251190185547
2829    -24.075668334960938  218.56533813476562  50.510997772216797
2830    -7.6732234954833984  221.08598327636719  55.739154815673828
2831    -11.603264808654785  220.33135986328125  54.608161926269531
2832    -5.6225600242614746  220.75079345703125  55.581260681152344
2833    -56.009246826171875  195.13636779785156  -4.3328495025634766
2834    -54.000038146972656  203.69026184082031  15.591407775878906
2835    -42.352375030517578  212.37669372558594  36.153335571289062
2836    -39.258502960205078  213.9508056640625  39.805282592773438
2837    15.940080642700195  218.74053955078125  53.939407348632812
2838    15.492351531982422  217.94779968261719  54.048633575439453
2839    11.819614410400391  218.71994018554688  54.860630035400391
2840    12.043478012084961  219.11631774902344  54.806015014648438
2841    19.672649383544922  218.12692260742188  52.524364471435547
2842    41.70953369140625  211.4617919921875  37.154075622558594
2843    44.802204132080078  209.9300537109375  33.621788024902344
2844    44.772113800048828  209.56941223144531  33.646884918212891
2845    47.472068786621094  207.81094360351562  29.163459777832031
2846    47.696773529052734  208.04586791992188  29.276809692382812
2847    9.2152576446533203  219.54098510742188  55.49151611328125
2848    8.146876335144043  219.49209594726562  55.672626495361328
2849    5.404116153717041  219.81724548339844  56.130851745605469
2850    53.56671142578125  202.61167907714844  16.313409805297852
2851    54.062404632568359  201.24687194824219  13.329174995422363
2852    53.137123107910156  202.90647888183594  17.206016540527344
2853    54.595073699951172  202.15142822265625  15.122140884399414
2854    42.153907775878906  181.32608032226562  -35.884098052978516
2855    45.258277893066406  182.88786315917969  -32.2607421875
2856    52.053096771240234  187.9591064453125  -21.055137634277344
2857    52.162162780761719  188.705322265625  -18.764265060424805
2858    50.518741607666016  186.76132202148438  -23.274330139160156
2859    47.054744720458984  183.86265563964844  -30.601903915405273
2860    47.888511657714844  184.8245849609375  -27.767536163330078
2861    49.802566528320312  186.22918701171875  -26.42573356628418
2862    26.976457595825195  175.89096069335938  -49.185634613037109
2863    24.43145751953125  175.3704833984375  -49.701076507568359
2864    21.893848419189453  174.83578491210938  -51.646190643310547
2865    19.233102798461914  174.38723754882812  -52.692226409912109
2866    19.733867645263672  174.4852294921875  -51.754852294921875
2867    14.919261932373047  173.79365539550781  -53.359298706054688
2868    53.968158721923828  190.33082580566406  -15.528738975524902
2869    42.558559417724609  181.3682861328125  -36.416118621826172
2870    40.05078125  180.26800537109375  -38.338821411132812
2871    37.647785186767578  218.49868774414062  42.581592559814453
2872    -24.210277557373047  175.37448120117188  -49.691776275634766
2873    -23.151865005493164  175.08499145507812  -50.988071441650391
2874    -19.713068008422852  174.43417358398438  -51.873294830322266
2875    -27.909807205200195  176.11521911621094  -48.662715911865234
2876    -31.315279006958008  179.06501770019531  -46.915481567382812
2877    -26.832832336425781  178.00251770019531  -49.354232788085938
2878    -43.634422302246094  181.86080932617188  -35.267810821533203
2879    -42.483726501464844  183.4952392578125  -36.746707916259766
2880    -40.996360778808594  180.5496826171875  -38.324104309082031
2881    -56.934871673583984  201.33454895019531  2.7607791423797607
2882    -56.158332824707031  203.60588073730469  8.0302696228027344
2883    -58.02197265625  201.45263671875  3.4820234775543213
2884    -35.013973236083984  219.43733215332031  44.759243011474609
2885    -31.032962799072266  220.55642700195312  47.355560302734375
2886    -23.271615982055664  222.78742980957031  53.180637359619141
2887    -28.46484375  221.67445373535156  50.559463500976562
2888    -27.051952362060547  221.675537109375  49.951877593994141
2889    -47.814567565917969  213.42658996582031  30.814325332641602
2890    -22.781406402587891  222.48153686523438  51.821792602539062
2891    -51.2916259765625  211.4869384765625  26.739830017089844
2892    -53.441600799560547  209.72183227539062  22.516851425170898
2893    -50.067527770996094  211.61740112304688  26.617015838623047
2894    -57.356773376464844  203.94731140136719  9.2907075881958008
2895    -55.381790161132812  205.87721252441406  13.299759864807129
2896    -56.335262298583984  206.03094482421875  14.116717338562012
2897    -53.85113525390625  207.84271240234375  17.859731674194336
2898    -4.9473586082458496  224.44509887695312  56.377281188964844
2899    -56.781272888183594  199.26499938964844  -2.0405721664428711
2900    5.8883333206176758  224.74360656738281  57.74005126953125
2901    -56.627674102783203  197.19544982910156  -6.8419232368469238
2902    21.74311637878418  223.03575134277344  53.113079071044922
2903    -55.532360076904297  194.96832275390625  -12.008855819702148
2904    31.062526702880859  221.01246643066406  49.043865203857422
2905    27.142330169677734  221.977783203125  51.293663024902344
2906    6.777003288269043  222.210205078125  58.241500854492188
2907    2.2488009929656982  224.85392761230469  57.997215270996094
2908    51.732891082763672  188.536865234375  -26.587516784667969
2909    48.949787139892578  186.45820617675781  -31.425857543945312
2910    41.176853179931641  182.30523681640625  -41.091556549072266
2911    38.9991455078125  178.70329284667969  -43.102531433105469
2912    34.094448089599609  180.34912109375  -45.925422668457031
2913    30.077884674072266  179.26837158203125  -48.432769775390625
2914    36.790573120117188  180.601318359375  -45.057533264160156
2915    37.614547729492188  181.6884765625  -42.818130493164062
2916    24.063573837280273  177.22492980957031  -52.920970916748047
2917    16.323677062988281  175.96624755859375  -55.844284057617188
2918    21.136743545532227  176.661376953125  -54.226604461669922
2919    43.92022705078125  183.56613159179688  -38.157157897949219
2920    47.02734375  185.24783325195312  -34.243118286132812
2921    49.094432830810547  213.28407287597656  31.037380218505859
2922    47.593044281005859  213.38397216796875  30.7154541015625
2923    50.411235809326172  212.34776306152344  28.85667610168457
2924    51.879745483398438  211.18081665039062  26.138065338134766
2925    48.715110778808594  211.31289672851562  31.720191955566406
2926    50.449588775634766  211.49046325683594  26.32252311706543
2927    -58.281898498535156  198.67486572265625  2.7235705852508545
2928    -52.320484161376953  209.8082275390625  22.419704437255859
2929    54.749092102050781  208.2198486328125  19.183578491210938
2930    3.7142086029052734  175.60664367675781  -56.927955627441406
2931    8.4241361618041992  175.74028015136719  -56.617908477783203
2932    12.946018218994141  176.19584655761719  -55.560993194580078
2933    55.080142974853516  193.70172119140625  -14.947380065917969
2934    53.451667785644531  191.75047302246094  -19.474269866943359
2935    51.823188781738281  189.79922485351562  -24.001161575317383
2936    49.474449157714844  188.00697326660156  -28.159183502197266
2937    41.134651184082031  183.02781677246094  -39.710834503173828
2938    28.600698471069336  178.78469848632812  -48.9200439453125
2939    40.060626983642578  182.61827087402344  -40.046611785888672
2940    49.453273773193359  187.99801635742188  -27.524209976196289
2941    56.223552703857422  202.47567749023438  5.9292483329772949
2942    55.373737335205078  204.97213745117188  11.591146469116211
2943    51.088092803955078  210.45597839355469  24.26942253112793
2944    33.472122192382812  219.81179809570312  45.62799072265625
2945    -41.133888244628906  183.17524719238281  -39.368782043457031
2946    -44.701793670654297  184.79228210449219  -35.617263793945312
2947    -45.189281463623047  184.22698974609375  -36.621807098388672
2948    -29.01927375793457  223.81993103027344  52.152435302734375
2949    53.954120635986328  209.17741394042969  21.226467132568359
2950    -20.22895622253418  177.06819152832031  -53.537151336669922
2951    -24.778322219848633  178.019775390625  -51.329475402832031
2952    -22.580760955810547  177.0865478515625  -53.423198699951172
2953    -17.640665054321289  176.13029479980469  -55.462493896484375
2954    56.645854949951172  202.82505798339844  6.218785285949707
2955    58.127208709716797  199.61776733398438  -0.79062086343765259
2956    56.403461456298828  198.79066467285156  -2.6098446846008301
2957    15.122998237609863  228.32479858398438  9.0750770568847656
2958    15.026837348937988  228.11543273925781  7.4848294258117676
2959    15.305732727050781  224.95433044433594  -16.526205062866211
2960    22.010042190551758  224.58262634277344  -19.349567413330078
2961    26.964353561401367  224.34169006347656  -21.179649353027344
2962    -9.7760248184204102  229.24154663085938  16.038473129272461
2963    -4.0009722709655762  229.20477294921875  15.759138107299805
2964    -12.881396293640137  229.38739013671875  17.146282196044922
2965    19.804269790649414  225.33958435058594  -13.599864959716797
2966    15.72874641418457  227.87982177734375  5.6951708793640137
2967    -13.384405136108398  224.28517150878906  -24.091285705566406
2968    22.069240570068359  224.33171081542969  -25.086111068725586
2969    22.802459716796875  223.94990539550781  -24.155517578125
2970    17.485523223876953  223.8291015625  -28.895576477050781
2971    15.300654411315918  228.28060913085938  6.4410238265991211
2972    -3.8663063049316406  229.37689208984375  14.181232452392578
2973    -18.674837112426758  227.33555603027344  -1.8406878709793091
2974    -27.101408004760742  224.82218933105469  -20.91187858581543
2975    -17.730415344238281  226.76362609863281  -6.5822081565856934
2976    -21.208934783935547  226.17713928222656  -7.2379550933837891
2977    3.7458844184875488  228.95448303222656  10.476207733154297
2978    3.65378737449646  228.82032775878906  10.540637969970703
2979    3.7493174076080322  228.01991271972656  4.4608883857727051
2980    19.761636734008789  230.1302490234375  19.183315277099609
2981    19.454778671264648  230.77346801757812  24.292774200439453
2982    23.334230422973633  230.60208129882812  22.764284133911133
2983    -46.884315490722656  220.66358947753906  -22.930263519287109
2984    -45.925834655761719  227.05674743652344  31.992435455322266
2985    -47.535747528076172  222.24026489257812  32.243976593017578
2986    -44.456340789794922  223.28541564941406  36.6707763671875
2987    -46.993274688720703  229.28628540039062  18.004295349121094
2988    -56.016994476318359  220.84140014648438  5.4660329818725586
2989    -57.015365600585938  216.23017883300781  4.086517333984375
2990    -56.639945983886719  217.24107360839844  9.1307353973388672
2991    -48.093486785888672  228.65888977050781  13.193819046020508
2992    -51.106536865234375  226.46943664550781  5.8416180610656738
2993    -53.684463500976562  224.10115051269531  2.6781811714172363
2994    -54.036819458007812  223.87759399414062  7.2225008010864258
2995    -53.600425720214844  221.95233154296875  -5.2311797142028809
2996    -56.423385620117188  217.05113220214844  -4.9674038887023926
2997    -55.803882598876953  220.28659057617188  -0.22449609637260437
2998    -54.876247406005859  218.62928771972656  -9.5692653656005859
2999    -51.441055297851562  222.935302734375  -9.4701204299926758
3000    -52.421981811523438  224.08563232421875  -1.6404455900192261
3001    -56.270027160644531  213.58683776855469  -8.8736429214477539
3002    -49.20623779296875  225.69235229492188  -4.701350212097168
3003    -46.992565155029297  225.5098876953125  -9.6332387924194336
3004    -34.409397125244141  223.82496643066406  -26.107934951782227
3005    -30.102861404418945  224.37611389160156  -24.320903778076172
3006    -31.497367858886719  223.2208251953125  -30.437044143676758
3007    -49.139507293701172  223.02310180664062  -13.430325508117676
3008    -51.461624145507812  214.1173095703125  -22.316196441650391
3009    -48.612773895263672  216.65292358398438  -25.32792854309082
3010    -44.328601837158203  225.12742614746094  -14.55341911315918
3011    -39.380775451660156  225.13632202148438  -17.783868789672852
3012    -43.813644409179688  223.64276123046875  -20.253683090209961
3013    -39.305706024169922  224.03141784667969  -23.107738494873047
3014    -43.023319244384766  221.97251892089844  -24.668727874755859
3015    -34.894100189208984  224.90214538574219  -20.72154426574707
3016    22.045581817626953  223.80976867675781  -29.043668746948242
3017    -0.87699359655380249  228.27705383300781  5.4053106307983398
3018    -3.7588198184967041  229.48335266113281  14.165879249572754
3019    -0.17140857875347137  228.91677856445312  9.7718772888183594
3020    -3.8235433101654053  229.44107055664062  14.172248840332031
3021    -34.337066650390625  226.58193969726562  39.470378875732422
3022    -34.303188323974609  231.6492919921875  40.649711608886719
3023    -32.542514801025391  228.27632141113281  35.916114807128906
3024    -41.704841613769531  211.36004638671875  -35.895858764648438
3025    -39.284751892089844  208.90707397460938  -40.181171417236328
3026    24.936801910400391  231.4737548828125  29.163169860839844
3027    26.538217544555664  231.93760681152344  32.704860687255859
3028    29.438163757324219  231.31137084960938  28.255548477172852
3029    11.370718955993652  228.65927124023438  7.8915176391601562
3030    12.82335090637207  229.22846984863281  12.180515289306641
3031    15.070561408996582  228.75958251953125  9.0298137664794922
3032    8.1726570129394531  228.81968688964844  12.821106910705566
3033    37.008720397949219  225.01533508300781  -19.599790573120117
3034    15.709022521972656  228.91584777832031  10.182340621948242
3035    25.689956665039062  231.03779602050781  26.013149261474609
3036    23.632429122924805  231.5623779296875  29.836315155029297
3037    31.842479705810547  231.68641662597656  35.112236022949219
3038    33.211753845214844  231.32624816894531  32.766181945800781
3039    23.173398971557617  233.3646240234375  43.526149749755859
3040    29.318063735961914  224.40966796875  -24.231033325195312
3041    -53.034042358398438  185.70414733886719  60.317722320556641
3042    -50.677139282226562  190.50424194335938  60.25
3043    -54.960029602050781  180.71551513671875  60.25
3044    -32.137317657470703  231.310791015625  34.399219512939453
3045    -27.019193649291992  232.0994873046875  34.273654937744141
3046    -31.033645629882812  231.54942321777344  29.783378601074219
3047    16.897548675537109  225.49139404296875  -15.828252792358398
3048    16.985380172729492  226.35856628417969  -9.5379514694213867
3049    -12.543081283569336  229.89366149902344  17.625692367553711
3050    -26.137567520141602  231.645263671875  30.516458511352539
3051    21.218559265136719  226.12052917480469  -11.34860897064209
3052    3.7614076137542725  227.03961181640625  -0.6869049072265625
3053    -0.42632883787155151  227.70816040039062  0.81424045562744141
3054    3.8089480400085449  226.62919616699219  -7.1862063407897949
3055    -0.13486890494823456  227.05441284179688  -4.2923555374145508
3056    34.545036315917969  224.280517578125  -24.015710830688477
3057    -11.480152130126953  230.86540222167969  24.991012573242188
3058    -7.5803866386413574  230.89105224609375  25.185901641845703
3059    -6.5871071815490723  230.54313659667969  22.274885177612305
3060    14.475058555603027  226.7855224609375  -5.9523763656616211
3061    13.857498168945312  226.90347290039062  -4.0193791389465332
3062    21.986003875732422  226.80610656738281  -5.9956755638122559
3063    -3.8753170967102051  229.54353332519531  15.079109191894531
3064    -0.1150151789188385  229.62741088867188  15.143539428710938
3065    -4.5420312881469727  229.82002258300781  17.168117523193359
3066    -2.6355667114257812  230.16630554199219  19.323123931884766
3067    15.346014022827148  228.37678527832031  6.1663594245910645
3068    2.3473773002624512  230.25152587890625  19.969417572021484
3069    3.4355933666229248  229.80209350585938  16.582212448120117
3070    -5.7105069160461426  229.94842529296875  18.117685317993164
3071    14.9091796875  228.55995178222656  7.5332283973693848
3072    -14.55430793762207  230.33819580078125  24.368398666381836
3073    -18.394798278808594  230.03585815429688  22.071870803833008
3074    -17.407197952270508  230.59495544433594  26.190166473388672
3075    11.81169319152832  225.7757568359375  -10.286723136901855
3076    9.1364192962646484  225.73078918457031  -10.628350257873535
3077    9.6646041870117188  226.35736083984375  -5.8690519332885742
3078    3.9850940704345703  226.13624572753906  -7.5485858917236328
3079    3.7735185623168945  226.35673522949219  -5.8738555908203125
3080    8.5386676788330078  227.68489074707031  4.2145242691040039
3081    11.88413143157959  227.04092407226562  -0.67696326971054077
3082    6.9386110305786133  227.02128601074219  -0.82606703042984009
3083    3.7492966651916504  227.72248840332031  4.5000457763671875
3084    3.6537771224975586  228.52290344238281  10.579795837402344
3085    7.4609689712524414  228.2705078125  8.6626510620117188
3086    3.5582573413848877  229.32331848144531  16.6595458984375
3087    3.5582573413848877  229.62074279785156  16.620388031005859
3088    -39.648284912109375  221.71745300292969  -28.636894226074219
3089    -4.9430079460144043  231.47193908691406  56.715106964111328
3090    0.77881115674972534  230.87245178222656  56.750923156738281
3091    -15.615324974060059  232.83848571777344  53.135204315185547
3092    -23.320461273193359  233.42524719238281  47.578083038330078
3093    -26.868320465087891  224.32089233398438  -21.337619781494141
3094    -23.919589996337891  229.36070251464844  16.943546295166016
3095    -20.648258209228516  229.55096435546875  18.388738632202148
3096    -15.070496559143066  226.13916015625  57.777339935302734
3097    -42.944866180419922  219.25270080566406  41.532936096191406
3098    -41.709949493408203  219.80484008789062  42.710659027099609
3099    -37.227458953857422  221.50686645507812  46.645782470703125
3100    -44.571502685546875  217.45703125  40.164871215820312
3101    -48.445972442626953  215.47280883789062  35.561145782470703
3102    -51.164779663085938  210.28298950195312  30.951519012451172
3103    -50.578960418701172  214.02963256835938  32.212963104248047
3104    -59.209255218505859  204.57843017578125  10.28809642791748
3105    -59.570648193359375  203.47479248046875  5.2781744003295898
3106    -59.745513916015625  201.20698547363281  0.13418957591056824
3107    -45.012714385986328  182.7025146484375  -39.722808837890625
3108    -48.343513488769531  184.1453857421875  -35.318393707275391
3109    -37.419837951660156  179.68919372558594  -46.951637268066406
3110    -41.115692138671875  181.12094116210938  -43.502429962158203
3111    -8.9987831115722656  177.02790832519531  -58.997188568115234
3112    -6.6841292381286621  171.5313720703125  -59.3157958984375
3113    -10.439567565917969  171.77874755859375  -58.626880645751953
3114    -0.42070960998535156  171.47322082519531  -58.742710113525391
3115    -4.7585940361022949  174.49449157714844  -59.678730010986328
3116    0.11643073707818985  176.7342529296875  -59.685073852539062
3117    29.006814956665039  223.82284545898438  52.159378051757812
3118    32.436279296875  224.18325805664062  47.797367095947266
3119    28.249233245849609  225.01393127441406  50.786376953125
3120    -52.998008728027344  213.42338562011719  23.732212066650391
3121    -51.313484191894531  215.38836669921875  26.186262130737305
3122    -49.031974792480469  217.31072998046875  30.654340744018555
3123    -14.7454833984375  227.33872985839844  56.213523864746094
3124    -16.223077774047852  230.16217041015625  54.233921051025391
3125    -19.35760498046875  227.42840576171875  54.476337432861328
3126    1.7247018814086914  228.34024047851562  57.946537017822266
3127    5.411506175994873  230.563232421875  56.418415069580078
3128    37.102138519287109  223.77301025390625  43.764095306396484
3129    37.397407531738281  221.45108032226562  46.494014739990234
3130    50.695423126220703  215.03317260742188  31.186203002929688
3131    50.772789001464844  215.35916137695312  28.266807556152344
3132    48.277233123779297  217.10124206542969  32.310287475585938
3133    52.122932434082031  212.78102111816406  29.493946075439453
3134    49.045009613037109  213.78933715820312  34.451801300048828
3135    48.048866271972656  216.77371215820312  35.367485046386719
3136    45.731163024902344  215.90187072753906  38.625957489013672
3137    44.273719787597656  218.72479248046875  40.017333984375
3138    44.79852294921875  219.707763671875  36.232337951660156
3139    41.433395385742188  221.4832763671875  40.091480255126953
3140    -19.364891052246094  225.60542297363281  56.458446502685547
3141    -34.249359130859375  222.43618774414062  48.858543395996094
3142    -36.459892272949219  223.42379760742188  44.886882781982422
3143    -48.088626861572266  216.75094604492188  35.313224792480469
3144    -45.129524230957031  218.70095825195312  37.009727478027344
3145    -47.67242431640625  217.46896362304688  33.185558319091797
3146    -46.494766235351562  216.45828247070312  37.731727600097656
3147    -49.709522247314453  214.79811096191406  33.764011383056641
3148    -44.307849884033203  218.70892333984375  39.979488372802734
3149    -42.244544982910156  222.35269165039062  39.004436492919922
3150    -56.228717803955078  209.52064514160156  14.811562538146973
3151    20.912723541259766  226.46597290039062  54.175857543945312
3152    25.022024154663086  224.644775390625  54.114833831787109
3153    24.580978393554688  225.73994445800781  52.481117248535156
3154    38.382854461669922  219.10847473144531  46.132465362548828
3155    34.170127868652344  220.93817138671875  49.316650390625
3156    23.747184753417969  220.9510498046875  55.067714691162109
3157    55.751762390136719  206.286376953125  21.647642135620117
3158    55.439090728759766  209.06407165527344  22.613725662231445
3159    -33.108287811279297  178.30198669433594  -49.889686584472656
3160    -27.993453979492188  179.71096801757812  -52.687568664550781
3161    -55.56829833984375  187.63862609863281  -21.660732269287109
3162    -51.654502868652344  189.53866577148438  -29.677255630493164
3163    -48.944526672363281  187.7176513671875  -33.946395874023438
3164    -45.843338012695312  186.01248168945312  -37.943412780761719
3165    -42.504940032958984  184.37847900390625  -41.773551940917969
3166    -33.258598327636719  181.07644653320312  -49.511924743652344
3167    -37.83489990234375  182.50506591796875  -46.108287811279297
3168    -5.2687177658081055  176.84646606445312  -59.422233581542969
3169    59.430335998535156  203.71806335449219  4.1702938079833984
3170    59.214889526367188  204.38389587402344  9.4699106216430664
3171    58.428745269775391  206.59567260742188  13.283223152160645
3172    57.293739318847656  207.92123413085938  17.654306411743164
3173    13.82283878326416  178.72114562988281  -56.438617706298828
3174    -16.113862991333008  215.33975219726562  -49.674751281738281
3175    -15.015028953552246  211.56417846679688  -52.595726013183594
3176    -13.63383960723877  217.80792236328125  -47.69342041015625
3177    -19.256052017211914  217.89704895019531  -46.184841156005859
3178    -3.4868931770324707  211.94096374511719  -54.175624847412109
3179    0.940116286277771  212.54798889160156  -54.042095184326172
3180    -11.532252311706543  214.77627563476562  -51.076831817626953
3181    -8.8904151916503906  211.45613098144531  -53.841934204101562
3182    -37.217140197753906  215.44149780273438  -32.605228424072266
3183    -33.099132537841797  214.1851806640625  -34.098373413085938
3184    -35.615631103515625  212.17192077636719  -32.651390075683594
3185    -37.782127380371094  211.27020263671875  -38.272598266601562
3186    -35.393703460693359  211.37615966796875  -41.093643188476562
3187    22.625171661376953  231.74728393554688  51.545928955078125
3188    17.508266448974609  233.54486083984375  51.865100860595703
3189    26.38490104675293  232.79475402832031  47.457492828369141
3190    14.665246963500977  233.968017578125  52.077957153320312
3191    5.2855205535888672  234.16403198242188  54.321945190429688
3192    -19.393863677978516  220.51347351074219  -42.358341217041016
3193    -2.3352060317993164  178.01817321777344  -58.057811737060547
3194    -6.9308614730834961  178.17826843261719  -57.68902587890625
3195    -45.989997863769531  220.15614318847656  34.902873992919922
3196    -50.168617248535156  220.58274841308594  28.303043365478516
3197    -52.050380706787109  218.92756652832031  24.306491851806641
3198    -55.262348175048828  214.37382507324219  16.300642013549805
3199    -54.122428894042969  217.67277526855469  19.630996704101562
3200    -57.049587249755859  212.30561828613281  7.6247997283935547
3201    -56.321739196777344  213.36312866210938  12.147682189941406
3202    -57.398735046386719  208.19566345214844  6.234917163848877
3203    -57.153984069824219  207.72755432128906  10.486598968505859
3204    -24.100692749023438  207.61537170410156  -50.792675018310547
3205    -20.244396209716797  206.24325561523438  -52.596347808837891
3206    -20.190292358398438  209.97698974609375  -51.782417297363281
3207    -23.336771011352539  223.50083923339844  -31.396280288696289
3208    -11.328598976135254  206.95811462402344  -54.983001708984375
3209    -16.381338119506836  206.68705749511719  -53.738639831542969
3210    -55.486885070800781  218.12496948242188  14.150080680847168
3211    -5.3288693428039551  206.83230590820312  -55.931671142578125
3212    0.015976879745721817  208.67430114746094  -55.741069793701172
3213    -10.059440612792969  220.54920959472656  -44.606433868408203
3214    -44.847343444824219  219.22439575195312  -27.62199592590332
3215    -28.983377456665039  213.73269653320312  -45.703926086425781
3216    -28.441909790039062  218.09184265136719  -42.2645263671875
3217    -23.732048034667969  219.58317565917969  -42.450416564941406
3218    -27.449283599853516  221.07325744628906  -38.142833709716797
3219    -58.253665924072266  206.55625915527344  10.346221923828125
3220    32.661369323730469  227.2857666015625  47.239963531494141
3221    17.353935241699219  231.70344543457031  54.189067840576172
3222    15.33491325378418  231.18109130859375  55.193508148193359
3223    15.979808807373047  227.17732238769531  55.836681365966797
3224    -20.587827682495117  179.66691589355469  -54.322319030761719
3225    -55.760337829589844  196.156005859375  -16.348705291748047
3226    -57.530841827392578  199.69422912597656  -8.1628122329711914
3227    -56.720310211181641  197.76943969726562  -12.618025779724121
3228    -57.843887329101562  205.60137939453125  5.5420088768005371
3229    56.987907409667969  198.31962585449219  -11.345120429992676
3230    58.460826873779297  197.47291564941406  -11.067646026611328
3231    59.473518371582031  199.63145446777344  -5.3187136650085449
3232    34.923366546630859  183.08085632324219  -46.445236206054688
3233    39.108116149902344  184.59040832519531  -42.983226776123047
3234    31.518039703369141  182.05294799804688  -48.800727844238281
3235    -57.287929534912109  214.53787231445312  -0.51885688304901123
3236    -57.548725128173828  208.88255310058594  -0.56577444076538086
3237    -57.392734527587891  210.96684265136719  3.4477672576904297
3238    -57.961200714111328  204.99983215332031  4.144045352935791
3239    -56.823261260986328  211.62916564941406  -5.6556377410888672
3240    52.375541687011719  186.32908630371094  -21.540182113647461
3241    49.288154602050781  184.72415161132812  -25.068721771240234
3242    51.677490234375  186.71734619140625  -20.450590133666992
3243    -36.782196044921875  194.25146484375  -43.923484802246094
3244    56.916263580322266  207.85403442382812  8.702239990234375
3245    -17.284996032714844  227.82333374023438  2.2621026039123535
3246    -48.690433502197266  228.08534240722656  8.8812417984008789
3247    -32.756515502929688  218.53472900390625  -34.260799407958984
3248    -36.661479949951172  221.23446655273438  -31.640375137329102
3249    49.824974060058594  188.16716003417969  -26.02275276184082
3250    -56.196910858154297  193.897705078125  -14.224169731140137
3251    57.859653472900391  200.69046020507812  1.3870909214019775
3252    33.71209716796875  180.2490234375  -45.538246154785156
3253    51.668647766113281  189.93023681640625  -23.173973083496094
3254    51.794479370117188  189.76602172851562  -22.352680206298828
3255    52.494102478027344  190.75747680664062  -21.39698600769043
3256    53.802951812744141  190.30938720703125  -16.848077774047852
3257    52.100730895996094  188.64627075195312  -21.551151275634766
3258    1.6830209493637085  174.96759033203125  -56.320114135742188
3259    -0.55062246322631836  173.0526123046875  -56.221775054931641
3260    49.98388671875  186.06709289550781  -25.384777069091797
3261    4.9750080108642578  222.61453247070312  59.574882507324219
3262    8.7972126007080078  222.36848449707031  59.069561004638672
3263    49.503662109375  210.55720520019531  31.333381652832031
3264    53.214870452880859  208.77178955078125  23.834194183349609
3265    -55.640277862548828  204.37150573730469  10.202606201171875
3266    -24.80589485168457  174.45895385742188  -49.404594421386719
3267    28.280733108520508  174.99198913574219  -47.604549407958984
3268    -56.301246643066406  148.09405517578125  25.941278457641602
3269    49.554157257080078  132.59002685546875  44.958499908447266
3270    50.076244354248047  133.73052978515625  40.61090087890625
3271    33.060558319091797  114.84487152099609  60
3272    36.341449737548828  117.43783569335938  57.479377746582031
3273    34.091598510742188  115.57694244384766  60.200000762939453
3274    57.108047485351562  149.20713806152344  17.390285491943359
3275    57.586967468261719  152.85061645507812  14.837857246398926
3276    -57.754005432128906  167.90763854980469  21.416486740112305
3277    -21.382364273071289  216.41477966308594  60
3278    -17.85760498046875  219.02632141113281  55.284217834472656
3279    -22.133602142333984  217.51913452148438  53.507526397705078
3280    -44.373390197753906  200.9388427734375  40.705909729003906
3281    56.490249633789062  137.17478942871094  -12.420024871826172
3282    -28.895524978637695  231.75311279296875  47.570999145507812
3283    -30.401699066162109  232.41964721679688  44.626529693603516
3284    -33.672977447509766  231.69746398925781  43.026054382324219
3285    -10.682424545288086  223.51531982421875  -31.278690338134766
3286    44.757808685302734  218.95663452148438  -28.109855651855469
3287    53.303817749023438  224.4716796875  3.221843957901001
3288    51.700584411621094  224.882080078125  -1.4726234674453735
3289    9.2688674926757812  211.60441589355469  -53.496116638183594
3290    9.9875469207763672  216.71182250976562  -50.009212493896484
3291    13.20125675201416  212.62188720703125  -52.243991851806641
3292    50.316799163818359  216.69197082519531  -22.536787033081055
3293    52.434318542480469  216.78738403320312  -18.6060791015625
3294    47.031108856201172  219.90657043457031  -23.95843505859375
3295    -23.240156173706055  224.10809326171875  -26.721172332763672
3296    -27.165397644042969  224.01625061035156  -27.460506439208984
3297    -15.411659240722656  223.66055297851562  -30.183992385864258
3298    -26.197219848632812  231.26058959960938  28.010604858398438
3299    7.7906742095947266  225.82394409179688  -13.286428451538086
3300    10.22815990447998  105.52764892578125  74.400001525878906
3301    57.207687377929688  172.0540771484375  72.816291809082031
3302    57.603843688964844  167.27703857421875  72.816291809082031
3303    52.875625610351562  139.36515808105469  73.013298034667969
3304    52.777412414550781  139.40814208984375  72.959327697753906
3305    54.917186737060547  144.29869079589844  72.959327697753906
3306    -40.885040283203125  126.49265289306641  74.400001525878906
3307    -38.190181732177734  130.11448669433594  74.400001525878906
3308    -29.713279724121094  112.69768524169922  74.400001525878906
3309    -53.145114898681641  139.919677734375  74.400001525878906
3310    -36.653892517089844  125.73867797851562  74.400001525878906
3311    -41.344032287597656  122.189208984375  74.400001525878906
3312    -46.934188842773438  149.70663452148438  74.400001525878906
3313    -2.9716565608978271  112.63156127929688  74.400001525878906
3314    -3.845698356628418  108.59166717529297  74.400001525878906
3315    -53.379447937011719  171.07913208007812  74.400001525878906
3316    -56.722743988037109  174.57148742675781  74.400001525878906
3317    -53.523529052734375  184.82533264160156  74.400001525878906
3318    -57.341049194335938  169.521240234375  74.400001525878906
3319    20.78436279296875  108.57656860351562  74.400001525878906
3320    21.426601409912109  112.2667236328125  74.400001525878906
3321    25.303112030029297  110.31829071044922  74.400001525878906
3322    -45.134773254394531  198.51568603515625  74.400001525878906
3323    -14.398941040039062  119.67671966552734  74.400001525878906
3324    40.771404266357422  193.48101806640625  74.400001525878906
3325    -51.938762664794922  188.14654541015625  72.941764831542969
3326    -52.777412414550781  185.59185791015625  72.959327697753906
3327    -50.63763427734375  190.48240661621094  72.959327697753906
3328    -53.068359375  185.71916198730469  72.941764831542969
3329    57.120391845703125  153.93656921386719  68.121620178222656
3330    41.770053863525391  188.22357177734375  74.400001525878906
3331    47.204864501953125  186.81344604492188  74.400001525878906
3332    27.24675178527832  111.29829406738281  60.983707427978516
3333    31.616645812988281  114.15618896484375  60.983707427978516
3334    17.826684951782227  107.33660888671875  66.149482727050781
3335    7.6769990921020508  105.03746032714844  66.372207641601562
3336    -7.197138786315918  111.21481323242188  74.400001525878906
3337    51.005836486816406  135.43069458007812  74.400001525878906
3338    53.395732879638672  151.03431701660156  74.400001525878906
3339    -44.874530792236328  153.59442138671875  74.400001525878906
3340    -38.690982818603516  154.26263427734375  74.400001525878906
3341    -37.776592254638672  159.8680419921875  74.400001525878906
3342    11.814480781555176  131.53897094726562  74.400001525878906
3343    57.314994812011719  156.25828552246094  74.400001525878906
3344    57.9593505859375  160.52902221679688  74.400001525878906
3345    54.315250396728516  161.38819885253906  74.400001525878906
3346    -8.2156753540039062  219.9080810546875  74.400001525878906
3347    -11.882112503051758  193.41636657714844  74.400001525878906
3348    -15.369498252868652  191.43934631347656  74.400001525878906
3349    -16.538814544677734  172.41401672363281  74.400001525878906
3350    51.043254852294922  190.02749633789062  74.400001525878906
3351    -54.982273101806641  135.30059814453125  -17.988702774047852
3352    -53.515079498291016  136.04461669921875  -21.92003059387207
3353    -50.671970367431641  128.66259765625  -27.904703140258789
3354    -52.306171417236328  132.23408508300781  -24.705127716064453
3355    -40.93792724609375  103.91829681396484  -40.830154418945312
3356    -44.289878845214844  104.07295227050781  -37.142669677734375
3357    -41.859169006347656  141.89505004882812  -39.887775421142578
3358    -38.956180572509766  143.49356079101562  -42.879142761230469
3359    -33.152847290039062  132.748046875  -47.352146148681641
3360    -31.639993667602539  127.76837158203125  -48.449054718017578
3361    -35.702541351318359  128.48301696777344  -45.453170776367188
3362    -33.269744873046875  151.97918701171875  -47.273601531982422
3363    -23.567537307739258  99.099998474121094  49.210441589355469
3364    7.4691891670227051  99.099998474121094  52.288242340087891
3365    11.854984283447266  99.099998474121094  51.158992767333984
3366    -39.585243225097656  99.099998474121094  -13.871607780456543
3367    11.898923873901367  99.099998474121094  -56.403621673583984
3368    -6.0448293506126793e-13  220.50004577636719  60
3369    5.0078248977661133  220.06442260742188  60
3370    -5.9576828062915532e-13  221.23179626464844  58.316925048828125
3371    46.416015625  199.29283142089844  36.849941253662109
3372    44.022342681884766  200.98588562011719  41.094196319580078
3373    50.729591369628906  194.52409362792969  29.970186233520508
3374    50.241607666015625  199.01712036132812  28.63360595703125
3375    48.771938323974609  197.65080261230469  33.102714538574219
3376    -55.358810424804688  190.49015808105469  -12.276433944702148
3377    -54.082164764404297  203.11285400390625  17.038511276245117
3378    -49.077617645263672  207.84263610839844  28.30797004699707
3379    -43.618095397949219  211.23335266113281  36.163532257080078
3380    19.804014205932617  218.65458679199219  53.131656646728516
3381    56.368942260742188  193.6363525390625  -4.5159177780151367
3382    56.62493896484375  194.49493408203125  -2.9756922721862793
3383    56.066432952880859  192.15989685058594  -8.0287399291992188
3384    55.180130004882812  193.04733276367188  -5.7613744735717773
3385    49.229732513427734  194.05058288574219  35.556953430175781
3386    56.422847747802734  174.98518371582031  47.910022735595703
3387    55.466541290283203  179.17330932617188  45.030403137207031
3388    53.382774353027344  184.96707153320312  56.925041198730469
3389    51.502967834472656  188.89773559570312  54.035442352294922
3390    50.9827880859375  189.77590942382812  60
3391    51.631183624267578  189.81155395507812  31.815639495849609
3392    53.220027923583984  185.58137512207031  34.159317016601562
3393    32.220790863037109  211.18496704101562  50.311264038085938
3394    57.906539916992188  172.30696105957031  6.913966178894043
3395    56.732650756835938  174.55889892578125  60.200000762939453
3396    55.932193756103516  177.18710327148438  57.385566711425781
3397    56.227390289306641  176.2425537109375  53.216781616210938
3398    55.161365509033203  180.42301940917969  60.200000762939453
3399    53.1336669921875  185.75563049316406  60
3400    53.568325042724609  183.92221069335938  46.798984527587891
3401    57.206920623779297  171.65267944335938  51.214221954345703
3402    57.780326843261719  165.47758483886719  40.306392669677734
3403    57.725269317626953  167.30303955078125  33.207115173339844
3404    56.872459411621094  172.52786254882812  34.042495727539062
3405    57.484809875488281  168.71307373046875  37.182601928710938
3406    42.286705017089844  202.19178771972656  45.0318603515625
3407    42.848358154296875  201.23951721191406  49.146774291992188
3408    44.659133911132812  199.04736328125  45.365573883056641
3409    57.634002685546875  176.46339416503906  9.938450813293457
3410    57.858039855957031  179.4901123046875  5.0741968154907227
3411    50.382377624511719  184.46553039550781  -25.858734130859375
3412    49.788864135742188  184.27287292480469  -26.715732574462891
3413    47.538852691650391  182.46685791015625  -30.910163879394531
3414    51.621253967285156  205.65324401855469  23.091171264648438
3415    52.199996948242188  204.11131286621094  19.841541290283203
3416    50.481109619140625  205.93795776367188  24.125583648681641
3417    53.145103454589844  204.09330749511719  19.621322631835938
3418    52.114776611328125  205.128662109375  21.720058441162109
3419    54.132144927978516  203.04415893554688  16.879095077514648
3420    54.893531799316406  201.61318969726562  13.719341278076172
3421    55.222751617431641  200.83795166015625  11.755412101745605
3422    56.313358306884766  198.63174438476562  6.6317296028137207
3423    56.469146728515625  196.56333923339844  1.8280186653137207
3424    54.650634765625  191.013671875  -10.482245445251465
3425    55.859046936035156  192.24653625488281  -8.1973876953125
3426    55.093158721923828  189.99813842773438  -13.419083595275879
3427    53.987869262695312  188.24018859863281  -17.111610412597656
3428    53.566017150878906  188.03851318359375  -17.970193862915039
3429    52.038871765136719  186.07888793945312  -22.521303176879883
3430    49.153900146484375  207.78533935546875  28.175241470336914
3431    48.351753234863281  208.37155151367188  29.389064788818359
3432    50.097404479980469  207.21318054199219  26.561019897460938
3433    45.352596282958984  180.99290466308594  -33.906425476074219
3434    44.611454010009766  180.84515380859375  -34.676551818847656
3435    41.684055328369141  179.22344970703125  -38.442939758300781
3436    38.911563873291016  177.87445068359375  -41.133674621582031
3437    36.929107666015625  177.84107971191406  -41.010570526123047
3438    40.736228942871094  179.3065185546875  -37.618648529052734
3439    38.204154968261719  180.4552001953125  -41.697364807128906
3440    34.715206146240234  179.07389831542969  -44.893978118896484
3441    33.121986389160156  176.37564086914062  -44.402492523193359
3442    -43.022262573242188  179.8848876953125  -36.693412780761719
3443    -42.310760498046875  179.42945861816406  -37.529819488525391
3444    -40.655570983886719  178.755859375  -39.529056549072266
3445    -56.502105712890625  194.53872680664062  -2.5166776180267334
3446    -56.092292785644531  192.238525390625  -7.846524715423584
3447    -56.673049926757812  194.97370910644531  -1.8637797832489014
3448    -55.12945556640625  201.10211181640625  12.368797302246094
3449    -52.260147094726562  205.02249145507812  21.473377227783203
3450    -47.913852691650391  208.67103576660156  29.946601867675781
3451    -41.598888397216797  212.22943115234375  38.471210479736328
3452    -42.237834930419922  211.93734741210938  37.532058715820312
3453    -39.086090087890625  213.4647216796875  41.079154968261719
3454    -23.560916900634766  217.98486328125  51.576309204101562
3455    -25.621297836303711  217.03193664550781  49.94366455078125
3456    -28.80455207824707  216.68696594238281  48.798004150390625
3457    -5.4886040687561035  219.96943664550781  56.402324676513672
3458    -3.7378754615783691  220.08563232421875  56.454933166503906
3459    -4.7685450423398668e-13  220.19212341308594  56.702251434326172
3460    -1.7545533180236816  220.0726318359375  56.641399383544922
3461    1.7458809614181519  219.9654541015625  56.473846435546875
3462    -3.4917619228363037  219.9654541015625  56.473846435546875
3463    -52.062931060791016  187.14102172851562  -19.468095779418945
3464    -56.01593017578125  192.73193359375  -7.0701069831848145
3465    -55.208183288574219  193.35079956054688  -5.0562739372253418
3466    -54.688289642333984  191.09559631347656  -10.292302131652832
3467    -56.424900054931641  197.03253173828125  2.9176516532897949
3468    -56.625995635986328  196.246337890625  1.4400680065155029
3469    -56.316249847412109  198.25523376464844  6.0947694778442383
3470    -56.176750183105469  199.09136962890625  7.6990828514099121
3471    -55.250289916992188  197.85861206054688  5.427335262298584
3472    -35.391921997070312  214.74276733398438  44.047164916992188
3473    -35.875389099121094  214.54774475097656  43.84210205078125
3474    -27.62933349609375  217.00283813476562  49.295745849609375
3475    25.198150634765625  217.53202819824219  50.755729675292969
3476    26.006465911865234  217.03343200683594  49.730545043945312
3477    5.1311225891113281  219.98385620117188  56.435741424560547
3478    2.5924193859100342  220.05877685546875  56.609283447265625
3479    5.041041374206543  219.99761962890625  56.250579833984375
3480    16.281999588012695  219.04605102539062  54.263206481933594
3481    14.943048477172852  219.22885131835938  54.465278625488281
3482    10.082082748413086  219.80313110351562  55.798904418945312
3483    32.677108764648438  215.25888061523438  45.628242492675781
3484    33.034061431884766  215.49595642089844  46.038833618164062
3485    33.802291870117188  214.8828125  44.711479187011719
3486    44.694953918457031  210.26423645019531  34.023113250732422
3487    41.250572204589844  211.9112548828125  37.834671020507812
3488    42.231239318847656  211.8521728515625  37.597160339355469
3489    46.606098175048828  209.52993774414062  32.217109680175781
3490    47.256942749023438  209.083251953125  30.903940200805664
3491    48.461624145507812  207.62953186035156  27.979228973388672
3492    50.455841064453125  206.74691772460938  25.769346237182617
3493    46.786624908447266  208.83668518066406  30.826234817504883
3494    -55.144802093505859  204.26571655273438  13.405381202697754
3495    -56.674659729003906  199.73588562011719  2.9223556518554688
3496    -55.90972900390625  202.00079345703125  8.1638679504394531
3497    -56.350662231445312  195.57221984863281  -6.7132678031921387
3498    -56.512660980224609  197.654052734375  -1.895456075668335
3499    -52.093212127685547  208.20127868652344  22.513132095336914
3500    -37.274196624755859  179.98185729980469  -42.792747497558594
3501    -40.843505859375  181.5946044921875  -39.060504913330078
3502    -43.90380859375  180.48526000976562  -35.512565612792969
3503    -36.585609436035156  177.91180419921875  -43.067546844482422
3504    -28.95433235168457  177.38211059570312  -48.809139251708984
3505    -33.114265441894531  178.68197631835938  -45.800941467285156
3506    -33.019947052001953  175.92694091796875  -46.099208831787109
3507    -35.248279571533203  176.50349426269531  -44.311100006103516
3508    -28.17864990234375  174.509765625  -49.005584716796875
3509    -24.3956298828125  176.43975830078125  -50.989933013916016
3510    -25.09827995300293  173.76600646972656  -50.803020477294922
3511    -20.340673446655273  173.50662231445312  -52.773284912109375
3512    -19.836925506591797  175.49742126464844  -53.170726776123047
3513    55.111640930175781  190.11981201171875  -12.756100654602051
3514    53.1640625  188.86550903320312  -15.46641731262207
3515    47.790138244628906  182.57652282714844  -30.236408233642578
3516    34.070461273193359  176.11015319824219  -45.222763061523438
3517    -5.8893862009412601e-13  222.99592590332031  56.751190185546875
3518    -9.3272571563720703  222.66253662109375  55.979629516601562
3519    -4.6636285781860352  222.8292236328125  56.365409851074219
3520    -7.4757509231567383  219.9791259765625  56.207611083984375
3521    -26.839645385742188  220.08006286621094  50.00323486328125
3522    -22.546632766723633  220.88645935058594  51.869403839111328
3523    -49.641292572021484  184.19223022460938  -26.903158187866211
3524    -49.321483612060547  183.61630249023438  -27.826766967773438
3525    -47.152050018310547  182.21464538574219  -31.496076583862305
3526    -34.715202331542969  217.87261962890625  44.894744873046875
3527    -30.777423858642578  218.97634887695312  47.448989868164062
3528    -31.697750091552734  216.02079772949219  47.015178680419922
3529    -41.693099975585938  215.11004638671875  38.501514434814453
3530    -38.204151153564453  216.4913330078125  41.698127746582031
3531    -47.595573425292969  211.82847595214844  30.907257080078125
3532    -44.644336700439453  213.46926879882812  34.704383850097656
3533    -49.844390869140625  210.01487731933594  26.710193634033203
3534    7.3081154823303223  219.60572814941406  55.642757415771484
3535    11.400233268737793  218.77676391601562  54.845695495605469
3536    -39.140884399414062  178.6397705078125  -39.162017822265625
3537    -38.968265533447266  177.89761352539062  -41.080005645751953
3538    -33.097496032714844  176.36784362792969  -44.420528411865234
3539    -35.569740295410156  177.25521850585938  -42.366813659667969
3540    -42.437572479248047  180.13128662109375  -35.708770751953125
3541    -45.388954162597656  181.01390075683594  -33.857765197753906
3542    -45.190773010253906  181.79660034179688  -31.851249694824219
3543    -31.25901985168457  175.2535400390625  -47.208145141601562
3544    -53.097763061523438  204.14849853515625  19.74919319152832
3545    -52.22296142578125  204.07876586914062  19.766250610351562
3546    -54.772495269775391  200.1112060546875  10.67491626739502
3547    -47.675498962402344  208.19912719726562  29.352470397949219
3548    37.806194305419922  213.55827331542969  41.646228790283203
3549    3.0682141780853271  219.83261108398438  55.862014770507812
3550    -8.146876335144043  219.49209594726562  55.672626495361328
3551    -4.8056578636169434  219.75448608398438  55.786773681640625
3552    -10.19461727142334  219.07635498046875  55.133773803710938
3553    -11.803229331970215  218.72451782226562  54.865447998046875
3554    -5.404116153717041  219.81724548339844  56.130851745605469
3555    -14.133877754211426  173.24925231933594  -54.728206634521484
3556    -15.677489280700684  173.4962158203125  -53.103302001953125
3557    4.189427375793457  173.02639770507812  -56.420906066894531
3558    -1.8130573034286499  173.00796508789062  -56.560924530029297
3559    15.010758399963379  173.4395751953125  -53.282493591308594
3560    10.395049095153809  173.25006103515625  -54.721992492675781
3561    9.9608440399169922  173.26930236816406  -54.575798034667969
3562    12.432737350463867  173.18844604492188  -55.19012451171875
3563    8.3788547515869141  173.06756591796875  -56.108242034912109
3564    19.918632507324219  173.66537475585938  -51.567420959472656
3565    16.48661994934082  173.30931091308594  -54.272003173828125
3566    23.14320182800293  173.83441162109375  -50.283454895019531
3567    43.817527770996094  181.01873779296875  -33.652748107910156
3568    46.898822784423828  182.73097229003906  -29.686851501464844
3569    35.555824279785156  214.3104248046875  43.479751586914062
3570    35.014678955078125  214.26606750488281  43.620903015136719
3571    41.654468536376953  211.75910949707031  37.581867218017578
3572    38.616867065429688  212.99354553222656  40.686367034912109
3573    51.654575347900391  204.4794921875  20.943027496337891
3574    50.172027587890625  206.052490234375  24.680036544799805
3575    48.934406280517578  207.27120971679688  27.207494735717773
3576    50.136623382568359  206.42237854003906  25.132221221923828
3577    13.026398658752441  219.26470947265625  54.852176666259766
3578    29.247013092041016  216.57217407226562  48.532093048095703
3579    28.925544738769531  216.77627563476562  48.769638061523438
3580    24.3956298828125  220.50674438476562  50.990699768066406
3581    28.95433235168457  219.56440734863281  48.809906005859375
3582    56.350658416748047  201.37431335449219  6.7140355110168457
3583    54.151409149169922  205.80902099609375  16.976936340332031
3584    55.251033782958984  203.5916748046875  11.845485687255859
3585    50.102531433105469  209.99034118652344  26.653419494628906
3586    52.126968383789062  207.89968872070312  21.815177917480469
3587    44.412818908691406  213.73916625976562  35.329029083251953
3588    47.257675170898438  211.86474609375  30.99122428894043
3589    40.843505859375  215.35191345214844  39.061271667480469
3590    33.114265441894531  218.2645263671875  45.801712036132812
3591    56.512657165527344  199.29248046875  1.8962239027023315
3592    19.836925506591797  221.4490966796875  53.171493530273438
3593    14.965729713439941  222.02706909179688  54.509025573730469
3594    10.094533920288086  222.60502624511719  55.846561431884766
3595    5.047266960144043  222.80047607421875  56.298873901367188
3596    44.644336700439453  183.47726440429688  -34.703620910644531
3597    41.693099975585938  181.83648681640625  -38.500747680664062
3598    9.3272581100463867  174.28399658203125  -55.978862762451172
3599    4.6636290550231934  174.11729431152344  -56.364643096923828
3600    18.253622055053711  175.25367736816406  -53.734806060791016
3601    13.790439605712891  174.76882934570312  -54.856834411621094
3602    26.83964729309082  176.866455078125  -50.002468109130859
3603    47.595573425292969  185.1180419921875  -30.906490325927734
3604    52.093212127685547  188.7452392578125  -22.512363433837891
3605    49.844390869140625  186.931640625  -26.709426879882812
3606    55.144802093505859  192.68080139160156  -13.404613494873047
3607    53.619007110595703  190.7130126953125  -17.958488464355469
3608    56.674659729003906  197.21064758300781  -2.9215877056121826
3609    55.90972900390625  194.94572448730469  -8.1631002426147461
3610    -29.453498840332031  214.88327026367188  49.74957275390625
3611    -28.112661361694336  220.39472961425781  50.731433868408203
3612    -32.19122314453125  219.21267700195312  47.99591064453125
3613    -9.0488967895507812  103.61285400390625  57.289768218994141
3614    -13.36744499206543  104.55082702636719  56.263744354248047
3615    -10.657471656799316  99.099998474121094  57.012439727783203
3616    -17.685993194580078  105.48880767822266  55.237720489501953
3617    -22.335689544677734  107.53096008300781  53.453819274902344
3618    -26.407768249511719  108.57892608642578  51.639419555664062
3619    -47.599761962890625  202.27098083496094  33.140048980712891
3620    -37.231185913085938  210.47709655761719  44.195888519287109
3621    -33.440841674804688  212.95016479492188  47.388923645019531
3622    -38.398292541503906  212.91142272949219  43.330177307128906
3623    -36.269786834716797  218.03062438964844  45.260387420654297
3624    -25.466157913208008  216.81637573242188  52.110218048095703
3625    -21.094409942626953  218.29658508300781  53.823581695556641
3626    -19.109748840332031  222.13615417480469  54.761459350585938
3627    -23.6112060546875  221.26544189453125  52.746444702148438
3628    -16.722663879394531  219.77679443359375  55.536945343017578
3629    -12.628307342529297  220.62033081054688  56.452838897705078
3630    -10.019563674926758  223.15875244140625  57.127998352050781
3631    -14.564656257629395  222.6474609375  55.944728851318359
3632    -8.5339517593383789  221.46388244628906  57.368732452392578
3633    -26.822959899902344  99.099998474121094  46.318195343017578
3634    -6.4646978378295898  99.099998474121094  8.1573066711425781
3635    -1.2611407041549683  99.099998474121094  8.7556524276733398
3636    -3.4231109619140625  99.099998474121094  13.110207557678223
3637    -52.886077880859375  99.099998474121094  -23.357732772827148
3638    -49.868522644042969  99.099998474121094  -19.810585021972656
3639    -50.994155883789062  99.099998474121094  -26.880273818969727
3640    -39.821617126464844  216.57138061523438  41.883403778076172
3641    -41.021530151367188  208.0040283203125  41.002853393554688
3642    -35.218650817871094  99.099998474121094  -3.0565237998962402
3643    -31.018489837646484  99.099998474121094  0.1141190230846405
3644    -36.355369567871094  99.099998474121094  1.6829898357391357
3645    -57.422767639160156  186.16871643066406  8.1624631881713867
3646    3.9648077487945557  135.49055480957031  74.400001525878906
3647    -0.33854714035987854  134.85601806640625  74.400001525878906
3648    2.3755660057067871  130.48905944824219  74.400001525878906
3649    48.488147735595703  130.68672180175781  74.400001525878906
3650    -2.0539188385009766  220.34683227539062  74.400001525878906
3651    -31.923517227172852  192.71888732910156  74.400001525878906
3652    -35.397308349609375  188.12898254394531  74.400001525878906
3653    -29.973182678222656  188.88685607910156  74.400001525878906
3654    -52.875625610351562  185.63484191894531  73.013298034667969
3655    -54.917186737060547  180.70130920410156  72.959327697753906
3656    -51.747413635253906  187.54379272460938  73.312515258789062
3657    -51.750129699707031  188.05340576171875  73.013298034667969
3658    -53.109344482421875  184.92132568359375  73.180404663085938
3659    -1.5962516069412231  104.90493774414062  74.400001525878906
3660    -51.938762664794922  188.14654541015625  60.858230590820312
3661    -53.068359375  185.71916198730469  60.858230590820312
3662    -49.068962097167969  131.74993896484375  54.96759033203125
3663    -48.039115905761719  130.00146484375  60
3664    -57.491039276123047  148.9007568359375  12.166013717651367
3665    -57.859081268310547  151.79159545898438  8.1670618057250977
3666    -53.902576446533203  140.50650024414062  30.742450714111328
3667    -14.82247257232666  99.099998474121094  25.790847778320312
3668    17.995698928833008  99.099998474121094  28.013580322265625
3669    2.8941483497619629  99.099998474121094  25.920652389526367
3670    7.9597563743591309  99.099998474121094  27.364374160766602
3671    28.08879280090332  99.099998474121094  -24.80926513671875
3672    42.716442108154297  99.099998474121094  -33.220169067382812
3673    51.197769165039062  189.54945373535156  35.892463684082031
3674    56.617427825927734  173.55224609375  38.5439453125
3675    51.938762664794922  136.85345458984375  72.941764831542969
3676    50.63763427734375  134.51759338378906  72.959327697753906
3677    53.068359375  139.28083801269531  72.941764831542969
3678    51.938762664794922  136.85345458984375  60.858230590820312
3679    53.068359375  139.28083801269531  60.858230590820312
3680    51.750129699707031  136.94659423828125  73.013298034667969
3681    53.109344482421875  140.07867431640625  73.180404663085938
3682    51.747413635253906  137.45620727539062  73.312515258789062
3683    50.934921264648438  126.54108428955078  27.746728897094727
3684    49.32171630859375  124.69038391113281  30.365013122558594
3685    13.061494827270508  104.55210876464844  56.531833648681641
3686    13.023176193237305  104.47055053710938  56.352527618408203
3687    17.246541976928711  105.3658447265625  55.376499176025391
3688    22.650016784667969  107.64320373535156  53.321159362792969
3689    26.573781967163086  109.05750274658203  51.646076202392578
3690    30.676963806152344  110.76810455322266  49.243488311767578
3691    30.575790405273438  111.05143737792969  49.140045166015625
3692    36.860641479492188  114.32041931152344  44.719390869140625
3693    34.577796936035156  113.04536437988281  46.634014129638672
3694    44.344554901123047  119.80168914794922  37.393302917480469
3695    43.917255401611328  119.73272705078125  37.620071411132812
3696    49.313713073730469  124.90093994140625  30.238897323608398
3697    47.029079437255859  122.35633087158203  33.974014282226562
3698    51.598350524902344  127.445556640625  26.503780364990234
3699    14.628515243530273  105.22339630126953  56.050067901611328
3700    10.530779838562012  104.21788024902344  57.103889465332031
3701    53.449253082275391  129.989501953125  22.523342132568359
3702    53.553924560546875  130.5443115234375  21.661647796630859
3703    55.509502410888672  133.64305114746094  16.819513320922852
3704    56.853359222412109  136.85588073730469  11.476545333862305
3705    56.571144104003906  136.75077819824219  11.668442726135254
3706    54.643421173095703  193.00042724609375  19.452512741088867
3707    56.669174194335938  188.41156005859375  11.883260726928711
3708    56.215274810791016  189.8309326171875  14.278388977050781
3709    50.952053070068359  198.43769836425781  27.715234756469727
3710    52.511226654052734  196.32958984375  24.642095565795898
3711    46.203216552734375  203.41273498535156  34.955726623535156
3712    47.971988677978516  201.70465087890625  32.625114440917969
3713    44.4344482421875  205.12081909179688  37.286334991455078
3714    44.785926818847656  204.50115966796875  36.543319702148438
3715    -40.417171478271484  116.69214630126953  41.611152648925781
3716    -53.325347900390625  129.74702453613281  22.81251335144043
3717    -54.674720764160156  132.05609130859375  19.364442825317383
3718    -54.841644287109375  132.6197509765625  18.257951736450195
3719    -56.357936859130859  135.49247741699219  13.703389167785645
3720    -57.407093048095703  138.78582763671875  8.2673635482788086
3721    -56.547573089599609  140.21995544433594  14.270613670349121
3722    -57.095912933349609  138.36552429199219  9.0449438095092773
3723    -50.959972381591797  126.57211303710938  27.700666427612305
3724    -49.997451782226562  125.74687957763672  28.969364166259766
3725    -52.562995910644531  128.74208068847656  24.531095504760742
3726    -49.195938110351562  124.66189575195312  30.554149627685547
3727    -50.957538604736328  126.75434875488281  27.241659164428711
3728    -44.4537353515625  119.89584350585938  37.263320922851562
3729    -47.431903839111328  122.75167846679688  33.407634735107422
3730    41.599868774414062  207.29768371582031  40.461528778076172
3731    -37.176223754882812  114.62404632568359  44.578651428222656
3732    -30.962600708007812  110.91243743896484  49.064098358154297
3733    -29.64215087890625  110.54826354980469  49.781963348388672
3734    -33.011573791503906  112.16596221923828  47.763053894042969
3735    -18.398651123046875  106.13135528564453  55.106769561767578
3736    -26.272726058959961  108.93056488037109  51.800872802734375
3737    -13.464911460876465  104.64164733886719  56.437656402587891
3738    -14.400564193725586  105.16213989257812  56.116573333740234
3739    -6.9199557304382324  103.45854187011719  57.59521484375
3740    -5.2012381553649902  103.80413818359375  57.623748779296875
3741    -10.40247631072998  104.19292449951172  57.126377105712891
3742    -4.5244483947753906  103.24293518066406  57.644882202148438
3743    2.3346488475799561  103.01658630371094  57.956905364990234
3744    4.399904727935791  103.22412872314453  57.664276123046875
3745    8.799809455871582  103.57524871826172  57.328556060791016
3746    6.5156292915344238  103.40492248535156  57.641609191894531
3747    5.2653899192810059  103.81661987304688  57.612503051757812
3748    -5.9576828062915532e-13  103.41535186767578  58.121120452880859
3749    -49.211456298828125  200.32661437988281  30.538616180419922
3750    -47.900428771972656  201.86686706542969  32.710590362548828
3751    -49.41412353515625  200.16728210449219  30.235179901123047
3752    -35.742671966552734  211.42361450195312  45.694053649902344
3753    -38.095619201660156  209.66156005859375  43.606101989746094
3754    -40.29620361328125  208.39582824707031  41.728439331054688
3755    -41.125480651855469  207.653564453125  40.945980072021484
3756    -38.019439697265625  209.90972900390625  43.711246490478516
3757    -35.065753936767578  211.66957092285156  46.266227722167969
3758    -38.382102966308594  209.71382141113281  43.348453521728516
3759    -44.354515075683594  205.18974304199219  37.381477355957031
3760    -44.310287475585938  204.9195556640625  37.131721496582031
3761    -50.927818298339844  198.46769714355469  27.759767532348633
3762    -50.098335266113281  199.12405395507812  28.774442672729492
3763    -52.701572418212891  196.06257629394531  24.231418609619141
3764    -50.002922058105469  199.43252563476562  28.995883941650391
3765    -49.263790130615234  200.36933898925781  30.449909210205078
3766    -47.495098114013672  202.18553161621094  33.317466735839844
3767    -54.346084594726562  193.19479370117188  19.685285568237305
3768    -53.447250366210938  195.01358032226562  22.528095245361328
3769    -55.427555084228516  191.55479431152344  17.083246231079102
3770    -55.990596771240234  190.32701110839844  15.139152526855469
3771    -56.859733581542969  188.12518310546875  11.444904327392578
3772    -56.88189697265625  187.28976440429688  10.132107734680176
3773    -5.8866534693655104e-13  223.53555297851562  58
3774    -4.2669758796691895  221.79544067382812  57.684364318847656
3775    -1.8912709939811201e-11  222.12699890136719  58
3776    -5.0097818374633789  223.34715270996094  57.563999176025391
3777    3.3885266814692727e-10  102.87300872802734  58
3778    -5.8866534693655104e-13  99.099998474121094  58
3779    16.338624954223633  218.53605651855469  56.087314605712891
3780    13.350439071655273  220.38398742675781  56.464694976806641
3781    12.166539192199707  220.44729614257812  56.789794921875
3782    40.424835205078125  208.30227661132812  41.60369873046875
3783    37.68548583984375  210.19000244140625  43.946868896484375
3784    37.026451110839844  210.57411193847656  44.582462310791016
3785    34.569179534912109  211.95964050292969  46.640510559082031
3786    30.922080993652344  214.10813903808594  49.089687347412109
3787    30.69024658203125  214.24369812011719  48.957923889160156
3788    26.434350967407227  216.40968322753906  51.625816345214844
3789    25.499059677124023  216.58714294433594  52.118030548095703
3790    23.889278411865234  216.89944458007812  52.776741027832031
3791    27.753902435302734  215.42973327636719  51.017269134521484
3792    22.080493927001953  217.95468139648438  53.425254821777344
3793    20.024652481079102  218.36917114257812  54.536212921142578
3794    13.388607025146484  220.44326782226562  56.257095336914062
3795    9.0505781173706055  221.38688659667969  57.289501190185547
3796    17.72663688659668  219.49966430664062  55.224689483642578
3797    4.5252890586853027  221.75694274902344  57.644752502441406
3798    6.8000469207763672  221.5576171875  57.609268188476562
3799    1.7681434154510498  222.00944519042969  57.976699829101562
3800    -2.0304734706878662  221.99826049804688  57.968212127685547
3801    -6.627723217010498  221.58045959472656  57.629032135009766
3802    -5.0569043159484863  221.22357177734375  57.648487091064453
3803    -5.9576828062915532e-13  221.58464050292969  58.121120452880859
3804    -13.148525238037109  220.42875671386719  56.511775970458984
3805    -13.985706329345703  219.94439697265625  56.230033874511719
3806    -10.113808631896973  220.86248779296875  57.175853729248047
3807    -20.901283264160156  218.29069519042969  54.046962738037109
3808    -26.409597396850586  216.01194763183594  51.7308349609375
3809    -30.706544876098633  214.21702575683594  49.225017547607422
3810    27.120719909667969  182.06092834472656  74.400001525878906
3811    33.022373199462891  181.37562561035156  74.400001525878906
3812    -35.085456848144531  138.27536010742188  74.400001525878906
3813    -38.268402099609375  140.65885925292969  74.400001525878906
3814    -18.847562789916992  143.24769592285156  74.400001525878906
3815    -20.994806289672852  138.17544555664062  74.400001525878906
3816    -15.577475547790527  138.96522521972656  74.400001525878906
3817    -2.597700834274292  176.41799926757812  74.400001525878906
3818    -6.0796880722045898  179.84774780273438  74.400001525878906
3819    -7.9810929298400879  174.51896667480469  74.400001525878906
3820    -4.4603323936462402  171.3853759765625  74.400001525878906
3821    -1.1055217981338501  168.25674438476562  74.400001525878906
3822    8.8283605575561523  168.87422180175781  74.400001525878906
3823    6.9038810729980469  164.67506408691406  74.400001525878906
3824    10.974123001098633  173.37368774414062  74.400001525878906
3825    14.219209671020508  170.35780334472656  74.400001525878906
3826    19.558063507080078  180.3406982421875  74.400001525878906
3827    20.803674697875977  175.74668884277344  74.400001525878906
3828    -28.582550048828125  142.39659118652344  74.400001525878906
3829    33.198738098144531  176.87452697753906  74.400001525878906
3830    28.566713333129883  179.02627563476562  74.400001525878906
3831    37.496692657470703  138.49935913085938  -44.179561614990234
3832    41.275871276855469  139.75347900390625  -40.595863342285156
3833    40.189296722412109  134.97709655761719  -41.683048248291016
3834    37.805873870849609  132.37109375  -43.925830841064453
3835    41.226963043212891  129.47462463378906  -40.628810882568359
3836    56.021835327148438  128.30802917480469  -14.470241546630859
3837    55.572799682617188  134.01676940917969  -16.235797882080078
3838    55.065876007080078  124.69904327392578  -17.809364318847656
3839    -36.485755920410156  213.10379028320312  42.319156646728516
3840    10.29752254486084  99.099998474121094  31.896623611450195
3841    -3.5902321338653564  155.19535827636719  -57.800941467285156
3842    -6.742100715637207  158.59793090820312  -57.538654327392578
3843    -3.9344167709350586  99.099998474121094  4.2756557464599609
3844    -2.5792996883392334  99.099998474121094  18.794715881347656
3845    -33.614601135253906  99.099998474121094  -12.896077156066895
3846    -14.710769653320312  99.099998474121094  -21.785900115966797
3847    -19.400650024414062  99.099998474121094  -19.681304931640625
3848    -18.946342468261719  99.099998474121094  -24.920896530151367
3849    -15.339446067810059  99.099998474121094  -16.573965072631836
3850    -11.08368968963623  99.099998474121094  -18.206350326538086
3851    -11.749045372009277  99.099998474121094  -13.098445892333984
3852    -22.912435531616211  99.099998474121094  -24.142990112304688
3853    20.705177307128906  99.099998474121094  -25.779308319091797
3854    -56.445484161376953  168.96017456054688  -12.434971809387207
3855    -57.330398559570312  169.76422119140625  -8.2536954879760742
3856    -56.847675323486328  173.66481018066406  -10.647401809692383
3857    7.017087459564209  99.099998474121094  14.078572273254395
3858    5.588249683380127  99.099998474121094  18.288476943969727
3859    1.8105777502059937  99.099998474121094  15.532878875732422
3860    1.9989931583404541  99.099998474121094  20.771762847900391
3861    -50.577648162841797  143.1463623046875  74.400001525878906
3862    0.87871140241622925  163.42329406738281  74.400001525878906
3863    -4.6649994850158691  160.42547607421875  74.400001525878906
3864    0.45955729484558105  157.57563781738281  74.400001525878906
3865    -4.7541742324829102  155.37284851074219  74.400001525878906
3866    -8.854487419128418  158.14248657226562  74.400001525878906
3867    -9.6604280471801758  154.01945495605469  74.400001525878906
3868    -14.669404029846191  152.95352172851562  74.400001525878906
3869    -10.578727722167969  149.24986267089844  74.400001525878906
3870    4.5530605316162109  154.666748046875  74.400001525878906
3871    8.1737823486328125  151.54408264160156  74.400001525878906
3872    -16.120939254760742  148.049072265625  74.400001525878906
3873    -21.424900054931641  147.90721130371094  74.400001525878906
3874    22.082822799682617  201.07904052734375  74.400001525878906
3875    31.315706253051758  161.46678161621094  74.400001525878906
3876    20.82679557800293  159.77061462402344  74.400001525878906
3877    21.070272445678711  164.65167236328125  74.400001525878906
3878    16.365188598632812  162.88668823242188  74.400001525878906
3879    17.103702545166016  166.96755981445312  74.400001525878906
3880    9.7270383834838867  156.85162353515625  74.400001525878906
3881    12.792135238647461  153.08987426757812  74.400001525878906
3882    5.7520341873168945  159.98233032226562  74.400001525878906
3883    6.7154626846313477  145.94767761230469  74.400001525878906
3884    -32.873340606689453  152.05439758300781  74.400001525878906
3885    -25.906049728393555  137.6234130859375  74.400001525878906
3886    -30.791051864624023  137.96739196777344  74.400001525878906
3887    38.412628173828125  169.7987060546875  74.400001525878906
3888    33.551628112792969  166.20039367675781  74.400001525878906
3889    38.79986572265625  164.4705810546875  74.400001525878906
3890    12.33327579498291  165.90055847167969  74.400001525878906
3891    11.198652267456055  161.62896728515625  74.400001525878906
3892    24.948104858398438  167.10711669921875  74.400001525878906
3893    29.081058502197266  169.48200988769531  74.400001525878906
3894    52.544639587402344  173.5634765625  74.400001525878906
3895    56.329193115234375  175.41165161132812  74.400001525878906
3896    -16.283222198486328  162.30284118652344  74.400001525878906
3897    -23.814174652099609  158.26283264160156  74.400001525878906
3898    -26.124063491821289  164.0517578125  74.400001525878906
3899    57.411415100097656  170.69015502929688  74.400001525878906
3900    9.3647966384887695  99.099998474121094  -8.5318202972412109
3901    5.7362008094787598  99.099998474121094  -11.231850624084473
3902    -47.422634124755859  103.85541534423828  -33.132049560546875
3903    -45.674667358398438  108.61801910400391  -35.51287841796875
3904    -42.723484039306641  126.48667144775391  -38.912616729736328
3905    -44.541522979736328  122.62640380859375  -36.877853393554688
3906    -45.978656768798828  127.61283111572266  -35.090694427490234
3907    -17.45362663269043  99.099998474121094  8.507415771484375
3908    -21.251199722290039  99.099998474121094  11.041306495666504
3909    -21.612575531005859  99.099998474121094  35.490306854248047
3910    -25.396350860595703  99.099998474121094  36.898265838623047
3911    -5.3287358283996582  99.099998474121094  57.506217956542969
3912    -6.873478889465332  99.099998474121094  52.829849243164062
3913    -10.710580825805664  99.099998474121094  51.365943908691406
3914    -9.572657585144043  99.099998474121094  3.5238347053527832
3915    -12.120938301086426  99.099998474121094  7.8293318748474121
3916    -14.734284400939941  99.099998474121094  2.6607613563537598
3917    25.928768157958984  99.099998474121094  26.039861679077148
3918    29.525384902954102  99.099998474121094  23.935049057006836
3919    15.317948341369629  99.099998474121094  4.069887638092041
3920    10.811969757080078  99.099998474121094  4.5527453422546387
3921    13.752997398376465  99.099998474121094  -11.461129188537598
3922    0.95043987035751343  99.099998474121094  -23.471771240234375
3923    7.0604891777038574  99.099998474121094  -34.917163848876953
3924    7.905642032623291  99.099998474121094  -30.266958236694336
3925    -18.258686065673828  157.61918640136719  74.400001525878906
3926    -20.286962509155273  153.67048645019531  74.400001525878906
3927    43.245338439941406  167.8397216796875  74.400001525878906
3928    -20.252460479736328  99.099998474121094  -41.896537780761719
3929    -15.947888374328613  99.099998474121094  -42.594982147216797
3930    -17.968740463256836  99.099998474121094  -38.267181396484375
3931    -20.952016830444336  99.099998474121094  -54.083389282226562
3932    -22.078702926635742  99.099998474121094  -48.464958190917969
3933    -19.937408447265625  99.099998474121094  -13.997182846069336
3934    -4.669158935546875  99.099998474121094  43.345325469970703
3935    -7.3685388565063477  99.099998474121094  38.396110534667969
3936    25.157234191894531  99.099998474121094  -9.3562955856323242
3937    23.555654525756836  99.099998474121094  -15.054389953613281
3938    29.179195404052734  99.099998474121094  -13.172447204589844
3939    14.76851749420166  99.099998474121094  -17.616596221923828
3940    18.473394393920898  99.099998474121094  -14.942047119140625
3941    23.721416473388672  99.099998474121094  15.770646095275879
3942    17.090003967285156  99.099998474121094  -40.768447875976562
3943    21.247539520263672  99.099998474121094  -43.294059753417969
3944    21.445379257202148  99.099998474121094  -38.839824676513672
3945    3.0172562599182129  99.099998474121094  10.839754104614258
3946    8.4468250274658203  99.099998474121094  9.1886329650878906
3947    -0.28348997235298157  99.099998474121094  46.352424621582031
3948    -2.6393167972564697  99.099998474121094  -26.059316635131836
3949    -3.0191044807434082  99.099998474121094  -20.518062591552734
3950    -2.9804637432098389  99.099998474121094  -14.981477737426758
3951    -4.4858360290527344  99.099998474121094  -9.8800134658813477
3952    -7.7552332878112793  99.099998474121094  -14.302294731140137
3953    -6.9987964630126953  99.099998474121094  -18.923322677612305
3954    -10.553774833679199  99.099998474121094  -23.075445175170898
3955    -5.5833892822265625  150.56501770019531  74.400001525878906
3956    3.5998196601867676  177.42178344726562  74.400001525878906
3957    16.664098739624023  184.67108154296875  74.400001525878906
3958    57.886772155761719  155.48902893066406  11.032839775085449
3959    57.533164978027344  150.30743408203125  11.971477508544922
3960    28.394691467285156  167.33566284179688  -50.484535217285156
3961    17.46562385559082  152.88346862792969  74.400001525878906
3962    15.273982048034668  149.39439392089844  74.400001525878906
3963    -34.274673461914062  133.99429321289062  74.400001525878906
3964    3.4191977977752686  117.65486145019531  74.400001525878906
3965    37.980903625488281  179.944091796875  74.400001525878906
3966    37.532661437988281  184.6966552734375  74.400001525878906
3967    -14.269412040710449  167.49252319335938  74.400001525878906
3968    43.218715667724609  173.11430358886719  74.400001525878906
3969    -13.175902366638184  99.099998474121094  16.749887466430664
3970    34.116630554199219  124.12773132324219  -46.693290710449219
3971    30.070268630981445  122.23030090332031  -49.538070678710938
3972    30.27821159362793  127.72715759277344  -49.326911926269531
3973    32.634033203125  168.3878173828125  -47.721565246582031
3974    30.145370483398438  172.52641296386719  -49.378532409667969
3975    31.454854965209961  163.03680419921875  -48.513629913330078
3976    37.921566009521484  126.53542327880859  -43.8275146484375
3977    40.932643890380859  123.15309143066406  -40.928497314453125
3978    31.183479309082031  113.28461456298828  -48.754138946533203
3979    34.964729309082031  112.13156890869141  -46.006885528564453
3980    32.570453643798828  108.01613616943359  -47.803630828857422
3981    28.889627456665039  108.55979919433594  -50.149421691894531
3982    38.206024169921875  114.99594116210938  -43.569988250732422
3983    42.175357818603516  112.8702392578125  -39.512340545654297
3984    38.182937622070312  110.6387939453125  -43.471870422363281
3985    40.029884338378906  107.13479614257812  -41.812919616699219
3986    -56.198684692382812  177.44677734375  -13.445051193237305
3987    -13.283230781555176  163.72378540039062  -56.327922821044922
3988    -13.607619285583496  168.65971374511719  -56.242172241210938
3989    -9.5144596099853516  164.25151062011719  -57.139225006103516
3990    33.92535400390625  117.91735076904297  -46.791141510009766
3991    22.324735641479492  183.0040283203125  74.400001525878906
3992    38.137916564941406  175.01419067382812  74.400001525878906
3993    33.406261444091797  171.86141967773438  74.400001525878906
3994    29.027654647827148  116.98222351074219  -50.032180786132812
3995    44.852806091308594  111.02747344970703  -36.5753173828125
3996    44.973487854003906  116.10942077636719  -36.453254699707031
3997    43.274494171142578  120.5140380859375  -38.324836730957031
3998    41.297100067138672  117.56137084960938  -40.504104614257812
3999    46.125392913818359  121.19361114501953  -35.062004089355469
4000    44.929435729980469  103.12653350830078  -36.456130981445312
4001    46.490150451660156  107.45711517333984  -34.588573455810547
4002    47.839054107666016  103.59547424316406  -32.467437744140625
4003    49.058490753173828  108.13810729980469  -30.519674301147461
4004    50.618007659912109  103.83342742919922  -27.976299285888672
4005    8.1960172653198242  220.18202209472656  -45.324337005615234
4006    -9.5501604080200195  99.099998474121094  12.30950927734375
4007    34.825511932373047  99.099998474121094  17.832798004150391
4008    2.6219038963317871  99.099998474121094  -3.5372581481933594
4009    5.4132866859436035  99.099998474121094  -6.7135562896728516
4010    1.0326201915740967  99.099998474121094  -8.5382986068725586
4011    -12.526479721069336  218.88992309570312  72.816291809082031
4012    -24.157646179199219  152.44219970703125  74.400001525878906
4013    -37.250049591064453  148.7447509765625  74.400001525878906
4014    -23.798013687133789  142.78147888183594  74.400001525878906
4015    53.636333465576172  169.40155029296875  74.400001525878906
4016    25.932205200195312  161.36691284179688  74.400001525878906
4017    29.0255126953125  165.00698852539062  74.400001525878906
4018    15.605503082275391  157.78140258789062  74.400001525878906
4019    20.308792114257812  155.73446655273438  74.400001525878906
4020    24.542715072631836  155.89138793945312  74.400001525878906
4021    -4.9712405204772949  165.80331420898438  74.400001525878906
4022    -9.0342826843261719  168.78836059570312  74.400001525878906
4023    -12.310305595397949  172.56881713867188  74.400001525878906
4024    -10.580410957336426  162.75912475585938  74.400001525878906
4025    3.49416184425354  220.08399963378906  74.400001525878906
4026    2.096899542891606e-08  220.50006103515625  73.599998474121094
4027    -25.004484176635742  190.33383178710938  74.400001525878906
4028    -45.467918395996094  125.03231048583984  39.253074645996094
4029    -43.83294677734375  119.67288208007812  37.699878692626953
4030    -39.904758453369141  116.63533020019531  41.854640960693359
4031    -42.52777099609375  122.03852081298828  42.851146697998047
4032    -32.836139678955078  114.38413238525391  51.859329223632812
4033    -29.356679916381836  112.50296020507812  55.283184051513672
4034    -32.50897216796875  114.55055236816406  56.194107055664062
4035    22.49223518371582  221.50935363769531  53.310943603515625
4036    26.945762634277344  220.53604125976562  51.058452606201172
4037    3.8536732196807861  205.42686462402344  -56.211921691894531
4038    8.3213090896606445  206.97119140625  -55.561836242675781
4039    20.205389022827148  223.16827392578125  -32.709915161132812
4040    -21.175786972045898  232.01023864746094  51.945671081542969
4041    33.847782135009766  103.11860656738281  -46.821563720703125
4042    43.525089263916016  200.66665649414062  54.933650970458984
4043    -12.526479721069336  218.88992309570312  60.983707427978516
4044    -39.084381103515625  119.16643524169922  46.521034240722656
4045    57.2669677734375  141.99140930175781  9.9788913726806641
4046    57.989116668701172  160.74606323242188  9.3384037017822266
4047    -53.778621673583984  184.475341796875  35.811199188232422
4048    -53.744319915771484  185.05014038085938  29.843151092529297
4049    21.103475570678711  222.33145141601562  -36.928443908691406
4050    24.43742561340332  223.20877075195312  -32.770236968994141
4051    -36.888134002685547  223.27020263671875  33.392353057861328
4052    -35.873744964599609  224.8717041015625  33.798957824707031
4053    -35.492809295654297  223.27020263671875  33.336837768554688
4054    -32.729141235351562  214.43769836425781  45.604209899902344
4055    -33.538967132568359  215.00065612792969  45.075363159179688
4056    -24.075088500976562  216.59437561035156  50.770797729492188
4057    -21.0474853515625  218.07232666015625  52.17633056640625
4058    -21.007919311523438  217.52880859375  52.035358428955078
4059    -19.810609817504883  219.26716613769531  52.139247894287109
4060    -55.728080749511719  195.60600280761719  0.17975439131259918
4061    -55.426567077636719  194.40943908691406  -5.5307021141052246
4062    -38.628078460693359  223.27020263671875  34.941062927246094
4063    -37.502647399902344  224.92671203613281  34.46331787109375
4064    -16.275775909423828  230.71064758300781  23.406665802001953
4065    -13.586111068725586  230.36003112792969  20.983165740966797
4066    -35.774173736572266  224.32388305664062  32.671356201171875
4067    58.08294677734375  198.84800720214844  3.1210155487060547
4068    58.012794494628906  198.78739929199219  0.20713208615779877
4069    -57.773197174072266  184.25250244140625  5.125063419342041
4070    36.185863494873047  107.08984375  -45.059726715087891
4071    36.580448150634766  124.32898712158203  74.400001525878906
4072    36.412326812744141  128.81472778320312  74.400001525878906
4073    -57.376857757568359  189.76580810546875  -8.1614675521850586
4074    -56.208789825439453  186.72505187988281  -13.327408790588379
4075    -50.624629974365234  158.68545532226562  -28.126775741577148
4076    -52.359169006347656  161.68890380859375  -24.554731369018555
4077    12.180426597595215  99.099998474121094  -43.085124969482422
4078    32.591884613037109  99.099998474121094  1.0517158508300781
4079    24.716876983642578  99.099998474121094  11.752574920654297
4080    35.119529724121094  99.099998474121094  -4.0357284545898438
4081    40.607883453369141  99.099998474121094  -3.8351900577545166
4082    -36.761096954345703  178.29571533203125  74.400001525878906
4083    25.960945129394531  191.41287231445312  74.400001525878906
4084    20.812101364135742  187.8555908203125  74.400001525878906
4085    -56.009510040283203  107.28736877441406  -14.695260047912598
4086    -47.436119079589844  166.20797729492188  -33.013343811035156
4087    -48.350830078125  161.04473876953125  -31.681196212768555
4088    -29.251708984375  99.099998474121094  -31.901853561401367
4089    -33.99560546875  99.099998474121094  -30.563621520996094
4090    -27.472742080688477  99.099998474121094  -41.054264068603516
4091    -25.804021835327148  99.099998474121094  -35.253898620605469
4092    45.723461151123047  197.93299865722656  50.428314208984375
4093    -10.126161575317383  229.99786376953125  18.553470611572266
4094    -57.077304840087891  207.28176879882812  -5.7737388610839844
4095    -57.774173736572266  203.96115112304688  -2.1548817157745361
4096    -32.0125732421875  184.5601806640625  74.400001525878906
4097    34.047752380371094  99.099998474121094  23.281728744506836
4098    -40.242374420166016  211.76986694335938  39.034103393554688
4099    56.283763885498047  150.31605529785156  74.400001525878906
4100    -57.856060028076172  151.38398742675781  -1.7257698774337769
4101    30.955291748046875  99.099998474121094  -3.9262063503265381
4102    28.041690826416016  99.099998474121094  -1.090986967086792
4103    28.104564666748047  99.099998474121094  -6.1803054809570312
4104    26.592769622802734  99.099998474121094  30.224706649780273
4105    12.03178882598877  99.099998474121094  13.176137924194336
4106    14.493630409240723  99.099998474121094  8.4401006698608398
4107    -8.8362798690795898  99.099998474121094  -10.269709587097168
4108    -2.0968018432654389e-08  104.49993133544922  73.599998474121094
4109    -44.188301086425781  149.31716918945312  -37.374191284179688
4110    -57.436668395996094  149.50773620605469  -7.0631227493286133
4111    -55.604461669921875  181.38496398925781  -15.989753723144531
4112    -56.854679107666016  158.75601196289062  -10.634376525878906
4113    -44.503616333007812  144.32353210449219  -37.018688201904297
4114    -41.437847137451172  146.69094848632812  -40.317207336425781
4115    -45.716045379638672  176.25186157226562  -35.577472686767578
4116    -40.065765380859375  166.69732666015625  -41.700981140136719
4117    -36.635066986083984  164.13247680664062  -44.800800323486328
4118    -33.968788146972656  178.27542114257812  -46.7418212890625
4119    -36.962875366210938  174.53765869140625  -44.513633728027344
4120    -38.03961181640625  179.55377197265625  -43.783420562744141
4121    -40.274204254150391  171.05731201171875  -41.451526641845703
4122    -40.473564147949219  176.06959533691406  -41.264129638671875
4123    -33.535537719726562  137.55902099609375  -47.089576721191406
4124    -33.10858154296875  161.20716857910156  -47.381488800048828
4125    -29.447807312011719  158.98565673828125  -49.852836608886719
4126    -29.121543884277344  154.01649475097656  -49.966251373291016
4127    -26.772617340087891  166.82769775390625  -51.207851409912109
4128    -23.81266975402832  170.72383117675781  -52.685230255126953
4129    30.533065795898438  99.099998474121094  -49.312595367431641
4130    34.803707122802734  99.099998474121094  -46.087554931640625
4131    48.534210205078125  170.28422546386719  74.400001525878906
4132    -57.700752258300781  162.18527221679688  60.813686370849609
4133    -57.541946411132812  158.03044128417969  60.786701202392578
4134    37.852382659912109  102.92189025878906  -43.798347473144531
4135    39.074348449707031  99.099998474121094  -42.862518310546875
4136    48.84564208984375  173.10498046875  -31.055942535400391
4137    46.940769195556641  174.64436340332031  -33.76458740234375
4138    43.401859283447266  107.09616088867188  -38.149868011474609
4139    42.679672241210938  99.099998474121094  -38.907661437988281
4140    46.284999847412109  99.099998474121094  -34.952808380126953
4141    41.5540771484375  102.93180084228516  -40.118633270263672
4142    43.832656860351562  125.05482482910156  -37.749923706054688
4143    -15.459582328796387  217.95693969726562  54.058265686035156
4144    -14.501994132995605  99.099998474121094  -26.907388687133789
4145    54.683425903320312  99.099998474121094  2.6365113258361816
4146    -28.402114868164062  215.51603698730469  48.187503814697266
4147    -45.770656585693359  209.00267028808594  32.249492645263672
4148    -42.830509185791016  211.02420043945312  36.144939422607422
4149    -43.006515502929688  210.38626098632812  35.641799926757812
4150    -39.746135711669922  211.74502563476562  38.980476379394531
4151    -30.342433929443359  215.8428955078125  47.137405395507812
4152    -46.853626251220703  208.63533020019531  30.636125564575195
4153    -44.018257141113281  210.52679443359375  34.733184814453125
4154    -44.842067718505859  209.82977294921875  33.390533447265625
4155    27.155244827270508  99.099998474121094  -19.345146179199219
4156    1.9536470174789429  99.099998474121094  53.77691650390625
4157    5.3287358283996582  99.099998474121094  57.506217956542969
4158    -4.283602237701416  99.099998474121094  48.768852233886719
4159    -1.7523362636566162  99.099998474121094  51.922653198242188
4160    -30.533065795898438  99.099998474121094  -49.312595367431641
4161    -31.167570114135742  99.099998474121094  -43.433185577392578
4162    -34.803707122802734  99.099998474121094  -46.087554931640625
4163    -17.006010055541992  99.099998474121094  -1.1195701360702515
4164    -16.052944183349609  99.099998474121094  -10.966668128967285
4165    -16.596162796020508  99.099998474121094  -5.6465153694152832
4166    -20.654045104980469  99.099998474121094  -8.5477228164672852
4167    -12.215596199035645  99.099998474121094  -1.944424033164978
4168    -26.89478874206543  99.099998474121094  -46.508720397949219
4169    -25.33268928527832  99.099998474121094  -29.203403472900391
4170    -20.283994674682617  99.099998474121094  -33.850696563720703
4171    -23.133293151855469  99.099998474121094  -38.582847595214844
4172    24.191038131713867  99.099998474121094  -23.492835998535156
4173    11.099064826965332  99.099998474121094  -33.607616424560547
4174    20.776407241821289  99.099998474121094  -6.0198678970336914
4175    20.79118537902832  99.099998474121094  -11.110570907592773
4176    20.619453430175781  99.099998474121094  -20.037385940551758
4177    16.423885345458984  99.099998474121094  -23.107385635375977
4178    14.010624885559082  99.099998474121094  -37.619571685791016
4179    4.8000717163085938  99.099998474121094  44.678634643554688
4180    9.6631460189819336  99.099998474121094  41.099452972412109
4181    9.6365222930908203  99.099998474121094  47.256080627441406
4182    -5.217832088470459  220.01359558105469  72.98736572265625
4183    48.194309234619141  130.14347839355469  40.613975524902344
4184    -53.942333221435547  183.62849426269531  55.650432586669922
4185    55.984348297119141  109.05792236328125  -14.663372993469238
4186    -7.0138330459594727  224.21231079101562  56.080825805664062
4187    54.731342315673828  217.85226440429688  -11.407496452331543
4188    54.514263153076172  215.19642639160156  -14.738126754760742
4189    55.657798767089844  218.1190185546875  -7.2610177993774414
4190    52.927955627441406  221.35173034667969  -9.7292671203613281
4191    4.3912177085876465  215.13833618164062  -52.141460418701172
4192    4.618955135345459  210.28501892089844  -54.670608520507812
4193    -32.567390441894531  232.26646423339844  38.725700378417969
4194    -15.656737327575684  218.08692932128906  72.98736572265625
4195    31.677984237670898  231.12814331054688  45.926540374755859
4196    28.052078247070312  229.2154541015625  49.805694580078125
4197    0.49269315600395203  220.92204284667969  55.978569030761719
4198    -47.365592956542969  182.2816162109375  -30.835004806518555
4199    27.207433700561523  213.8790283203125  52.502334594726562
4200    22.194076538085938  216.57310485839844  54.693405151367188
4201    29.490415573120117  212.28067016601562  55.900135040283203
4202    57.775489807128906  167.59420776367188  19.724458694458008
4203    57.843154907226562  165.87672424316406  23.736259460449219
4204    57.786026000976562  166.64122009277344  27.890665054321289
4205    57.347076416015625  170.87762451171875  23.727069854736328
4206    -0.65327674150466919  99.099998474121094  -45.594898223876953
4207    33.737789154052734  99.099998474121094  41.649513244628906
4208    25.718252182006836  99.099998474121094  -46.017391204833984
4209    25.742542266845703  99.099998474121094  -51.697990417480469
4210    30.351106643676758  99.099998474121094  -43.271331787109375
4211    25.523347854614258  99.099998474121094  -40.275608062744141
4212    30.259040832519531  99.099998474121094  -38.0880126953125
4213    -0.15008999407291412  99.099998474121094  -37.040985107421875
4214    1.6085048913955688  99.099998474121094  -42.356533050537109
4215    -8.0656232833862305  99.099998474121094  -5.6263370513916016
4216    12.851365089416504  105.98541259765625  72.918174743652344
4217    16.101163864135742  107.05957794189453  72.975784301757812
4218    10.47166919708252  105.70754241943359  72.98736572265625
4219    -43.13763427734375  177.72314453125  -38.448562622070312
4220    -20.958433151245117  99.099998474121094  -3.5374095439910889
4221    6.5507254600524902  99.099998474121094  22.630622863769531
4222    14.26780891418457  177.47706604003906  -57.945034027099609
4223    53.639736175537109  192.21234130859375  -17.849836349487305
4224    -10.381716728210449  219.36636352539062  65.027015686035156
4225    51.720249176025391  165.78208923339844  74.400001525878906
4226    -10.015649795532227  219.6287841796875  60
4227    -12.972718238830566  219.03068542480469  60
4228    4.9671902656555176  104.71247863769531  73.599998474121094
4229    29.784086227416992  131.23970031738281  74.400001525878906
4230    -5.9737994715855502e-13  104.49995422363281  60
4231    -5.0078248977661133  104.93559265136719  60
4232    45.767910003662109  127.22145080566406  49.601520538330078
4233    34.5557861328125  99.099998474121094  29.273065567016602
4234    31.424522399902344  219.46974182128906  48.5908203125
4235    13.278620719909668  207.62571716308594  -54.464000701904297
4236    16.984035491943359  210.93669128417969  -52.365615844726562
4237    19.785402297973633  220.98858642578125  -41.390834808349609
4238    21.235807418823242  217.90040588378906  -45.595687866210938
4239    26.799076080322266  221.840087890625  -36.897422790527344
4240    24.260828018188477  220.32321166992188  -41.264850616455078
4241    51.994396209716797  219.9033203125  -14.79790210723877
4242    -32.708286285400391  210.80555725097656  -45.180461883544922
4243    38.812400817871094  99.099998474121094  25.404769897460938
4244    28.815797805786133  99.099998474121094  45.244651794433594
4245    23.817655563354492  99.099998474121094  2.2057468891143799
4246    24.281951904296875  99.099998474121094  -3.3301362991333008
4247    34.677425384521484  99.099998474121094  -10.562376022338867
4248    -23.739948272705078  99.099998474121094  -43.758998870849609
4249    30.716543197631836  99.099998474121094  27.628498077392578
4250    25.654302597045898  99.099998474121094  40.386463165283203
4251    24.50474739074707  99.099998474121094  46.204368591308594
4252    25.742542266845703  99.099998474121094  51.697990417480469
4253    12.687991142272949  99.099998474121094  -21.595516204833984
4254    12.615933418273926  99.099998474121094  -27.476457595825195
4255    17.298517227172852  99.099998474121094  -9.8168239593505859
4256    -12.32426643371582  99.099998474121094  -7.7901167869567871
4257    -39.086170196533203  99.099998474121094  -6.1243395805358887
4258    -42.050506591796875  99.099998474121094  -23.454566955566406
4259    -18.813333511352539  99.099998474121094  -29.044015884399414
4260    -9.2890167236328125  99.099998474121094  33.2099609375
4261    -12.711235046386719  99.099998474121094  37.739589691162109
4262    4.5884237289428711  99.099998474121094  40.411518096923828
4263    9.9665861129760742  99.099998474121094  18.290287017822266
4264    11.611884117126465  99.099998474121094  22.923126220703125
4265    45.575115203857422  99.099998474121094  -4.0481481552124023
4266    43.312816619873047  99.099998474121094  -0.25298526883125305
4267    48.897823333740234  99.099998474121094  -1.9212560653686523
4268    29.533119201660156  99.099998474121094  10.754380226135254
4269    3.7431766986846924  99.099998474121094  49.100162506103516
4270    16.356975555419922  99.099998474121094  23.289268493652344
4271    15.323953628540039  99.099998474121094  17.650335311889648
4272    13.371696472167969  99.099998474121094  27.782045364379883
4273    -28.325942993164062  180.84521484375  74.400001525878906
4274    21.247089385986328  99.099998474121094  -48.771926879882812
4275    19.040622711181641  99.099998474121094  -35.93798828125
4276    16.876485824584961  99.099998474121094  -45.624259948730469
4277    -44.351528167724609  139.57992553710938  -37.161190032958984
4278    -48.471649169921875  129.16253662109375  -31.519868850708008
4279    -36.522731781005859  140.0615234375  -44.844028472900391
4280    -28.508113861083984  171.83711242675781  -50.3817138671875
4281    -20.398077011108398  99.099998474121094  40.979339599609375
4282    38.069232940673828  99.099998474121094  -8.0985984802246094
4283    8.3133354187011719  176.10171508789062  74.400001525878906
4284    37.708251953125  118.76968383789062  74.400001525878906
4285    -39.992141723632812  182.62863159179688  -39.851116180419922
4286    -56.05645751953125  163.85792541503906  -14.159207344055176
4287    -15.391473770141602  99.099998474121094  12.011693954467773
4288    8.1054306030273438  99.099998474121094  -3.0157003402709961
4289    8.4546823501586914  99.099998474121094  1.3550059795379639
4290    12.935023307800293  99.099998474121094  -6.1912832260131836
4291    -13.142943382263184  157.77516174316406  74.400001525878906
4292    34.409954071044922  129.62080383300781  -46.488815307617188
4293    -33.552093505859375  142.27755737304688  74.400001525878906
4294    -36.316642761230469  144.7193603515625  74.400001525878906
4295    -7.0906028747558594  105.20815277099609  74.400001525878906
4296    57.685382843017578  165.60958862304688  74.400001525878906
4297    56.957511901855469  145.13346862792969  14.309420585632324
4298    57.623443603515625  145.96746826171875  7.9512109756469727
4299    57.538970947265625  155.197509765625  73.599998474121094
4300    30.429119110107422  135.37481689453125  74.400001525878906
4301    -20.208576202392578  170.78358459472656  74.400001525878906
4302    23.122167587280273  128.14508056640625  -52.986621856689453
4303    26.801288604736328  130.85580444335938  -51.248409271240234
4304    -56.747669219970703  181.77009582519531  -10.929658889770508
4305    -35.962936401367188  180.97212219238281  -43.641181945800781
4306    -39.096710205078125  181.788330078125  -40.664604187011719
4307    54.305416107177734  212.28410339355469  24.43096923828125
4308    56.328704833984375  210.19778442382812  19.682876586914062
4309    5.217832088470459  104.98640441894531  72.98736572265625
4310    1.9713188409805298  104.86892700195312  72.97845458984375
4311    8.185546875  105.22712707519531  72.959327697753906
4312    -37.916984558105469  183.12753295898438  74.400001525878906
4313    11.992520332336426  192.07211303710938  74.400001525878906
4314    15.164698600769043  188.06816101074219  74.400001525878906
4315    16.733860015869141  191.46688842773438  74.400001525878906
4316    57.925907135009766  163.58831787109375  37.286876678466797
4317    -54.526962280273438  182.08161926269531  40.353870391845703
4318    -31.358512878417969  226.87759399414062  -5.521827220916748
4319    -54.392040252685547  163.96614074707031  -19.714696884155273
4320    20.976627349853516  216.57208251953125  57.384330749511719
4321    26.527738571166992  186.59080505371094  74.400001525878906
4322    -25.010410308837891  135.06106567382812  -52.090866088867188
4323    -28.73832893371582  131.53460693359375  -50.235572814941406
4324    -10.47166919708252  219.29246520996094  72.98736572265625
4325    -1.9713188409805298  220.13107299804688  60.821548461914062
4326    -8.185546875  219.77287292480469  60.840671539306641
4327    -2.3472607135772705  220.40980529785156  60.881820678710938
4328    -5.217832088470459  220.01359558105469  60.812637329101562
4329    1.9713188409805298  104.86892700195312  60.821548461914062
4330    8.185546875  105.22712707519531  60.840671539306641
4331    2.3472607135772705  104.59018707275391  60.881820678710938
4332    5.217832088470459  104.98640441894531  60.812637329101562
4333    37.947090148925781  120.55358123779297  -43.760807037353516
4334    -45.139019012451172  182.73529052734375  -36.420719146728516
4335    -54.298694610595703  180.46612548828125  -20.005393981933594
4336    -16.282230377197266  99.099998474121094  20.982067108154297
4337    -14.304213523864746  218.49501037597656  64.452857971191406
4338    40.386161804199219  128.02925109863281  74.400001525878906
4339    12.998400688171387  118.78974914550781  -56.333076477050781
4340    46.017566680908203  160.56106567382812  -35.042766571044922
4341    -56.939933776855469  105.92514801025391  -9.7625617980957031
4342    12.625192642211914  228.1107177734375  4.0764060020446777
4343    10.141315460205078  227.7779541015625  1.5395580530166626
4344    26.599868774414062  216.85923767089844  49.439754486083984
4345    17.601753234863281  119.09629058837891  -55.0625
4346    -13.08376407623291  187.78582763671875  74.400001525878906
4347    56.259021759033203  139.41253662109375  15.297249794006348
4348    55.494903564453125  138.45936584472656  18.922870635986328
4349    -36.262702941894531  229.19235229492188  42.845882415771484
4350    57.929012298583984  163.18490600585938  68.997138977050781
4351    -55.1737060546875  112.22030639648438  17.46354866027832
4352    -37.464878082275391  99.099998474121094  -32.199802398681641
4353    -56.6285400390625  136.97384643554688  -11.591010093688965
4354    -55.795711517333984  139.6246337890625  -15.349501609802246
4355    45.803302764892578  164.26055908203125  -35.265544891357422
4356    -56.023166656494141  134.65724182128906  -14.121713638305664
4357    -27.010189056396484  99.099998474121094  7.7927436828613281
4358    -32.878978729248047  99.099998474121094  10.609272003173828
4359    -31.825778961181641  99.099998474121094  5.4863958358764648
4360    -28.173151016235352  99.099998474121094  10.339511871337891
4361    6.2581267356872559  107.68535614013672  -57.423385620117188
4362    57.310401916503906  183.22505187988281  -7.6145377159118652
4363    -29.073856353759766  99.099998474121094  14.979954719543457
4364    -6.6581034660339355  109.82569885253906  -57.40777587890625
4365    -3.244436502456665  108.04344940185547  -57.728496551513672
4366    -7.1141939163208008  104.48355102539062  -57.357582092285156
4367    -37.586143493652344  231.47593688964844  31.388933181762695
4368    54.452075958251953  139.04275512695312  24.004528045654297
4369    -28.36439323425293  112.34355926513672  73.149940490722656
4370    -29.860815048217773  113.06953430175781  72.98736572265625
4371    -25.195581436157227  110.53633880615234  72.98736572265625
4372    -27.240243911743164  111.677734375  73.222602844238281
4373    54.087574005126953  134.80203247070312  22.300407409667969
4374    -57.829345703125  179.55165100097656  4.8639321327209473
4375    56.868213653564453  209.75189208984375  8.8002204895019531
4376    -26.573431015014648  230.7342529296875  27.376684188842773
4377    45.751228332519531  198.14863586425781  60.983707427978516
4378    -22.416316986083984  195.45802307128906  74.400001525878906
4379    10.395306587219238  209.54454040527344  74.400001525878906
4380    25.693513870239258  116.39711761474609  -51.765628814697266
4381    57.324337005615234  114.68601226806641  -7.8269181251525879
4382    56.593086242675781  112.88826751708984  -11.712403297424316
4383    -22.656717300415039  118.17790985107422  -53.196571350097656
4384    -21.145999908447266  122.37629699707031  -53.973068237304688
4385    -56.661788940429688  110.59004974365234  -11.293721199035645
4386    -55.639381408691406  129.73931884765625  -16.24821662902832
4387    -33.179248809814453  99.099998474121094  24.502923965454102
4388    49.575096130371094  220.2623291015625  29.224407196044922
4389    47.624473571777344  226.07295227050781  30.674354553222656
4390    47.624752044677734  220.66571044921875  32.411556243896484
4391    5.8544940948486328  216.96841430664062  74.400001525878906
4392    21.85992431640625  117.73554992675781  -53.579921722412109
4393    33.116180419921875  216.09600830078125  44.782142639160156
4394    57.889999389648438  151.85458374023438  6.7119674682617188
4395    -20.887361526489258  99.099998474121094  19.282844543457031
4396    -19.86103630065918  99.099998474121094  23.544244766235352
4397    57.962677001953125  162.80133056640625  32.1226806640625
4398    50.815364837646484  224.268798828125  25.314584732055664
4399    57.255577087402344  157.32455444335938  73.312515258789062
4400    57.586463928222656  159.66494750976562  72.999801635742188
4401    57.723396301269531  162.5  73.312515258789062
4402    -56.787757873535156  172.85089111328125  73.312515258789062
4403    -57.108657836914062  170.7003173828125  73.040672302246094
4404    -57.255577087402344  167.67544555664062  73.312515258789062
4405    -57.586463928222656  165.33505249023438  72.999801635742188
4406    -57.723396301269531  162.5  73.312515258789062
4407    -57.331558227539062  167.68231201171875  73.376792907714844
4408    57.331558227539062  157.31768798828125  73.376792907714844
4409    -32.734756469726562  210.29167175292969  57.233955383300781
4410    -33.214347839355469  209.9910888671875  53.459201812744141
4411    -35.691219329833984  208.07023620605469  56.113880157470703
4412    -28.923421859741211  212.6949462890625  55.508071899414062
4413    -31.179426193237305  211.40658569335938  60
4414    52.766254425048828  223.50965881347656  20.684480667114258
4415    49.557605743408203  227.650634765625  20.955240249633789
4416    46.700401306152344  228.85983276367188  24.85331916809082
4417    56.269321441650391  144.24838256835938  19.046762466430664
4418    55.473148345947266  142.71174621582031  22.755401611328125
4419    -34.67852783203125  208.89091491699219  60.049999237060547
4420    56.787757873535156  152.14910888671875  73.312515258789062
4421    57.108657836914062  154.2996826171875  73.040672302246094
4422    8.5280351638793945  228.14447021484375  4.2953453063964844
4423    -31.33839225769043  99.099998474121094  -26.991188049316406
4424    13.102451324462891  226.28904724121094  -9.7375087738037109
4425    14.049836158752441  226.4412841796875  -8.5593204498291016
4426    8.8888235092163086  219.645751953125  74.400001525878906
4427    46.499271392822266  169.52703857421875  -34.366016387939453
4428    13.168628692626953  225.90333557128906  -12.785467147827148
4429    14.987663269042969  225.38699340820312  -16.62138557434082
4430    57.970920562744141  148.66212463378906  2.9659149646759033
4431    -45.751228332519531  126.85136413574219  72.816291809082031
4432    -42.464160919189453  123.28566741943359  68.928230285644531
4433    -39.253997802734375  119.80194854736328  72.816291809082031
4434    -48.393463134765625  130.89166259765625  69.016792297363281
4435    49.919094085693359  191.34211730957031  73.08453369140625
4436    51.060073852539062  189.47976684570312  72.98736572265625
4437    47.619964599609375  195.35612487792969  72.959327697753906
4438    -49.919094085693359  133.65788269042969  73.08453369140625
4439    -51.060073852539062  135.52023315429688  72.98736572265625
4440    -47.619964599609375  129.64387512207031  72.959327697753906
4441    51.060073852539062  189.47976684570312  60.812637329101562
4442    47.619964599609375  195.35612487792969  60.840671539306641
4443    50.233200073242188  190.70132446289062  60.840671539306641
4444    49.919094085693359  191.34211730957031  60.715469360351562
4445    -41.732879638671875  223.27020263671875  37.039230346679688
4446    -41.50408935546875  229.50482177734375  34.938346862792969
4447    -10.751314163208008  233.17692565917969  54.909221649169922
4448    -35.448032379150391  116.84425354003906  68.84344482421875
4449    -15.889308929443359  172.30284118652344  -57.42431640625
4450    -15.167928695678711  177.5799560546875  -57.704029083251953
4451    10.015649795532227  105.37122344970703  60
4452    6.0626602172851562  104.81764221191406  60.200000762939453
4453    56.106887817382812  210.13697814941406  13.989297866821289
4454    44.348056793212891  213.38581848144531  -33.818199157714844
4455    -10.223128318786621  229.57095336914062  18.540622711181641
4456    42.028907775878906  210.98539733886719  -36.679107666015625
4457    57.723396301269531  162.5  60.487483978271484
4458    56.787757873535156  152.14910888671875  60.487483978271484
4459    57.331558227539062  157.31768798828125  60.423206329345703
4460    -35.911979675292969  117.00949859619141  72.918174743652344
4461    -43.318477630615234  123.99591064453125  72.918174743652344
4462    -49.381149291992188  132.1593017578125  72.918174743652344
4463    5.6571493148803711  220.75714111328125  57.732612609863281
4464    56.560310363769531  184.30390930175781  14.299464225769043
4465    56.263328552246094  189.69212341308594  14.090682029724121
4466    55.281558990478516  187.48908996582031  18.890514373779297
4467    49.590648651123047  192.4090576171875  55.995689392089844
4468    -56.718360900878906  150.99629211425781  60.349998474121094
4469    -57.010421752929688  152.97886657714844  60.423206329345703
4470    -57.714340209960938  158.01705932617188  60.317722320556641
4471    -52.929817199707031  203.18316650390625  17.851417541503906
4472    11.314298629760742  220.28250122070312  57.148296356201172
4473    10.015649795532227  219.6287841796875  60
4474    12.972718238830566  219.03068542480469  60
4475    -1.887690544128418  102.99546813964844  57.972976684570312
4476    6.9677963256835938  221.39877319335938  57.618293762207031
4477    3.4838981628417969  221.31527709960938  57.967609405517578
4478    -56.143222808837891  176.60604858398438  60.317722320556641
4479    -57.371322631835938  170.30648803710938  60.25
4480    56.950656890869141  179.21405029296875  15.102368354797363
4481    -55.915195465087891  176.54875183105469  73.180404663085938
4482    -54.011173248291016  182.86622619628906  73.312515258789062
4483    -56.718360900878906  150.99629211425781  73.449996948242188
4484    -57.714340209960938  158.01705932617188  73.482276916503906
4485    -56.934860229492188  152.99148559570312  73.312515258789062
4486    -23.248968124389648  109.36351776123047  60.983707427978516
4487    6.1801309585571289  171.50685119628906  -59.372955322265625
4488    9.9808940887451172  177.1041259765625  -58.818656921386719
4489    56.718360900878906  174.00370788574219  60.349998474121094
4490    57.714340209960938  166.98294067382812  60.317722320556641
4491    57.073051452636719  170.656982421875  60.25
4492    -57.073051452636719  154.343017578125  60.25
4493    8.9201335906982422  233.70046997070312  54.5831298828125
4494    55.915195465087891  148.45124816894531  73.180404663085938
4495    54.011173248291016  142.13377380371094  73.312515258789062
4496    -37.5914306640625  118.34050750732422  74.400001525878906
4497    5.5001916885375977  176.85546875  -59.401123046875
4498    -56.030044555664062  148.29939270019531  72.816291809082031
4499    55.768173217773438  179.507568359375  24.847375869750977
4500    56.692378997802734  175.14048767089844  26.006111145019531
4501    56.79486083984375  176.17655944824219  20.578617095947266
4502    -27.478780746459961  99.099998474121094  -24.607288360595703
4503    14.135225296020508  226.4732666015625  -4.9886698722839355
4504    47.787078857421875  142.72969055175781  -32.716598510742188
4505    -19.180282592773438  178.09115600585938  -56.506439208984375
4506    -4.8689103126525879  229.43550109863281  17.511674880981445
4507    22.435214996337891  109.27033233642578  60.983707427978516
4508    17.623678207397461  107.24237060546875  60.983707427978516
4509    12.526479721069336  106.11007690429688  60.983707427978516
4510    31.722805023193359  99.099998474121094  -7.8261971473693848
4511    -20.978473663330078  172.99969482421875  -55.892581939697266
4512    -41.422092437744141  121.39181518554688  -40.325050354003906
4513    -39.914836883544922  117.79910278320312  -41.952129364013672
4514    -10.223091125488281  158.26107788085938  -57.010417938232422
4515    -7.8526792526245117  152.87916564941406  -57.374008178710938
4516    -1.4960628747940063  103.86592864990234  -57.853214263916016
4517    56.393547058105469  214.16024780273438  11.32193660736084
4518    -21.240570068359375  173.92500305175781  -50.995704650878906
4519    40.100086212158203  121.09117889404297  52.387321472167969
4520    39.824062347412109  120.62271881103516  56.644222259521484
4521    -33.360122680664062  165.1644287109375  -47.196205139160156
4522    -30.021127700805664  163.6436767578125  -49.593658447265625
4523    -57.411415100097656  154.30984497070312  74.400001525878906
4524    42.691871643066406  201.19241333007812  73.094306945800781
4525    41.079082489013672  202.96531677246094  73.222602844238281
4526    45.036273956298828  198.46823120117188  73.086540222167969
4527    41.938091278076172  202.20184326171875  72.98736572265625
4528    5.8459377288818359  220.20512390136719  73.599998474121094
4529    -56.876903533935547  152.86447143554688  73.013298034667969
4530    -57.541946411132812  158.03044128417969  73.013298034667969
4531    -57.552112579345703  155.45738220214844  72.886810302734375
4532    57.40521240234375  167.26055908203125  60.423206329345703
4533    57.329128265380859  167.25425720214844  60.487483978271484
4534    57.226200103759766  169.50273132324219  60.619594573974609
4535    56.934860229492188  172.00851440429688  60.487483978271484
4536    57.783824920654297  165.36614990234375  60.840671539306641
4537    18.459173202514648  157.16934204101562  -54.796928405761719
4538    -50.144561767578125  104.03293609619141  -28.736606597900391
4539    -48.523223876953125  109.31684112548828  -31.368223190307617
4540    -25.63206672668457  99.099998474121094  -1.4126995801925659
4541    -29.790798187255859  99.099998474121094  -4.3804411888122559
4542    -3.8995163440704346  141.5419921875  74.400001525878906
4543    -33.843292236328125  129.82220458984375  74.400001525878906
4544    44.415203094482422  172.48814392089844  -37.093723297119141
4545    -30.042211532592773  226.37077331542969  -9.3943395614624023
4546    -23.794717788696289  99.099998474121094  22.677030563354492
4547    19.549049377441406  99.099998474121094  5.6697888374328613
4548    -25.111942291259766  99.099998474121094  -6.196807861328125
4549    -24.378082275390625  99.099998474121094  -11.183687210083008
4550    -7.646174430847168  133.90385437011719  -57.360576629638672
4551    25.178256988525391  132.87539672851562  74.400001525878906
4552    -41.589317321777344  181.14453125  -40.102069854736328
4553    -23.589225769042969  99.099998474121094  14.746001243591309
4554    38.809635162353516  119.39752960205078  60.200000762939453
4555    30.621200561523438  157.82960510253906  -49.099769592285156
4556    -22.867610931396484  178.69732666015625  -55.095878601074219
4557    -48.408035278320312  173.87615966796875  -31.561124801635742
4558    -28.884542465209961  99.099998474121094  -9.2368354797363281
4559    56.420166015625  150.28094482421875  39.233707427978516
4560    -18.227821350097656  99.099998474121094  15.893030166625977
4561    41.781398773193359  122.28189849853516  74.400001525878906
4562    45.134773254394531  126.48431396484375  74.400001525878906
4563    52.892139434814453  143.96943664550781  -23.65495491027832
4564    -55.331436157226562  179.28858947753906  60
4565    -11.828343391418457  136.64328002929688  -56.723678588867188
4566    7.1987614631652832  116.99900054931641  -57.340221405029297
4567    50.420886993408203  153.65898132324219  -28.502147674560547
4568    46.104587554931641  223.25035095214844  34.367835998535156
4569    -28.267675399780273  174.98866271972656  -47.61224365234375
4570    -42.213653564453125  108.45834350585938  -39.437248229980469
4571    -44.797714233398438  184.94767761230469  -34.615821838378906
4572    -21.007953643798828  108.44612121582031  74.400001525878906
4573    56.395370483398438  147.19807434082031  -13.002442359924316
4574    56.198860168457031  142.39656066894531  -13.682991981506348
4575    11.539978981018066  219.34039306640625  73.599998474121094
4576    34.483600616455078  231.57057189941406  40.818088531494141
4577    -56.317081451416016  175.895263671875  56.726192474365234
4578    -37.4244384765625  99.099998474121094  26.838739395141602
4579    -46.334690093994141  136.55044555664062  -34.70806884765625
4580    -51.171180725097656  109.45265197753906  -27.09718132019043
4581    -39.337615966796875  127.76915740966797  -42.475559234619141
4582    -29.628042221069336  135.95179748535156  -49.797000885009766
4583    -31.79425048828125  108.72911834716797  -48.262908935546875
4584    -26.851295471191406  109.00395965576172  -51.15399169921875
4585    -51.908130645751953  201.46173095703125  25.673591613769531
4586    -55.905967712402344  154.68003845214844  -14.780919075012207
4587    -57.310092926025391  114.76468658447266  -7.8634438514709473
4588    -33.239177703857422  99.099998474121094  29.718364715576172
4589    -4.4951281547546387  164.20541381835938  -57.766365051269531
4590    -21.007724761962891  175.11238098144531  -54.061775207519531
4591    -25.452842712402344  176.05471801757812  -51.880996704101562
4592    -12.529467582702637  141.59519958496094  -56.51446533203125
4593    -10.143980979919434  108.22073364257812  -57.050960540771484
4594    -12.576702117919922  104.02475738525391  -56.467330932617188
4595    -13.943866729736328  108.92235565185547  -56.088695526123047
4596    -17.537813186645508  110.1788330078125  -55.060024261474609
4597    1.7450404167175293  142.83607482910156  -57.830146789550781
4598    -15.32354736328125  99.099998474121094  42.301959991455078
4599    -37.7720947265625  99.099998474121094  6.9618792533874512
4600    -33.878501892089844  99.099998474121094  -7.5567517280578613
4601    -37.254379272460938  99.099998474121094  32.197319030761719
4602    15.952740669250488  207.21611022949219  74.400001525878906
4603    -43.245216369628906  158.22930908203125  74.400001525878906
4604    -25.360616683959961  110.5718994140625  74.400001525878906
4605    52.923675537109375  179.11994934082031  -23.488063812255859
4606    47.060558319091797  131.28404235839844  -33.780612945556641
4607    55.546463012695312  180.21421813964844  -16.089479446411133
4608    54.458599090576172  109.69920349121094  -19.370656967163086
4609    55.380207061767578  156.42236328125  -16.760858535766602
4610    41.920463562011719  211.73495483398438  39.890884399414062
4611    41.589317321777344  215.80166625976562  40.102069854736328
4612    5.3645009994506836  164.14176940917969  -57.530799865722656
4613    9.8617086410522461  164.71827697753906  -57.015010833740234
4614    6.584986686706543  144.794677734375  -57.421192169189453
4615    51.022045135498047  118.52605438232422  -27.38758659362793
4616    27.061857223510742  156.65278625488281  -51.156768798828125
4617    38.382125854492188  159.73902893066406  -43.314472198486328
4618    23.174081802368164  157.30418395996094  -52.9732666015625
4619    52.890975952148438  168.16897583007812  -23.607183456420898
4620    55.497245788574219  167.74822998046875  -16.288747787475586
4621    -54.588088989257812  120.51049041748047  -19.07417106628418
4622    -55.667503356933594  123.83545684814453  -16.177362442016602
4623    -54.971298217773438  108.94554901123047  -18.025394439697266
4624    56.542881011962891  132.24343872070312  -12.229480743408203
4625    -53.199703216552734  122.51520538330078  -22.654966354370117
4626    -17.490175247192383  133.84030151367188  74.400001525878906
4627    37.141437530517578  153.48503112792969  74.400001525878906
4628    31.671222686767578  99.099998474121094  14.693258285522461
4629    32.076465606689453  210.82221984863281  60
4630    -26.081378936767578  99.099998474121094  41.641658782958984
4631    -30.626827239990234  99.099998474121094  43.663612365722656
4632    -40.523323059082031  99.099998474121094  2.6946501731872559
4633    -57.480495452880859  195.12619018554688  -7.7454776763916016
4634    -17.088371276855469  124.81763458251953  -55.213054656982422
4635    -20.578830718994141  127.76740264892578  -54.185111999511719
4636    -19.0963134765625  169.73654174804688  -54.625228881835938
4637    -17.826705932617188  104.79926300048828  -54.971870422363281
4638    -7.6612200736999512  138.68141174316406  -57.420803070068359
4639    -2.8886721134185791  150.47343444824219  -57.849388122558594
4640    -3.190805196762085  140.78749084472656  -57.795211791992188
4641    -47.976261138916016  179.12461853027344  -32.184635162353516
4642    -33.184711456298828  103.92325592041016  -47.310928344726562
4643    -37.217510223388672  103.89482879638672  -44.273036956787109
4644    -36.052692413330078  118.75355529785156  -45.178138732910156
4645    -37.732582092285156  122.66377258300781  -43.837188720703125
4646    -35.894180297851562  144.71122741699219  -45.339210510253906
4647    -25.860158920288086  142.97419738769531  -51.673671722412109
4648    -21.875041961669922  139.88899230957031  -53.620735168457031
4649    -22.604263305664062  145.81163024902344  -53.2752685546875
4650    43.321605682373047  225.24899291992188  -14.28429126739502
4651    15.951887130737305  216.38238525390625  -49.110599517822266
4652    -50.585189819335938  224.06405639648438  25.567350387573242
4653    -52.648159027099609  167.32330322265625  -23.815425872802734
4654    -37.674755096435547  99.099998474121094  -10.18882942199707
4655    -55.865268707275391  141.70254516601562  19.323638916015625
4656    -31.597112655639648  179.64253234863281  -46.882148742675781
4657    46.073997497558594  225.473876953125  -11.153622627258301
4658    49.622634887695312  224.963623046875  -6.9064302444458008
4659    49.796768188476562  223.31932067871094  -11.885567665100098
4660    -6.5145401954650879  224.71728515625  57.554355621337891
4661    -9.5306081771850586  224.27174377441406  55.975090026855469
4662    -5.6571493148803711  220.75714111328125  57.732612609863281
4663    -5.0078248977661133  220.06442260742188  60
4664    55.929172515869141  181.82366943359375  19.851037979125977
4665    -18.566896438598633  107.5799560546875  72.899063110351562
4666    57.933944702148438  175.46080017089844  4.6493749618530273
4667    22.232265472412109  216.06982421875  73.599998474121094
4668    -5.8459377288818359  104.79488372802734  73.599998474121094
4669    -52.976570129394531  185.92941284179688  41.5947265625
4670    -51.434452056884766  189.19212341308594  38.444145202636719
4671    1.2502115964889526  138.14555358886719  -57.889839172363281
4672    -53.999439239501953  191.56661987304688  -12.126036643981934
4673    57.009807586669922  214.66006469726562  6.2029151916503906
4674    16.969503402709961  217.96255493164062  73.599998474121094
4675    56.729572296142578  150.42706298828125  73.599998474121094
4676    55.300857543945312  145.01078796386719  73.599998474121094
4677    -48.381340026855469  130.51177978515625  73.599998474121094
4678    43.160591125488281  123.89700317382812  55.7877197265625
4679    19.109748840332031  174.81004333496094  -54.761459350585938
4680    14.564656257629395  174.29873657226562  -55.944728851318359
4681    32.19122314453125  177.7335205078125  -47.99591064453125
4682    28.112661361694336  176.55146789550781  -50.731433868408203
4683    36.269786834716797  178.91555786132812  -45.260387420654297
4684    -16.332370758056641  174.5172119140625  -55.439132690429688
4685    -29.89796257019043  176.9970703125  -49.700218200683594
4686    -26.190700531005859  138.80638122558594  -51.511154174804688
4687    8.1957073211669922  105.42317962646484  60.577392578125
4688    9.921539306640625  105.70118713378906  60.693519592285156
4689    9.0105257034301758  105.54381561279297  60.710464477539062
4690    27.815450668334961  111.89991760253906  60.805351257324219
4691    28.3221435546875  112.05159759521484  60.840671539306641
4692    25.564252853393555  110.71672058105469  60.812637329101562
4693    26.016965866088867  111.03701782226562  60.718399047851562
4694    24.951198577880859  110.51566314697266  60.577392578125
4695    27.881244659423828  112.03514099121094  60.598495483398438
4696    19.643304824829102  108.28936004638672  60.701992034912109
4697    20.686359405517578  108.58234405517578  60.812637329101562
4698    15.143109321594238  106.86170959472656  60.577392578125
4699    17.539630889892578  107.50588989257812  60.487483978271484
4700    20.159646987915039  108.47665405273438  60.577392578125
4701    9.1135177612304688  105.52456665039062  60.7703857421875
4702    8.2864475250244141  105.34780120849609  60.812637329101562
4703    7.3938503265380859  105.25210571289062  60.487483978271484
4704    10.063013076782227  105.72263336181641  60.577392578125
4705    7.3620009422302246  105.30985260009766  60.577392578125
4706    7.9262371063232422  105.38304138183594  60.710464477539062
4707    7.2814960479736328  105.21109008789062  60.812637329101562
4708    7.308232307434082  105.29222869873047  60.717205047607422
4709    7.9769368171691895  105.30377960205078  60.812637329101562
4710    5.3865842819213867  105.08119964599609  60.726329803466797
4711    6.3888506889343262  105.19049835205078  60.710464477539062
4712    6.5891666412353516  105.221435546875  60.609756469726562
4713    4.8322944641113281  105.04060363769531  60.577392578125
4714    -2.4776911735534668  104.69821166992188  60.840671539306641
4715    -2.2752604484558105  104.88082885742188  60.701942443847656
4716    -3.0918588638305664  104.92588806152344  60.609756469726562
4717    -0.36739626526832581  104.83893585205078  60.577392578125
4718    -2.9916238784790039  104.85417938232422  60.487483978271484
4719    -2.44930100440979  104.80216217041016  60.812637329101562
4720    -5.4006657600402832  105.00328826904297  60.812637329101562
4721    -3.4364156723022461  104.93796539306641  60.710464477539062
4722    -5.6423273086547852  105.11448669433594  60.577392578125
4723    31.9906005859375  210.54751586914062  60.791511535644531
4724    29.860815048217773  211.93046569824219  60.812637329101562
4725    32.535293579101562  210.33973693847656  60.840671539306641
4726    -8.1990690231323242  105.42135620117188  60.710464477539062
4727    -12.327494621276855  106.16970062255859  60.69342041015625
4728    -10.788336753845215  105.85597991943359  60.577392578125
4729    -10.67182445526123  105.74481201171875  60.812637329101562
4730    -14.555320739746094  106.71567535400391  60.642116546630859
4731    -15.93896484375  107.07899475097656  60.563423156738281
4732    -13.280116081237793  106.32501220703125  60.487483978271484
4733    -15.877292633056641  107.06729125976562  60.702426910400391
4734    -15.878063201904297  107.06459808349609  60.710464477539062
4735    -15.937514305114746  107.08403778076172  60.577392578125
4736    -15.841299057006836  106.96539306640625  60.812637329101562
4737    -18.467170715332031  107.87494659423828  60.577392578125
4738    -20.889572143554688  108.66074371337891  60.812637329101562
4739    -23.348941802978516  109.78822326660156  60.636196136474609
4740    -23.138092041015625  109.61692810058594  60.487483978271484
4741    23.115205764770508  215.33076477050781  60.566310882568359
4742    23.190792083740234  215.50350952148438  60.840671539306641
4743    25.195581436157227  214.46365356445312  60.812637329101562
4744    28.299779891967773  212.72830200195312  60.570407867431641
4745    30.317760467529297  211.55662536621094  60.699874877929688
4746    31.533205032348633  210.84922790527344  60.487483978271484
4747    31.99534797668457  210.47306823730469  60.705928802490234
4748    33.610111236572266  209.35395812988281  60.577392578125
4749    33.479286193847656  209.45220947265625  60.696659088134766
4750    34.128227233886719  209.08651733398438  60.812637329101562
4751    50.755264282226562  189.99351501464844  60.487483978271484
4752    51.831447601318359  187.76676940917969  60.691505432128906
4753    56.319664001464844  175.28814697265625  60.815166473388672
4754    56.088783264160156  176.08427429199219  60.774795532226562
4755    56.273292541503906  175.93510437011719  60.840671539306641
4756    54.771839141845703  144.16616821289062  60.817695617675781
4757    54.630573272705078  143.77728271484375  60.812637329101562
4758    54.705146789550781  144.22563171386719  60.73712158203125
4759    54.917186737060547  144.29869079589844  60.840671539306641
4760    54.768791198730469  144.29472351074219  60.786701202392578
4761    44.667831420898438  125.91677856445312  60.802200317382812
4762    44.261024475097656  125.40550994873047  60.812637329101562
4763    44.564449310302734  125.88991546630859  60.731948852539062
4764    45.161624908447266  126.13694000244141  60.913192749023438
4765    35.814918518066406  117.23100280761719  60.487483978271484
4766    36.270839691162109  117.59907531738281  60.794017791748047
4767    32.06646728515625  114.51255798339844  60.786701202392578
4768    8.2876110076904297  105.43894958496094  60.693519592285156
4769    8.1823339462280273  105.38340759277344  60.7703857421875
4770    -13.518796920776367  106.45545959472656  60.642116546630859
4771    -13.900413513183594  106.53829956054688  60.577392578125
4772    -13.745393753051758  106.48997497558594  60.726329803466797
4773    -14.527599334716797  106.69547271728516  60.710464477539062
4774    -13.796039581298828  106.42229461669922  60.812637329101562
4775    -13.056553840637207  106.13767242431641  60.840671539306641
4776    -12.947170257568359  106.22025299072266  60.812637329101562
4777    -13.360621452331543  106.40468597412109  60.710460662841797
4778    -12.609045028686523  106.23326873779297  60.577392578125
4779    -15.196230888366699  106.85816955566406  60.742195129394531
4780    -23.190792083740234  109.49648284912109  60.840671539306641
4781    54.693851470947266  144.26654052734375  60.619594573974609
4782    22.328220367431641  109.52418518066406  60.487483978271484
4783    22.805582046508789  109.53678894042969  60.710464477539062
4784    12.466740608215332  106.37899780273438  60.487483978271484
4785    2.3354005813598633  104.88279724121094  60.710464477539062
4786    2.201113224029541  105.05314636230469  60.487483978271484
4787    -7.7671222686767578  105.41793823242188  60.840671539306641
4788    -8.1358699798583984  105.589599609375  60.487483978271484
4789    -18.209104537963867  107.97097015380859  60.487483978271484
4790    -18.123672485351562  107.81707763671875  60.840671539306641
4791    23.138092041015625  215.38307189941406  60.487483978271484
4792    37.992805480957031  205.83819580078125  60.713367462158203
4793    38.251567840576172  205.76496887207031  60.812637329101562
4794    40.088417053222656  203.92349243164062  60.585464477539062
4795    37.380641937255859  206.40467834472656  60.577392578125
4796    39.066795349121094  204.99441528320312  60.487483978271484
4797    41.938091278076172  202.20184326171875  60.812637329101562
4798    44.190349578857422  199.51612854003906  60.711086273193359
4799    43.533439636230469  124.60682678222656  60.786701202392578
4800    54.011173248291016  142.13377380371094  60.487483978271484
4801    55.915195465087891  148.45124816894531  60.619594573974609
4802    54.151401519775391  142.53306579589844  60.786701202392578
4803    54.019573211669922  142.35646057128906  60.619594573974609
4804    53.109344482421875  140.07867431640625  60.619594573974609
4805    54.241462707519531  142.9410400390625  60.699241638183594
4806    54.157516479492188  142.70362854003906  60.577392578125
4807    49.483657836914062  132.77865600585938  60.487483978271484
4808    51.747413635253906  137.45620727539062  60.487483978271484
4809    51.750129699707031  136.94659423828125  60.786701202392578
4810    49.982231140136719  133.61898803710938  60.790885925292969
4811    49.952232360839844  133.09017944335938  60.897506713867188
4812    46.487159729003906  128.29478454589844  60.786701202392578
4813    44.905876159667969  126.34286499023438  60.619594573974609
4814    46.417819976806641  128.58285522460938  60.487483978271484
4815    43.723766326904297  124.91065216064453  60.699241638183594
4816    45.393714904785156  198.19944763183594  60.812637329101562
4817    46.967689514160156  195.9486083984375  60.708225250244141
4818    43.604362487792969  124.76947021484375  60.577392578125
4819    43.351982116699219  124.38706207275391  60.487483978271484
4820    43.392955780029297  124.54044342041016  60.619594573974609
4821    42.468475341796875  123.5089111328125  60.619594573974609
4822    41.579090118408203  122.56185150146484  60.619594573974609
4823    39.835468292236328  120.73651885986328  60.786701202392578
4824    39.583450317382812  120.80903625488281  60.487483978271484
4825    31.465866088867188  114.38674163818359  60.487483978271484
4826    24.504812240600586  110.31571197509766  60.831417083740234
4827    22.921398162841797  109.26781463623047  60.881820678710938
4828    38.027187347412109  118.73040771484375  60.913192749023438
4829    27.116811752319336  111.54248046875  60.487483978271484
4830    57.108657836914062  154.2996826171875  60.759323120117188
4831    57.586463928222656  159.66494750976562  60.800193786621094
4832    57.378147125244141  154.15779113769531  60.913192749023438
4833    45.533039093017578  197.97862243652344  60.487483978271484
4834    47.351860046386719  195.40493774414062  60.577392578125
4835    54.207862854003906  182.41349792480469  60.812637329101562
4836    52.248863220214844  186.89241027832031  60.577392578125
4837    55.240577697753906  179.17430114746094  60.826652526855469
4838    54.590805053710938  181.25724792480469  60.487483978271484
4839    56.473098754882812  174.18252563476562  60.721206665039062
4840    56.120853424072266  175.70326232910156  60.619594573974609
4841    56.706771850585938  172.89678955078125  60.609043121337891
4842    56.79779052734375  172.75004577636719  60.786701202392578
4843    56.987007141113281  153.28640747070312  60.799667358398438
4844    55.472984313964844  147.12106323242188  60.423206329345703
4845    57.458683013916016  157.7696533203125  60.619594573974609
4846    56.348094940185547  150.30291748046875  60.619594573974609
4847    55.418624877929688  146.38079833984375  60.786701202392578
4848    -41.046714782714844  121.65966033935547  50.805511474609375
4849    -42.604465484619141  123.17845916748047  46.936702728271484
4850    -55.332427978515625  136.96456909179688  18.569957733154297
4851    -53.783126831054688  134.25956726074219  23.3223876953125
4852    -57.145946502685547  152.99552917480469  56.092918395996094
4853    -57.544277191162109  156.83161926269531  60
4854    -52.7109375  138.55599975585938  43.178375244140625
4855    -51.733253479003906  136.38255310058594  38.786849975585938
4856    -43.018505096435547  123.76870727539062  55.044075012207031
4857    -44.696914672851562  125.91789245605469  60
4858    -39.378086090087891  120.08109283447266  55.465675354003906
4859    -41.354709625244141  121.83432769775391  60
4860    -35.588111877441406  116.83665466308594  55.719741821289062
4861    -37.328102111816406  118.42362976074219  60
4862    -34.67852783203125  116.10908508300781  60.049999237060547
4863    -31.179426193237305  113.59341430664062  60
4864    -26.399845123291016  110.85664367675781  60
4865    -21.764348983764648  108.69915771484375  57.080894470214844
4866    -21.382394790649414  108.58522033691406  60
4867    -17.177556991577148  107.27726745605469  60
4868    -57.779384613037109  154.00233459472656  12.329460144042969
4869    -46.923057556152344  128.40840148925781  60.200000762939453
4870    -50.22955322265625  133.49995422363281  60.200000762939453
4871    -10.015649795532227  105.37122344970703  60
4872    -6.0626602172851562  104.81764221191406  60.200000762939453
4873    -12.058897018432617  105.76734924316406  60.200000762939453
4874    -12.972718238830566  105.96930694580078  60
4875    -17.923013687133789  107.33863830566406  60.200000762939453
4876    -23.590763092041016  109.5142822265625  60.200000762939453
4877    -29.000045776367188  112.27044677734375  60.200000762939453
4878    -34.091598510742188  115.57694244384766  60.200000762939453
4879    -38.809635162353516  119.39752960205078  60.200000762939453
4880    -43.102466583251953  123.69036102294922  60.200000762939453
4881    -52.9857177734375  138.90924072265625  60.200000762939453
4882    -55.161365509033203  144.57698059082031  60.200000762939453
4883    -56.648788452148438  150.0531005859375  60
4884    -56.732650756835938  150.44110107421875  60.200000762939453
4885    -55.331436157226562  145.71141052246094  60
4886    -57.10003662109375  152.32177734375  60
4887    -57.682361602783203  156.43733215332031  60.200000762939453
4888    -51.67425537109375  132.09956359863281  28.722667694091797
4889    -53.625057220458984  137.42433166503906  26.803750991821289
4890    -25.677413940429688  110.28260803222656  54.442230224609375
4891    -7.4474468231201172  104.88960266113281  58.873558044433594
4892    -57.086605072021484  151.75062561035156  21.235612869262695
4893    -57.736679077148438  155.55233764648438  16.608600616455078
4894    -55.111949920654297  142.5889892578125  25.271028518676758
4895    -57.246566772460938  153.52296447753906  26.018438339233398
4896    -52.500705718994141  136.47575378417969  31.146596908569336
4897    -49.442352294921875  128.58261108398438  32.222457885742188
4898    11.31444263458252  105.0450439453125  57.450588226318359
4899    15.115976333618164  106.63954925537109  60
4900    -54.821071624755859  138.69749450683594  22.345121383666992
4901    -52.908527374267578  138.36473083496094  35.0904541015625
4902    -56.000942230224609  147.76960754394531  56.077133178710938
4903    -5.37068870279378e-13  104.49990844726562  60.200000762939453
4904    -37.166484832763672  118.02326965332031  51.360771179199219
4905    -35.544647216796875  116.01674652099609  48.195858001708984
4906    -49.309444427490234  132.20335388183594  60.349998474121094
4907    -47.657112121582031  129.61825561523438  60.25
4908    -46.654457092285156  128.2557373046875  60.349998474121094
4909    -27.339908599853516  111.49179077148438  60.349998474121094
4910    -23.208883285522461  109.45513153076172  60.25
4911    -27.335647583007812  111.88385009765625  60.487483978271484
4912    -32.080368041992188  114.33198547363281  60.349998474121094
4913    -31.575052261352539  114.08661651611328  60.423206329345703
4914    -32.560676574707031  114.62294769287109  60.25
4915    -35.859832763671875  117.07555389404297  60.349998474121094
4916    -40.803653717041016  121.42115020751953  60.25
4917    -36.682167053222656  118.02204895019531  60.25
4918    -35.299999237060547  117.07817840576172  60.487483978271484
4919    -39.978443145751953  120.6546630859375  60.349998474121094
4920    -43.255577087402344  124.05181884765625  60.349998474121094
4921    -42.299919128417969  123.51347351074219  60.487483978271484
4922    -45.593463897705078  126.97428894042969  60.423206329345703
4923    -44.230384826660156  125.51969909667969  60.25
4924    -48.144149780273438  131.01393127441406  60.487483978271484
4925    -27.884780883789062  112.03903961181641  60.25
4926    -51.904964447021484  136.90347290039062  60.349998474121094
4927    -52.887664794921875  138.93508911132812  60.25
4928    -50.272388458251953  134.27667236328125  60.25
4929    -50.822624206542969  134.97000122070312  60.423206329345703
4930    -53.841625213623047  141.27767944335938  60.349998474121094
4931    -52.67303466796875  139.37461853027344  60.487483978271484
4932    -55.569797515869141  146.33505249023438  60.349998474121094
4933    -54.663253784179688  143.71784973144531  60.423206329345703
4934    -55.762832641601562  148.36712646484375  60.487483978271484
4935    -56.317192077636719  149.05441284179688  60.25
4936    -54.602428436279297  143.9947509765625  60.25
4937    -57.855339050292969  161.06208801269531  60.349998474121094
4938    -57.693004608154297  167.2496337890625  60.317722320556641
4939    -57.760955810546875  163.44061279296875  60.283859252929688
4940    -57.799999237060547  162.5  60.423206329345703
4941    -57.679004669189453  158.01979064941406  60.379112243652344
4942    -57.828907012939453  159.63160705566406  60.25
4943    -57.600112915039062  164.96905517578125  60.25
4944    46.054569244384766  127.90727996826172  60.417072296142578
4945    37.138725280761719  118.08013153076172  60.25
4946    39.877143859863281  120.72700500488281  60.314556121826172
4947    18.080284118652344  107.52353668212891  60.349998474121094
4948    22.888114929199219  109.34511566162109  60.349998474121094
4949    7.8000555038452148  105.15484619140625  60.349998474121094
4950    12.832704544067383  106.06747436523438  60.349998474121094
4951    -2.7394146919250488  104.69166564941406  60.349998474121094
4952    2.3438525199890137  104.67427825927734  60.349998474121094
4953    -13.187282562255859  106.14928436279297  60.349998474121094
4954    -8.2287406921386719  105.21478271484375  60.349998474121094
4955    -18.534736633300781  107.67508697509766  60.349998474121094
4956    -57.40521240234375  157.73944091796875  60.423206329345703
4957    -56.934860229492188  152.99148559570312  60.487483978271484
4958    -57.657680511474609  167.24673461914062  60.379112243652344
4959    -57.331558227539062  167.68231201171875  60.423206329345703
4960    -56.108848571777344  176.597412109375  60.379112243652344
4961    -56.863121032714844  172.8646240234375  60.423206329345703
4962    -55.472984313964844  177.87893676757812  60.423206329345703
4963    -53.001567840576172  185.68994140625  60.379112243652344
4964    -54.554328918457031  181.816650390625  60.349998474121094
4965    -48.432178497314453  194.14274597167969  60.379112243652344
4966    -44.668498992919922  199.33930969238281  60.25
4967    -41.246349334716797  202.94956970214844  60.346832275390625
4968    -37.138725280761719  206.91987609863281  60.25
4969    -40.903610229492188  203.12959289550781  60.25
4970    -36.185115814208984  207.65071105957031  60.364555358886719
4971    -32.178958892822266  210.3936767578125  60.348419189453125
4972    -32.741481781005859  209.95382690429688  60.25
4973    -31.465866088867188  210.61325073242188  60.487483978271484
4974    48.831928253173828  131.20378112792969  60
4975    50.22955322265625  133.49995422363281  60.200000762939453
4976    46.923057556152344  128.40840148925781  60.200000762939453
4977    8.2287406921386719  219.78521728515625  60.349998474121094
4978    13.066740036010742  218.90629577636719  60.25
4979    7.7731819152832031  219.6265869140625  60.25
4980    2.9955940246582031  220.22232055664062  60.423206329345703
4981    8.1358699798583984  219.410400390625  60.487483978271484
4982    13.187282562255859  218.85072326660156  60.349998474121094
4983    18.534736633300781  217.32492065429688  60.349998474121094
4984    23.208883285522461  215.54486083984375  60.25
4985    18.137811660766602  217.2255859375  60.25
4986    18.209104537963867  217.02902221679688  60.487483978271484
4987    56.732650756835938  150.44110107421875  60.200000762939453
4988    55.161365509033203  144.57698059082031  60.200000762939453
4989    52.9857177734375  138.90924072265625  60.200000762939453
4990    2.7394146919250488  220.30833435058594  60.349998474121094
4991    45.522212982177734  126.55952453613281  60
4992    43.102466583251953  123.69036102294922  60.200000762939453
4993    29.000045776367188  112.27044677734375  60.200000762939453
4994    27.476839065551758  111.42129516601562  60.005462646484375
4995    23.590763092041016  109.5142822265625  60.200000762939453
4996    12.058897018432617  105.76734924316406  60.200000762939453
4997    -18.080284118652344  217.47645568847656  60.349998474121094
4998    -18.584522247314453  217.33634948730469  60.25
4999    -22.888114929199219  215.65489196777344  60.349998474121094
5000    -57.154754638671875  171.59075927734375  60.349998474121094
5001    -54.082851409912109  182.89326477050781  60.423206329345703
5002    -51.747413635253906  187.54379272460938  60.487483978271484
5003    -23.464380264282227  215.16204833984375  60.25
5004    -28.34423828125  212.98776245117188  60.25
5005    -22.328220367431641  215.47581481933594  60.487483978271484
5006    -17.562908172607422  217.56709289550781  60.423206329345703
5007    -12.832704544067383  218.93252563476562  60.349998474121094
5008    -12.466740608215332  218.62100219726562  60.487483978271484
5009    -7.8000555038452148  219.84515380859375  60.349998474121094
5010    -7.4036626815795898  219.82386779785156  60.423206329345703
5011    -8.1919326782226562  219.81755065917969  60.25
5012    -2.3438525199890137  220.32572937011719  60.349998474121094
5013    2.4796240329742432  220.34687805175781  60.25
5014    -2.8561544418334961  220.08221435546875  60.25
5015    -2.201113224029541  219.94685363769531  60.487483978271484
5016    -8.2876110076904297  219.56106567382812  60.693519592285156
5017    -9.0105257034301758  219.45619201660156  60.710464477539062
5018    -8.2864475250244141  219.65220642089844  60.812637329101562
5019    15.196230888366699  218.14183044433594  60.742195129394531
5020    15.877292633056641  217.93270874023438  60.702426910400391
5021    15.93896484375  217.92100524902344  60.563423156738281
5022    13.796039581298828  218.57769775390625  60.812637329101562
5023    15.841299057006836  218.03460693359375  60.812637329101562
5024    22.998249053955078  215.36676025390625  60.628799438476562
5025    18.467170715332031  217.12506103515625  60.577392578125
5026    20.889572143554688  216.33924865722656  60.812637329101562
5027    -31.99534797668457  114.52693939208984  60.705928802490234
5028    -30.317760467529297  113.44336700439453  60.699874877929688
5029    -31.9906005859375  114.45248413085938  60.791511535644531
5030    -31.533205032348633  114.15077972412109  60.487483978271484
5031    -33.479286193847656  115.54779052734375  60.696662902832031
5032    -33.610111236572266  115.64604187011719  60.577392578125
5033    -55.695396423339844  147.56350708007812  60.726390838623047
5034    -56.247386932373047  149.37312316894531  60.817695617675781
5035    -56.120853424072266  149.29673767089844  60.619594573974609
5036    -56.1932373046875  149.51010131835938  60.734535217285156
5037    -54.705146789550781  180.77436828613281  60.73712158203125
5038    -54.693851470947266  180.73345947265625  60.619594573974609
5039    -54.768791198730469  180.70527648925781  60.786701202392578
5040    -54.771839141845703  180.83383178710938  60.817695617675781
5041    -27.815450668334961  213.10008239746094  60.805351257324219
5042    -26.016965866088867  213.96298217773438  60.718399047851562
5043    -27.881244659423828  212.96485900878906  60.598495483398438
5044    -8.1957073211669922  219.57682800292969  60.577392578125
5045    -8.1823339462280273  219.61659240722656  60.7703857421875
5046    -7.9769368171691895  219.69622802734375  60.812637329101562
5047    -7.9262371063232422  219.61695861816406  60.710464477539062
5048    -7.308232307434082  219.70777893066406  60.717205047607422
5049    -7.3620009422302246  219.69015502929688  60.577392578125
5050    -6.5891666412353516  219.778564453125  60.609756469726562
5051    -7.2814960479736328  219.78890991210938  60.812637329101562
5052    -6.3888506889343262  219.80950927734375  60.710464477539062
5053    2.5264208316802979  220.1944580078125  60.812637329101562
5054    2.2752604484558105  220.11918640136719  60.701942443847656
5055    2.4776911735534668  220.30178833007812  60.840671539306641
5056    3.4364156723022461  220.06202697753906  60.710464477539062
5057    3.0918588638305664  220.0740966796875  60.609756469726562
5058    2.9916238784790039  220.14581298828125  60.487483978271484
5059    13.518796920776367  218.54454040527344  60.642116546630859
5060    13.900413513183594  218.46170043945312  60.577392578125
5061    13.280116081237793  218.67498779296875  60.487483978271484
5062    0.36739626526832581  220.16105651855469  60.577392578125
5063    -10.063013076782227  219.27735900878906  60.577392578125
5064    -9.921539306640625  219.29881286621094  60.693519592285156
5065    -5.3865842819213867  219.91879272460938  60.726329803466797
5066    -4.8322944641113281  219.95939636230469  60.577392578125
5067    13.745393753051758  218.51002502441406  60.726329803466797
5068    14.527599334716797  218.30453491210938  60.710464477539062
5069    5.4006657600402832  219.99671936035156  60.812637329101562
5070    5.6423273086547852  219.88551330566406  60.577392578125
5071    12.327494621276855  218.83030700683594  60.69342041015625
5072    10.67182445526123  219.25518798828125  60.812637329101562
5073    13.056553840637207  218.86231994628906  60.840671539306641
5074    12.609045028686523  218.76673889160156  60.577392578125
5075    10.788336753845215  219.14402770996094  60.577392578125
5076    14.555320739746094  218.28433227539062  60.642116546630859
5077    32.178958892822266  114.60631561279297  60.348419189453125
5078    32.741481781005859  115.04618835449219  60.25
5079    57.679004669189453  166.98020935058594  60.379112243652344
5080    57.010421752929688  172.02113342285156  60.423206329345703
5081    57.828907012939453  165.36839294433594  60.25
5082    57.760955810546875  161.55938720703125  60.283859252929688
5083    57.600112915039062  160.03094482421875  60.25
5084    57.657680511474609  157.75326538085938  60.379112243652344
5085    57.371322631835938  154.69351196289062  60.25
5086    57.693004608154297  157.7503662109375  60.317722320556641
5087    57.799999237060547  162.5  60.423206329345703
5088    56.108848571777344  148.402587890625  60.379112243652344
5089    56.863121032714844  152.1353759765625  60.423206329345703
5090    54.960029602050781  144.28448486328125  60.25
5091    56.143222808837891  148.39395141601562  60.317722320556641
5092    53.034042358398438  139.29585266113281  60.317722320556641
5093    50.677139282226562  134.49575805664062  60.25
5094    53.001567840576172  139.31005859375  60.379112243652344
5095    54.554328918457031  143.183349609375  60.349998474121094
5096    48.432178497314453  130.85725402832031  60.379112243652344
5097    44.668498992919922  125.66068267822266  60.25
5098    40.903610229492188  121.87040710449219  60.25
5099    57.855339050292969  163.93791198730469  60.349998474121094
5100    27.339908599853516  213.50820922851562  60.349998474121094
5101    32.560676574707031  210.37705993652344  60.25
5102    27.884780883789062  212.96096801757812  60.25
5103    27.335647583007812  213.11614990234375  60.487483978271484
5104    32.080368041992188  210.66801452636719  60.349998474121094
5105    31.575052261352539  210.91339111328125  60.423206329345703
5106    35.859832763671875  207.9244384765625  60.349998474121094
5107    40.803653717041016  203.57884216308594  60.25
5108    36.682167053222656  206.97795104980469  60.25
5109    35.299999237060547  207.92181396484375  60.487483978271484
5110    39.978443145751953  204.3453369140625  60.349998474121094
5111    43.255577087402344  200.94818115234375  60.349998474121094
5112    42.299919128417969  201.48651123046875  60.487483978271484
5113    46.654457092285156  196.7442626953125  60.349998474121094
5114    47.657112121582031  195.38174438476562  60.25
5115    44.230384826660156  199.48028564453125  60.25
5116    13.360621452331543  218.59532165527344  60.710460662841797
5117    -56.273292541503906  149.06489562988281  60.840671539306641
5118    -7.3938503265380859  219.74789428710938  60.487483978271484
5119    12.947170257568359  218.77975463867188  60.812637329101562
5120    -56.787757873535156  172.85089111328125  60.487483978271484
5121    -57.723396301269531  162.5  60.487483978271484
5122    -54.011173248291016  182.86622619628906  60.487483978271484
5123    55.569797515869141  178.66494750976562  60.349998474121094
5124    55.762832641601562  176.63287353515625  60.487483978271484
5125    -54.019573211669922  182.64353942871094  60.619594573974609
5126    -54.241462707519531  182.0589599609375  60.699241638183594
5127    -54.151401519775391  182.46693420410156  60.786701202392578
5128    -56.473098754882812  150.81747436523438  60.721206665039062
5129    -56.391941070556641  150.05056762695312  60.812637329101562
5130    -56.79779052734375  152.24995422363281  60.786701202392578
5131    -57.108657836914062  170.7003173828125  60.759323120117188
5132    -57.378147125244141  170.84220886230469  60.913192749023438
5133    -56.987007141113281  171.71359252929688  60.799667358398438
5134    -57.520675659179688  167.23545837402344  60.786701202392578
5135    -57.458683013916016  167.2303466796875  60.619594573974609
5136    -56.348094940185547  174.69708251953125  60.619594573974609
5137    -55.418624877929688  178.61920166015625  60.786701202392578
5138    -54.917186737060547  180.70130920410156  60.840671539306641
5139    -54.630573272705078  181.22271728515625  60.812637329101562
5140    -54.207862854003906  142.58650207519531  60.812637329101562
5141    -54.590805053710938  143.74275207519531  60.487483978271484
5142    -54.157516479492188  182.29637145996094  60.577392578125
5143    -53.109344482421875  184.92132568359375  60.619594573974609
5144    -49.978328704833984  191.37861633300781  60.789955139160156
5145    -51.750129699707031  188.05340576171875  60.786701202392578
5146    -49.483657836914062  192.22134399414062  60.487483978271484
5147    -44.667831420898438  199.08322143554688  60.802200317382812
5148    -46.487159729003906  196.70521545410156  60.786701202392578
5149    -45.161624908447266  198.86305236816406  60.913192749023438
5150    -44.905876159667969  198.65713500976562  60.619594573974609
5151    -44.564449310302734  199.11009216308594  60.731948852539062
5152    -43.723766326904297  200.08935546875  60.699241638183594
5153    -43.604362487792969  200.23052978515625  60.577392578125
5154    -34.128227233886719  115.91348266601562  60.812637329101562
5155    -38.251567840576172  119.23503875732422  60.812637329101562
5156    8.1990690231323242  219.57864379882812  60.710464477539062
5157    15.937514305114746  217.91596984863281  60.577392578125
5158    15.878063201904297  217.93539428710938  60.710464477539062
5159    18.123672485351562  217.18292236328125  60.840671539306641
5160    -28.299779891967773  112.27169036865234  60.570407867431641
5161    -25.195581436157227  110.53633880615234  60.812637329101562
5162    -32.535293579101562  114.66027069091797  60.840671539306641
5163    -37.992805480957031  119.16180419921875  60.713367462158203
5164    -43.392955780029297  200.45954895019531  60.619594573974609
5165    -40.088420867919922  121.07650756835938  60.585464477539062
5166    -37.380641937255859  118.59532165527344  60.577392578125
5167    -39.066795349121094  120.00557708740234  60.487483978271484
5168    -41.938091278076172  122.79816436767578  60.812637329101562
5169    -44.190349578857422  125.48387908935547  60.711086273193359
5170    -45.393714904785156  126.80055999755859  60.812637329101562
5171    -46.967689514160156  129.0513916015625  60.708225250244141
5172    -45.533039093017578  127.02137756347656  60.487483978271484
5173    -49.131637573242188  132.31260681152344  60.710464477539062
5174    -47.351860046386719  129.59506225585938  60.577392578125
5175    -47.619964599609375  129.64387512207031  60.840671539306641
5176    -51.512462615966797  136.60969543457031  60.708683013916016
5177    -51.060073852539062  135.52023315429688  60.812637329101562
5178    -50.755264282226562  135.00648498535156  60.487483978271484
5179    -52.248863220214844  138.10758972167969  60.577392578125
5180    -29.860815048217773  113.06953430175781  60.812637329101562
5181    -35.814918518066406  207.76899719238281  60.487483978271484
5182    -36.270839691162109  207.40092468261719  60.794017791748047
5183    -32.06646728515625  210.48744201660156  60.786701202392578
5184    -25.564252853393555  214.28327941894531  60.812637329101562
5185    -28.3221435546875  212.94841003417969  60.840671539306641
5186    -24.951198577880859  214.48432922363281  60.577392578125
5187    -19.643304824829102  216.71063232421875  60.701992034912109
5188    -20.686359405517578  216.41766357421875  60.812637329101562
5189    -15.143109321594238  218.13829040527344  60.577392578125
5190    -17.539630889892578  217.49411010742188  60.487483978271484
5191    -20.159646987915039  216.52334594726562  60.577392578125
5192    -9.1135177612304688  219.47543334960938  60.7703857421875
5193    -43.533439636230469  200.39317321777344  60.786701202392578
5194    -39.835468292236328  204.26347351074219  60.786701202392578
5195    -38.027187347412109  206.26959228515625  60.913192749023438
5196    -27.116811752319336  213.45751953125  60.487483978271484
5197    -22.805582046508789  215.46321105957031  60.710464477539062
5198    45.593463897705078  198.02571105957031  60.423206329345703
5199    -2.3354005813598633  220.11720275878906  60.710464477539062
5200    -48.471149444580078  194.168212890625  60.233184814453125
5201    -50.322769165039062  191.12330627441406  60.200000762939453
5202    -57.704074859619141  167.25054931640625  60.233184814453125
5203    -57.614284515380859  168.18057250976562  60.200000762939453
5204    -57.701957702636719  167.25038146972656  60.216457366943359
5205    -57.892448425292969  162.12712097167969  60.200000762939453
5206    -56.151935577392578  176.60823059082031  60.216457366943359
5207    -55.174217224121094  180.03512573242188  60.200000762939453
5208    -56.704883575439453  174.17178344726562  60.200000762939453
5209    -56.153995513916016  176.60874938964844  60.233184814453125
5210    -53.044216156005859  185.70860290527344  60.233184814453125
5211    -53.039047241210938  185.70634460449219  60.200000762939453
5212    -48.469371795654297  194.16705322265625  60.216457366943359
5213    -47.055149078369141  196.22666931152344  60.200000762939453
5214    -42.648284912109375  201.65617370605469  60.216457366943359
5215    -39.014713287353516  205.27296447753906  60.200000762939453
5216    -43.102466583251953  201.30963134765625  60.200000762939453
5217    -42.649848937988281  201.65760803222656  60.233184814453125
5218    -43.271976470947266  200.96051025390625  60.200000762939453
5219    -35.880710601806641  207.93849182128906  60.216457366943359
5220    -34.329994201660156  209.11680603027344  60.200000762939453
5221    -35.882026672363281  207.94015502929688  60.233184814453125
5222    -54.943763732910156  144.255615234375  60.200000762939453
5223    -18.244379043579102  217.44377136230469  60.200000762939453
5224    -23.887622833251953  215.2357177734375  60.200000762939453
5225    -12.401247978210449  219.04983520507812  60.200000762939453
5226    -6.4222450256347656  220.03633117675781  60.200000762939453
5227    5.6805720329284668  220.11428833007812  60.200000762939453
5228    -0.37287920713424683  220.39244079589844  60.200000762939453
5229    17.535121917724609  217.67420959472656  60.200000762939453
5230    11.671786308288574  219.20487976074219  60.200000762939453
5231    23.206338882446289  215.53904724121094  60.200000762939453
5232    -42.772968292236328  123.48529052734375  60.200000762939453
5233    -38.460506439208984  119.22801971435547  60.200000762939453
5234    -33.726661682128906  115.44485473632812  60.200000762939453
5235    -28.623300552368164  112.17723083496094  60.200000762939453
5236    -49.94989013671875  133.23085021972656  60.200000762939453
5237    -29.269147872924805  212.44989013671875  60.200000762939453
5238    -56.549835205078125  150.0987548828125  60.200000762939453
5239    -57.723297119140625  158.016357421875  60.216457366943359
5240    -57.536331176757812  156.0777587890625  60.200000762939453
5241    -57.725414276123047  158.01618957519531  60.233184814453125
5242    54.559867858886719  180.99081420898438  60.840671539306641
5243    37.451267242431641  206.31816101074219  60.834091186523438
5244    40.771846771240234  203.54682922363281  60.840671539306641
5245    43.318477630615234  201.00408935546875  60.881820678710938
5246    48.144149780273438  193.98606872558594  60.487483978271484
5247    52.846439361572266  186.04653930664062  60.840671539306641
5248    52.67303466796875  185.62538146972656  60.487483978271484
5249    35.911979675292969  207.99049377441406  60.881820678710938
5250    57.290809631347656  169.05810546875  60.813686370849609
5251    56.843536376953125  173.93051147460938  60.913192749023438
5252    55.975521087646484  148.43609619140625  60.786701202392578
5253    56.179553985595703  148.38482666015625  60.858230590820312
5254    41.815891265869141  122.33439636230469  60.913192749023438
5255    32.183349609375  114.337646484375  60.858230590820312
5256    28.866146087646484  212.40296936035156  60.831806182861328
5257    27.379665374755859  213.58238220214844  60.881820678710938
5258    54.943763732910156  180.744384765625  60.200000762939453
5259    52.7357177734375  186.38761901855469  60.200000762939453
5260    52.887664794921875  186.06491088867188  60.25
5261    18.584522247314453  107.66365051269531  60.25
5262    8.1919326782226562  105.18244171142578  60.25
5263    -2.4796240329742432  104.65312194824219  60.25
5264    2.8561544418334961  104.91778564453125  60.25
5265    -13.066740036010742  106.09370422363281  60.25
5266    -7.7731819152832031  105.3734130859375  60.25
5267    -18.137811660766602  107.7744140625  60.25
5268    28.623300552368164  212.82276916503906  60.200000762939453
5269    49.94989013671875  191.76914978027344  60.200000762939453
5270    46.616802215576172  196.82998657226562  60.200000762939453
5271    56.704883575439453  150.82821655273438  60.200000762939453
5272    57.614284515380859  156.81942749023438  60.200000762939453
5273    53.039047241210938  139.29365539550781  60.200000762939453
5274    55.174217224121094  144.96487426757812  60.200000762939453
5275    50.322769165039062  133.87669372558594  60.200000762939453
5276    43.271976470947266  124.03949737548828  60.200000762939453
5277    47.055149078369141  128.77333068847656  60.200000762939453
5278    18.244379043579102  107.55623626708984  60.200000762939453
5279    23.887622833251953  109.7642822265625  60.200000762939453
5280    12.401247978210449  105.95016479492188  60.200000762939453
5281    6.4222450256347656  104.96366882324219  60.200000762939453
5282    -5.6805720329284668  104.88571929931641  60.200000762939453
5283    0.37287920713424683  104.60755157470703  60.200000762939453
5284    -17.535121917724609  107.32578277587891  60.200000762939453
5285    -11.671786308288574  105.79511260986328  60.200000762939453
5286    -23.206338882446289  109.46095275878906  60.200000762939453
5287    42.772968292236328  201.51470947265625  60.200000762939453
5288    38.460506439208984  205.77197265625  60.200000762939453
5289    33.726661682128906  209.55514526367188  60.200000762939453
5290    49.309444427490234  192.79664611816406  60.349998474121094
5291    51.904964447021484  188.09652709960938  60.349998474121094
5292    50.272388458251953  190.72332763671875  60.25
5293    50.822624206542969  190.02999877929688  60.423206329345703
5294    53.841625213623047  183.72232055664062  60.349998474121094
5295    54.663253784179688  181.28215026855469  60.423206329345703
5296    54.602428436279297  181.0052490234375  60.25
5297    56.317192077636719  175.94558715820312  60.25
5298    57.154754638671875  153.40924072265625  60.349998474121094
5299    54.082851409912109  142.10673522949219  60.423206329345703
5300    23.464380264282227  109.83794403076172  60.25
5301    35.880710601806641  117.06150817871094  60.216457366943359
5302    34.329994201660156  115.88320159912109  60.200000762939453
5303    39.014713287353516  119.72702789306641  60.200000762939453
5304    53.044216156005859  139.29139709472656  60.233184814453125
5305    48.469371795654297  130.83294677734375  60.216457366943359
5306    48.471149444580078  130.831787109375  60.233184814453125
5307    42.648284912109375  123.34382629394531  60.216457366943359
5308    42.649848937988281  123.34239196777344  60.233184814453125
5309    56.153995513916016  148.39125061035156  60.233184814453125
5310    56.151935577392578  148.39176940917969  60.216457366943359
5311    35.882026672363281  117.05983734130859  60.233184814453125
5312    28.34423828125  112.01223754882812  60.25
5313    29.269147872924805  112.55010986328125  60.200000762939453
5314    -46.616802215576172  128.17001342773438  60.200000762939453
5315    -52.7357177734375  138.61238098144531  60.200000762939453
5316    56.549835205078125  174.9012451171875  60.200000762939453
5317    57.723297119140625  166.983642578125  60.216457366943359
5318    57.892448425292969  162.87287902832031  60.200000762939453
5319    57.536331176757812  168.9222412109375  60.200000762939453
5320    57.725414276123047  166.98381042480469  60.233184814453125
5321    57.701957702636719  157.74961853027344  60.216457366943359
5322    57.704074859619141  157.74945068359375  60.233184814453125
5323    39.272769927978516  209.4356689453125  -40.534481048583984
5324    35.345588684082031  211.37666320800781  -40.854068756103516
5325    38.726375579833984  211.27049255371094  -36.915287017822266
5326    43.688003540039062  230.11715698242188  28.882162094116211
5327    43.661205291748047  228.23408508300781  35.131568908691406
5328    20.651210784912109  213.4427490234375  -49.561450958251953
5329    26.334079742431641  217.346923828125  -44.26806640625
5330    30.01264762878418  218.67524719238281  -40.814464569091797
5331    48.141731262207031  216.63020324707031  -26.280826568603516
5332    33.691654205322266  214.92886352539062  -39.244277954101562
5333    37.581375122070312  220.52809143066406  -31.906698226928711
5334    40.082599639892578  214.93229675292969  -34.391895294189453
5335    36.602249145507812  215.349365234375  -32.509033203125
5336    42.467185974121094  217.94866943359375  -32.079978942871094
5337    34.318027496337891  226.16046142578125  33.088760375976562
5338    34.888214111328125  223.8299560546875  32.892646789550781
5339    36.722362518310547  223.91680908203125  32.737026214599609
5340    38.973781585693359  226.24305725097656  33.901298522949219
5341    32.704368591308594  224.07342529296875  36.449935913085938
5342    33.942264556884766  224.02412414550781  38.841686248779297
5343    33.346954345703125  223.27020263671875  36.678085327148438
5344    32.740280151367188  228.2467041015625  37.461757659912109
5345    34.944190979003906  227.31088256835938  40.376052856445312
5346    33.583404541015625  223.30522155761719  34.323989868164062
5347    54.293777465820312  222.79582214355469  15.771625518798828
5348    55.514797210693359  218.54331970214844  13.867012023925781
5349    56.52008056640625  217.87271118164062  9.4959516525268555
5350    55.377185821533203  221.87480163574219  10.721742630004883
5351    46.857669830322266  226.99925231933594  -2.3477230072021484
5352    52.183845520019531  226.15455627441406  12.07453727722168
5353    53.894134521484375  224.01524353027344  7.5384964942932129
5354    51.731094360351562  225.87945556640625  17.216270446777344
5355    48.326896667480469  228.54580688476562  15.64277458190918
5356    12.259567260742188  226.22407531738281  -10.263368606567383
5357    24.440732955932617  224.415771484375  -23.958703994750977
5358    -38.576023101806641  225.58746337890625  33.688796997070312
5359    -32.990001678466797  223.39114379882812  36.947639465332031
5360    -33.516971588134766  223.33766174316406  37.913631439208984
5361    -33.070228576660156  224.43601989746094  34.439167022705078
5362    -35.765460968017578  227.8255615234375  32.572017669677734
5363    -34.207637786865234  224.04304504394531  33.21575927734375
5364    38.550880432128906  223.50550842285156  33.819183349609375
5365    41.268379211425781  223.28083801269531  36.521560668945312
5366    35.769199371337891  223.27020263671875  33.293380737304688
5367    37.1905517578125  223.27020263671875  33.510063171386719
5368    33.333072662353516  223.27020263671875  35.511695861816406
5369    34.660675048828125  223.27020263671875  33.656635284423828
5370    37.276664733886719  223.28469848632812  42.776279449462891
5371    37.517215728759766  223.27020263671875  40.571727752685547
5372    36.19940185546875  229.33451843261719  42.7501220703125
5373    -19.877872467041016  223.8482666015625  -28.731149673461914
5374    -16.633768081665039  224.26548767089844  -25.58912467956543
5375    4.1242280006408691  226.00802612304688  -12.116817474365234
5376    1.0398837327957153  226.44810485839844  -8.968174934387207
5377    37.401992797851562  213.27020263671875  -36.469402313232422
5378    36.838798522949219  212.97215270996094  -37.965854644775391
5379    37.461395263671875  212.79313659667969  -34.056285858154297
5380    38.088516235351562  211.27020263671875  -34.153453826904297
5381    38.704811096191406  211.27020263671875  -35.186271667480469
5382    36.940269470214844  211.27020263671875  -38.721893310546875
5383    35.098155975341797  211.27024841308594  -38.679847717285156
5384    34.659957885742188  212.98509216308594  -37.528060913085938
5385    33.747585296630859  211.27020263671875  -37.615776062011719
5386    34.310958862304688  212.99240112304688  -35.437507629394531
5387    33.266727447509766  211.27020263671875  -36.002521514892578
5388    38.109203338623047  212.94332885742188  -35.538825988769531
5389    29.215234756469727  222.88058471679688  -32.589839935302734
5390    55.208644866943359  214.67039489746094  16.377920150756836
5391    35.719463348388672  212.84947204589844  -33.761394500732422
5392    36.524070739746094  213.26556396484375  -34.753543853759766
5393    35.745105743408203  213.27020263671875  -34.698886871337891
5394    35.040237426757812  213.27020263671875  -37.019050598144531
5395    35.422676086425781  213.27020263671875  -37.297119140625
5396    37.2991943359375  213.27020263671875  -35.416954040527344
5397    37.451519012451172  213.27020263671875  -35.998809814453125
5398    34.906871795654297  213.27011108398438  -36.85369873046875
5399    34.702167510986328  213.26264953613281  -36.295005798339844
5400    37.084651947021484  213.27020263671875  -35.105842590332031
5401    36.903301239013672  213.27020263671875  -34.943187713623047
5402    34.677455902099609  213.27020263671875  -35.856620788574219
5403    34.722896575927734  213.27020263671875  -35.655490875244141
5404    34.882453918457031  213.27020263671875  -35.319595336914062
5405    35.308517456054688  213.27008056640625  -34.892898559570312
5406    33.595146179199219  211.27020263671875  -34.751113891601562
5407    34.772476196289062  211.27020263671875  -33.591407775878906
5408    36.754772186279297  211.27020263671875  -33.360309600830078
5409    47.035419464111328  213.96434020996094  -29.818384170532227
5410    50.341861724853516  212.86703491210938  -25.246200561523438
5411    53.860195159912109  221.82969665527344  -4.7657337188720703
5412    26.455713272094727  223.97598266601562  -27.767660140991211
5413    23.860044479370117  210.94615173339844  -49.949028015136719
5414    32.698646545410156  208.53884887695312  -45.848625183105469
5415    -2.8132100105285645  230.72308349609375  24.284187316894531
5416    -9.5388431549072266  230.75814819335938  25.259872436523438
5417    -5.6306166648864746  230.73077392578125  25.051845550537109
5418    -5.4860820770263672  230.8729248046875  24.925189971923828
5419    -4.6776928901672363  230.7947998046875  24.828908920288086
5420    -1.8967252969741821  230.58711242675781  23.960710525512695
5421    -20.230159759521484  230.13844299316406  19.233898162841797
5422    -5.3903884887695312  230.81764221191406  24.972366333007812
5423    -2.0174155235290527  230.67672729492188  23.978366851806641
5424    -2.0490405559539795  230.7537841796875  23.892955780029297
5425    0.13434691727161407  230.43585205078125  22.811761856079102
5426    -0.37242719531059265  230.60971069335938  23.049840927124023
5427    -26.671894073486328  224.66819763183594  -22.036201477050781
5428    -26.860872268676758  224.61666870117188  -21.389316558837891
5429    -25.919612884521484  231.14804077148438  28.221343994140625
5430    -26.935863494873047  230.92095947265625  26.496549606323242
5431    -24.72065544128418  231.26992797851562  29.147174835205078
5432    -25.296022415161133  231.36735534667969  28.842077255249023
5433    -25.81829833984375  224.40377807617188  -23.006362915039062
5434    -25.796131134033203  224.52435302734375  -23.145380020141602
5435    -24.407224655151367  224.39729309082031  -23.979288101196289
5436    -24.123249053955078  224.27346801757812  -23.996162414550781
5437    -22.588640213012695  224.37057495117188  -24.325666427612305
5438    -21.381519317626953  223.9609375  -24.07176399230957
5439    9.0427846908569336  227.84199523925781  3.1094124317169189
5440    14.372580528259277  226.56266784667969  -7.6915111541748047
5441    12.632020950317383  226.12185668945312  -9.9563503265380859
5442    14.05555534362793  226.33018493652344  -8.3739128112792969
5443    24.326866149902344  223.9888916015625  -23.859323501586914
5444    -11.757752418518066  229.51899719238281  18.145881652832031
5445    25.756282806396484  224.51962280273438  -23.169532775878906
5446    3.5000660419464111  229.76007080078125  16.595258712768555
5447    3.4363713264465332  229.82124328613281  17.05987548828125
5448    3.5431094169616699  229.69645690917969  16.608654022216797
5449    3.5000660419464111  229.76008605957031  16.595260620117188
5450    3.9482090473175049  226.54911804199219  -7.7958054542541504
5451    4.632530689239502  226.24385070800781  -9.0297012329101562
5452    4.9397945404052734  226.323486328125  -9.4727687835693359
5453    5.5607585906982422  226.1368408203125  -9.8425369262695312
5454    6.9741659164428711  226.18450927734375  -10.463356018066406
5455    6.5500617027282715  225.78228759765625  -10.237166404724121
5456    4.9800820350646973  225.8995361328125  -9.3465805053710938
5457    -34.431083679199219  223.27020263671875  33.805885314941406
5458    -33.308357238769531  223.27020263671875  35.627967834472656
5459    -21.250228881835938  223.98387145996094  -23.897512435913086
5460    -22.953426361083984  223.94676208496094  -24.17943000793457
5461    -26.133794784545898  224.14543151855469  -22.670330047607422
5462    -24.918003082275391  224.0223388671875  -23.605365753173828
5463    13.356594085693359  225.90071105957031  -9.3377180099487305
5464    14.24366569519043  226.102783203125  -7.8027091026306152
5465    -25.327800750732422  231.55006408691406  50.192787170410156
5466    24.115880966186523  231.01084899902344  29.477689743041992
5467    24.186410903930664  230.96136474609375  29.101810455322266
5468    24.190641403198242  230.98988342285156  29.318393707275391
5469    -51.551651000976562  204.61715698242188  21.264202117919922
5470    -50.173488616943359  206.05116271972656  24.67698860168457
5471    -47.972072601318359  207.52691650390625  28.463241577148438
5472    -14.836931228637695  173.85174560546875  -53.22454833984375
5473    -9.9607934951782227  173.26930236816406  -54.575798034667969
5474    5.5910530090332031  223.41883850097656  57.729888916015625
5475    11.657016754150391  223.02415466308594  56.816493988037109
5476    16.332370758056641  222.42898559570312  55.439132690429688
5477    -51.795768737792969  209.24302673339844  22.358257293701172
5478    -49.55322265625  211.06552124023438  26.542293548583984
5479    -21.394468307495117  219.50448608398438  52.047035217285156
5480    -53.063163757324219  208.43487548828125  19.596652984619141
5481    -54.785614013671875  206.05882263183594  14.103321075439453
5482    -35.20599365234375  180.42666625976562  -43.790042877197266
5483    -38.115573883056641  179.33468627929688  -41.156684875488281
5484    -52.043788909912109  209.68241882324219  22.335945129394531
5485    -40.39202880859375  180.50137329101562  -37.797397613525391
5486    -1.1716872453689575  220.05949401855469  56.081272125244141
5487    55.432098388671875  145.44831848144531  31.674980163574219
5488    55.661857604980469  145.576904296875  27.239873886108398
5489    -56.366611480712891  184.65115356445312  15.208128929138184
5490    -57.544277191162109  168.16838073730469  60
5491    -57.222297668457031  171.49369812011719  55.790412902832031
5492    -43.180080413818359  201.0399169921875  55.029281616210938
5493    -41.354869842529297  203.16580200195312  60
5494    -39.415714263916016  204.8851318359375  55.477046966552734
5495    -41.166011810302734  203.24502563476562  50.587223052978516
5496    -42.74822998046875  201.79913330078125  45.636886596679688
5497    -37.328182220458984  206.57643127441406  60
5498    -26.399869918823242  214.14341735839844  60
5499    -24.750949859619141  215.00541687011719  56.039207458496094
5500    52.531539916992188  131.60096740722656  25.888900756835938
5501    49.832069396972656  132.98307800292969  54.779800415039062
5502    25.69129753112793  110.56103515625  56.529827117919922
5503    48.276691436767578  130.90582275390625  49.883384704589844
5504    46.506603240966797  128.05508422851562  54.599842071533203
5505    -51.368980407714844  193.33692932128906  29.318569183349609
5506    -52.084465026855469  188.86842346191406  32.555805206298828
5507    -49.872062683105469  192.92668151855469  35.564109802246094
5508    -48.662044525146484  197.23260498046875  33.584114074707031
5509    -46.338134765625  200.220703125  36.628849029541016
5510    23.770280838012695  103.45066833496094  52.809391021728516
5511    -35.310337066650391  209.1683349609375  48.485095977783203
5512    -31.488925933837891  212.15701293945312  50.288494110107422
5513    -17.177541732788086  217.72273254394531  60
5514    -38.919151306152344  205.80409240722656  46.943656921386719
5515    -41.307815551757812  205.06816101074219  42.417812347412109
5516    -37.1727294921875  206.93649291992188  51.641960144042969
5517    -55.075908660888672  187.88909912109375  19.715412139892578
5518    34.729820251464844  213.23817443847656  -35.837478637695312
5519    34.760330200195312  211.99407958984375  -35.578117370605469
5520    34.715156555175781  211.9859619140625  -35.786045074462891
5521    34.859523773193359  213.23115539550781  -35.489608764648438
5522    35.306015014648438  213.05058288574219  -35.378932952880859
5523    35.618331909179688  213.24974060058594  -34.766578674316406
5524    35.595462799072266  211.97447204589844  -34.789981842041016
5525    35.798915863037109  211.99774169921875  -34.692062377929688
5526    35.939876556396484  213.2376708984375  -34.724506378173828
5527    35.889965057373047  211.98268127441406  -34.703689575195312
5528    36.199684143066406  213.07044982910156  -35.017417907714844
5529    35.060153961181641  213.04940795898438  -36.231479644775391
5530    35.010356903076172  211.80058288574219  -36.129764556884766
5531    35.088054656982422  211.78741455078125  -36.351276397705078
5532    35.062236785888672  213.11032104492188  -36.573009490966797
5533    34.977695465087891  211.98741149902344  -36.911968231201172
5534    34.985664367675781  213.19157409667969  -36.728542327880859
5535    35.430534362792969  211.78057861328125  -35.262405395507812
5536    35.679500579833984  213.05979919433594  -37.023998260498047
5537    35.178550720214844  211.97871398925781  -37.099655151367188
5538    35.705474853515625  211.7823486328125  -37.01397705078125
5539    35.858142852783203  211.78227233886719  -37.064228057861328
5540    35.925209045410156  213.07044982910156  -37.107475280761719
5541    36.302719116210938  211.995361328125  -37.43316650390625
5542    35.162212371826172  213.24974060058594  -37.094978332519531
5543    35.056716918945312  211.99711608886719  -37.02685546875
5544    34.969715118408203  213.25001525878906  -36.880592346191406
5545    36.469402313232422  213.26228332519531  -37.387546539306641
5546    36.50897216796875  211.98231506347656  -37.356594085693359
5547    36.694358825683594  211.78057861328125  -36.86248779296875
5548    36.379787445068359  213.27020263671875  -37.426006317138672
5549    36.355579376220703  211.77412414550781  -35.097553253173828
5550    36.041057586669922  211.50880432128906  -36.391838073730469
5551    37.03167724609375  213.054931640625  -35.722755432128906
5552    37.040752410888672  211.77430725097656  -35.818019866943359
5553    37.159881591796875  211.96870422363281  -35.284091949462891
5554    36.901424407958984  213.23068237304688  -35.018970489501953
5555    37.120323181152344  211.997314453125  -35.153095245361328
5556    36.961601257324219  211.98268127441406  -35.029251098632812
5557    37.159999847412109  213.23117065429688  -35.307056427001953
5558    36.426761627197266  213.05308532714844  -35.106613159179688
5559    36.009273529052734  213.27020263671875  -37.455757141113281
5560    36.167808532714844  213.23115539550781  -37.390621185302734
5561    37.242435455322266  213.27020263671875  -36.8052978515625
5562    37.265365600585938  213.23115539550781  -36.635284423828125
5563    36.742401123046875  213.04428100585938  -36.807491302490234
5564    36.683555603027344  213.26998901367188  -37.31793212890625
5565    37.080860137939453  213.05813598632812  -35.896736145019531
5566    37.413238525390625  211.99736022949219  -36.411128997802734
5567    37.406753540039062  213.24974060058594  -36.325767517089844
5568    37.337936401367188  211.98666381835938  -36.580123901367188
5569    36.862342834472656  211.794921875  -36.722991943359375
5570    -55.9080810546875  196.13050842285156  -8.8459482192993164
5571    -56.478557586669922  198.36735534667969  -3.6760730743408203
5572    -47.912826538085938  212.94589233398438  30.026603698730469
5573    -45.269218444824219  214.61343383789062  33.882560729980469
5574    -50.932403564453125  210.595947265625  24.59303092956543
5575    -56.578037261962891  199.35284423828125  -1.3983016014099121
5576    -56.412055969238281  199.31196594238281  -0.43991774320602417
5577    -55.332286834716797  194.78868103027344  -11.947089195251465
5578    -55.375289916992188  194.81953430175781  -10.752546310424805
5579    -55.893672943115234  197.06575012207031  -5.5962319374084473
5580    -20.540195465087891  177.15689086914062  -52.980396270751953
5581    -26.452238082885742  178.26597595214844  -50.117916107177734
5582    -21.613140106201172  176.92364501953125  -52.126846313476562
5583    -20.444313049316406  177.07797241210938  -52.861114501953125
5584    -31.140979766845703  217.10812377929688  46.835208892822266
5585    36.711990356445312  211.76907348632812  -32.672161102294922
5586    33.112445831298828  211.35247802734375  -37.216102600097656
5587    32.77642822265625  211.77256774902344  -35.017803192138672
5588    33.570487976074219  211.66592407226562  -33.705097198486328
5589    34.931850433349609  212.24247741699219  -32.780895233154297
5590    -24.975498199462891  180.27079772949219  -52.653789520263672
5591    -15.220602035522461  178.87744140625  -56.078605651855469
5592    7.7671222686767578  219.58206176757812  60.840671539306641
5593    32.941699981689453  214.43240356445312  -34.321746826171875
5594    50.408721923828125  134.31369018554688  72.984832763671875
5595    56.987007141113281  153.28640747070312  73.000335693359375
5596    57.378147125244141  154.15779113769531  72.886810302734375
5597    56.348094940185547  150.30291748046875  73.180404663085938
5598    54.768791198730469  144.29472351074219  73.013298034667969
5599    55.418624877929688  146.38079833984375  73.013298034667969
5600    54.693851470947266  144.26654052734375  73.180404663085938
5601    54.705146789550781  144.22563171386719  73.062881469726562
5602    54.241462707519531  142.9410400390625  73.100761413574219
5603    54.630573272705078  143.77728271484375  72.98736572265625
5604    54.019573211669922  142.35646057128906  73.180404663085938
5605    54.157516479492188  142.70362854003906  73.222602844238281
5606    54.151401519775391  142.53306579589844  73.013298034667969
5607    49.483657836914062  132.77865600585938  73.312515258789062
5608    44.466037750244141  125.65978240966797  72.994682312011719
5609    44.633678436279297  125.68939971923828  72.959327697753906
5610    47.402126312255859  129.61361694335938  73.013298034667969
5611    43.351982116699219  124.38706207275391  73.312515258789062
5612    37.310050964355469  118.4376220703125  72.997802734375
5613    39.835468292236328  120.73651885986328  73.013298034667969
5614    37.164455413818359  118.42835998535156  73.196456909179688
5615    38.027187347412109  118.73040771484375  72.886810302734375
5616    39.980670928955078  120.58428955078125  72.941764831542969
5617    35.905384063720703  117.38674163818359  73.111984252929688
5618    35.767982482910156  117.20426177978516  73.013298034667969
5619    36.66009521484375  117.98560333251953  73.082740783691406
5620    35.962928771972656  117.42471313476562  73.22747802734375
5621    35.739898681640625  117.2613525390625  73.180404663085938
5622    27.737249374389648  111.95772552490234  73.180404663085938
5623    32.134479522705078  114.63298034667969  73.180404663085938
5624    27.116811752319336  111.54248046875  73.312515258789062
5625    30.223262786865234  113.33083343505859  73.013298034667969
5626    28.010639190673828  112.03757476806641  73.013298034667969
5627    27.659734725952148  111.90221405029297  73.08953857421875
5628    27.68412971496582  111.81952667236328  72.98736572265625
5629    26.536331176757812  111.31312561035156  73.19024658203125
5630    24.951198577880859  110.51566314697266  73.222602844238281
5631    37.380641937255859  206.40467834472656  73.222602844238281
5632    39.066795349121094  204.99441528320312  73.312515258789062
5633    -10.67182445526123  105.74481201171875  72.98736572265625
5634    -5.4006657600402832  105.00328826904297  72.98736572265625
5635    -8.1990690231323242  105.42135620117188  73.08953857421875
5636    -23.138092041015625  109.61692810058594  73.312515258789062
5637    -18.467170715332031  107.87494659423828  73.222602844238281
5638    -18.209104537963867  107.97097015380859  73.312515258789062
5639    -15.937514305114746  107.08403778076172  73.222602844238281
5640    -15.93896484375  107.07899475097656  73.236579895019531
5641    -15.878063201904297  107.06459808349609  73.08953857421875
5642    -13.056553840637207  106.13767242431641  72.959327697753906
5643    -15.841299057006836  106.96539306640625  72.98736572265625
5644    -18.123672485351562  107.81707763671875  72.959327697753906
5645    -20.889572143554688  108.66074371337891  72.98736572265625
5646    22.817480087280273  215.44557189941406  73.165199279785156
5647    23.138092041015625  215.38307189941406  73.312515258789062
5648    27.240243911743164  213.322265625  73.222602844238281
5649    29.994527816772461  211.75845336914062  73.118751525878906
5650    25.195581436157227  214.46365356445312  72.98736572265625
5651    32.334964752197266  210.28813171386719  73.029609680175781
5652    34.128227233886719  209.08651733398438  72.98736572265625
5653    32.535293579101562  210.33973693847656  72.959327697753906
5654    33.479286193847656  209.45220947265625  73.103340148925781
5655    33.610111236572266  209.35395812988281  73.222602844238281
5656    36.759689331054688  206.90875244140625  73.08953857421875
5657    26.016965866088867  111.03701782226562  73.08160400390625
5658    21.440826416015625  108.99301147460938  73.098007202148438
5659    25.564252853393555  110.71672058105469  72.98736572265625
5660    40.218578338623047  203.80026245117188  73.089317321777344
5661    38.251567840576172  205.76496887207031  72.98736572265625
5662    47.444179534912109  195.27287292480469  73.09381103515625
5663    45.393714904785156  198.19944763183594  72.98736572265625
5664    44.727012634277344  198.886474609375  73.222602844238281
5665    47.351860046386719  195.40493774414062  73.222602844238281
5666    52.248863220214844  186.89241027832031  73.222602844238281
5667    50.755264282226562  189.99351501464844  73.312515258789062
5668    54.590805053710938  181.25724792480469  73.312515258789062
5669    52.918190002441406  185.59986877441406  72.995613098144531
5670    56.294574737548828  175.05509948730469  73.063919067382812
5671    55.240577697753906  179.17430114746094  72.973342895507812
5672    56.79779052734375  172.75004577636719  73.013298034667969
5673    56.934860229492188  172.00851440429688  73.312515258789062
5674    54.771839141845703  144.16616821289062  72.982307434082031
5675    35.814918518066406  117.23100280761719  73.312515258789062
5676    28.3221435546875  112.05159759521484  72.959327697753906
5677    30.333429336547852  113.151611328125  72.941764831542969
5678    27.264738082885742  111.68418884277344  73.08160400390625
5679    16.016740798950195  107.13059234619141  73.088623046875
5680    20.686359405517578  108.58234405517578  72.98736572265625
5681    20.159646987915039  108.47665405273438  73.222602844238281
5682    17.539630889892578  107.50588989257812  73.312515258789062
5683    9.921539306640625  105.70118713378906  73.106483459472656
5684    9.1135177612304688  105.52456665039062  73.029609680175781
5685    9.0105257034301758  105.54381561279297  73.08953857421875
5686    8.2864475250244141  105.34780120849609  72.98736572265625
5687    8.1957073211669922  105.42317962646484  73.222602844238281
5688    10.063013076782227  105.72263336181641  73.222602844238281
5689    7.3938503265380859  105.25210571289062  73.312515258789062
5690    6.9757351875305176  105.26422119140625  73.206558227539062
5691    7.9262371063232422  105.38304138183594  73.08953857421875
5692    -12.327494621276855  106.16970062255859  73.106582641601562
5693    15.143109321594238  106.86170959472656  73.222602844238281
5694    4.8322944641113281  105.04060363769531  73.222602844238281
5695    5.3865842819213867  105.08119964599609  73.07366943359375
5696    2.3354005813598633  104.88279724121094  73.08953857421875
5697    -3.4364156723022461  104.93796539306641  73.08953857421875
5698    -5.6423273086547852  105.11448669433594  73.222602844238281
5699    -10.788336753845215  105.85597991943359  73.222602844238281
5700    -2.4776911735534668  104.69821166992188  72.959327697753906
5701    -7.7671222686767578  105.41793823242188  72.959327697753906
5702    -15.877292633056641  107.06729125976562  73.097572326660156
5703    -22.817478179931641  109.55443572998047  73.165199279785156
5704    23.190792083740234  215.50350952148438  72.959327697753906
5705    29.359315872192383  212.13435363769531  73.236579895019531
5706    31.533205032348633  210.84922790527344  73.312515258789062
5707    31.646234512329102  210.806884765625  72.98736572265625
5708    29.860815048217773  211.93046569824219  72.98736572265625
5709    42.234573364257812  123.21295928955078  72.986312866210938
5710    42.514293670654297  123.46684265136719  73.013298034667969
5711    31.465866088867188  114.38674163818359  73.312515258789062
5712    27.335647583007812  213.11614990234375  73.312515258789062
5713    28.866146087646484  212.40296936035156  72.968193054199219
5714    27.379665374755859  213.58238220214844  72.918174743652344
5715    35.299999237060547  207.92181396484375  73.312515258789062
5716    37.451267242431641  206.31816101074219  72.965911865234375
5717    35.911979675292969  207.99049377441406  72.918174743652344
5718    40.771846771240234  203.54682922363281  72.959327697753906
5719    42.299919128417969  201.48651123046875  73.312515258789062
5720    43.318477630615234  201.00408935546875  72.918174743652344
5721    44.195907592773438  199.45147705078125  72.959327697753906
5722    45.533039093017578  197.97862243652344  73.312515258789062
5723    48.144149780273438  193.98606872558594  73.312515258789062
5724    50.233200073242188  190.70132446289062  72.959327697753906
5725    57.785919189453125  157.74270629882812  72.886810302734375
5726    28.550649642944336  112.03511810302734  60.913192749023438
5727    57.125682830810547  172.42474365234375  60.913192749023438
5728    57.552112579345703  169.54261779785156  60.913192749023438
5729    57.932895660400391  160.12852478027344  60.913192749023438
5730    57.939468383789062  163.94000244140625  60.881820678710938
5731    56.669002532958984  150.23345947265625  60.913192749023438
5732    55.005340576171875  144.16268920898438  60.913192749023438
5733    55.620624542236328  146.32203674316406  60.858230590820312
5734    53.704166412353516  140.64349365234375  60.913192749023438
5735    50.888774871826172  134.71192932128906  60.913192749023438
5736    52.67303466796875  185.62538146972656  73.312515258789062
5737    55.975521087646484  148.43609619140625  73.013298034667969
5738    56.179553985595703  148.38482666015625  72.941764831542969
5739    55.762832641601562  176.63287353515625  73.312515258789062
5740    57.541946411132812  166.96955871582031  73.013298034667969
5741    57.329128265380859  167.25425720214844  73.312515258789062
5742    48.493209838867188  130.81736755371094  72.941764831542969
5743    46.417819976806641  128.58285522460938  73.312515258789062
5744    39.583450317382812  120.80903625488281  73.312515258789062
5745    36.097480773925781  117.13494110107422  72.894638061523438
5746    33.331069946289062  115.49517059326172  72.999801635742188
5747    32.317489624023438  114.36037445068359  72.886810302734375
5748    27.257106781005859  111.68989562988281  73.2064208984375
5749    24.504812240600586  110.31571197509766  72.968582153320312
5750    18.106575012207031  107.44359588623047  72.918174743652344
5751    22.328220367431641  109.52418518066406  73.312515258789062
5752    7.8113980293273926  105.07145690917969  72.918174743652344
5753    12.466740608215332  106.37899780273438  73.312515258789062
5754    -2.7433981895446777  104.60760498046875  72.918174743652344
5755    2.201113224029541  105.05314636230469  73.312515258789062
5756    -8.1358699798583984  105.589599609375  73.312515258789062
5757    57.749252319335938  164.06411743164062  72.986312866210938
5758    52.846439361572266  186.04653930664062  72.959327697753906
5759    56.273292541503906  175.93510437011719  72.959327697753906
5760    54.559867858886719  180.99081420898438  72.959327697753906
5761    54.207862854003906  182.41349792480469  72.98736572265625
5762    56.593513488769531  174.89306640625  72.929969787597656
5763    56.843536376953125  173.93051147460938  72.886810302734375
5764    57.937477111816406  164.75675964355469  72.886810302734375
5765    5.343472957611084  104.85347747802734  73.599998474121094
5766    22.88337516784668  109.32081604003906  73.599998474121094
5767    27.342140197753906  111.34915924072266  73.599998474121094
5768    54.882724761962891  144.07281494140625  73.599998474121094
5769    53.340328216552734  139.7225341796875  73.599998474121094
5770    52.846950531005859  138.85946655273438  73.599998474121094
5771    17.184490203857422  107.215576171875  73.599998474121094
5772    21.752679824829102  108.73363494873047  73.599998474121094
5773    56.408565521240234  149.47125244140625  73.599998474121094
5774    11.315692901611328  105.72298431396484  73.599998474121094
5775    57.406482696533203  155.00531005859375  73.599998474121094
5776    57.946819305419922  160.01541137695312  73.599998474121094
5777    57.863239288330078  160.62379455566406  73.599998474121094
5778    28.346902847290039  112.02101898193359  73.599998474121094
5779    -0.66542226076126099  104.61017608642578  73.599998474121094
5780    57.770500183105469  166.27410888671875  73.599998474121094
5781    57.884258270263672  166.17236328125  73.599998474121094
5782    -6.644780158996582  104.98894500732422  73.599998474121094
5783    57.182788848876953  172.20198059082031  73.599998474121094
5784    57.124969482421875  171.90280151367188  73.599998474121094
5785    -11.539978981018066  105.65960693359375  73.599998474121094
5786    -12.529705047607422  105.97849273681641  73.599998474121094
5787    55.928462982177734  177.45599365234375  73.599998474121094
5788    55.818397521972656  178.26052856445312  73.599998474121094
5789    -16.969503402709961  107.03744506835938  73.599998474121094
5790    -18.188488006591797  107.53770446777344  73.599998474121094
5791    -21.752679824829102  216.266357421875  73.599998474121094
5792    -55.300857543945312  179.98921203613281  73.599998474121094
5793    -56.729572296142578  174.57293701171875  73.599998474121094
5794    -53.340328216552734  185.2774658203125  73.599998474121094
5795    -50.896926879882812  190.31321716308594  73.599998474121094
5796    -46.618877410888672  196.82717895507812  73.599998474121094
5797    -50.014659881591797  191.65834045410156  73.599998474121094
5798    -44.601032257080078  199.57876586914062  73.599998474121094
5799    -38.316074371337891  205.89991760253906  73.599998474121094
5800    -32.144805908203125  210.77745056152344  73.599998474121094
5801    -33.511470794677734  209.70864868164062  73.599998474121094
5802    -22.88337516784668  215.67918395996094  73.599998474121094
5803    54.187950134277344  182.87991333007812  73.599998474121094
5804    -11.315692901611328  219.27702331542969  73.599998474121094
5805    -4.9671902656555176  220.28752136230469  73.599998474121094
5806    44.601032257080078  125.42123413085938  73.599998474121094
5807    42.703071594238281  123.40879058837891  73.599998474121094
5808    38.316074371337891  119.10008239746094  73.599998474121094
5809    46.618877410888672  128.17282104492188  73.599998474121094
5810    33.511470794677734  115.29135894775391  73.599998474121094
5811    32.144805908203125  114.22254943847656  73.599998474121094
5812    50.896926879882812  134.68678283691406  73.599998474121094
5813    50.014659881591797  133.34165954589844  73.599998474121094
5814    6.644780158996582  220.01106262207031  73.599998474121094
5815    12.529705047607422  219.02151489257812  73.599998474121094
5816    27.446222305297852  213.59577941894531  73.599998474121094
5817    32.243484497070312  210.71159362792969  73.599998474121094
5818    28.455686569213867  212.91773986816406  73.599998474121094
5819    -49.128364562988281  131.87193298339844  73.599998474121094
5820    23.206338882446289  215.53904724121094  73.599998474121094
5821    -54.187950134277344  142.12008666992188  73.599998474121094
5822    -51.915531158447266  136.87867736816406  73.599998474121094
5823    -53.847572326660156  140.94914245605469  73.599998474121094
5824    18.188488006591797  217.46229553222656  73.599998474121094
5825    -55.818397521972656  146.73947143554688  73.599998474121094
5826    -55.928462982177734  147.54400634765625  73.599998474121094
5827    -57.182788848876953  152.79801940917969  73.599998474121094
5828    -57.124969482421875  153.09719848632812  73.599998474121094
5829    33.345066070556641  209.82632446289062  73.599998474121094
5830    -57.884258270263672  158.82763671875  73.599998474121094
5831    0.66542226076126099  220.38983154296875  73.599998474121094
5832    -57.946819305419922  164.98458862304688  73.599998474121094
5833    -57.770500183105469  158.72589111328125  73.599998474121094
5834    -57.863239288330078  164.37620544433594  73.599998474121094
5835    -5.343472957611084  220.14653015136719  73.599998474121094
5836    -57.406482696533203  169.99468994140625  73.599998474121094
5837    -57.538970947265625  169.802490234375  73.599998474121094
5838    -37.923282623291016  118.75643920898438  73.599998474121094
5839    -33.345066070556641  115.17367553710938  73.599998474121094
5840    -36.744808197021484  117.62342834472656  73.599998474121094
5841    53.847572326660156  184.05085754394531  73.599998474121094
5842    -22.232265472412109  108.93017578125  73.599998474121094
5843    -23.206338882446289  109.46095275878906  73.599998474121094
5844    51.915531158447266  188.12132263183594  73.599998474121094
5845    -27.446222305297852  111.40421295166016  73.599998474121094
5846    -28.455686569213867  112.08226013183594  73.599998474121094
5847    49.128364562988281  193.12806701660156  73.599998474121094
5848    -32.243484497070312  114.28840637207031  73.599998474121094
5849    45.848567962646484  197.84944152832031  73.599998474121094
5850    42.103050231933594  202.23672485351562  73.599998474121094
5851    -42.103050231933594  122.76326751708984  73.599998474121094
5852    -41.335224151611328  121.81340026855469  73.599998474121094
5853    37.923282623291016  206.24356079101562  73.599998474121094
5854    36.744808197021484  207.37657165527344  73.599998474121094
5855    -45.063877105712891  125.98637390136719  73.599998474121094
5856    -45.848567962646484  127.15055084228516  73.599998474121094
5857    8.2876110076904297  105.43894958496094  73.106483459472656
5858    8.1823339462280273  105.38340759277344  73.029609680175781
5859    7.9769368171691895  105.30377960205078  72.98736572265625
5860    7.2211818695068359  105.28082275390625  73.082008361816406
5861    7.2814960479736328  105.21109008789062  72.98736572265625
5862    6.3888506889343262  105.19049835205078  73.08953857421875
5863    -13.371604919433594  106.32127380371094  72.98736572265625
5864    -2.9916238784790039  104.85417938232422  73.312515258789062
5865    -13.280116081237793  106.32501220703125  73.312515258789062
5866    -23.190792083740234  109.49648284912109  72.959327697753906
5867    50.22955322265625  191.50004577636719  60.200000762939453
5868    52.9857177734375  186.09075927734375  60.200000762939453
5869    46.923057556152344  196.59159851074219  60.200000762939453
5870    43.102466583251953  201.30963134765625  60.200000762939453
5871    34.091598510742188  209.42306518554688  60.200000762939453
5872    29.000045776367188  212.72955322265625  60.200000762939453
5873    23.590763092041016  215.4857177734375  60.200000762939453
5874    -34.091598510742188  209.42306518554688  60.200000762939453
5875    -29.000045776367188  212.72955322265625  60.200000762939453
5876    -55.161365509033203  180.42301940917969  60.200000762939453
5877    -56.732650756835938  174.55889892578125  60.200000762939453
5878    -17.923013687133789  217.66136169433594  60.200000762939453
5879    -12.058897018432617  219.23265075683594  60.200000762939453
5880    -52.9857177734375  186.09075927734375  60.200000762939453
5881    -23.590763092041016  215.4857177734375  60.200000762939453
5882    -50.22955322265625  191.50004577636719  60.200000762939453
5883    -46.923057556152344  196.59159851074219  60.200000762939453
5884    -38.809635162353516  205.60246276855469  60.200000762939453
5885    56.233638763427734  148.37124633789062  72.886810302734375
5886    50.888774871826172  134.71192932128906  72.886810302734375
5887    6.0626602172851562  220.18235778808594  60.200000762939453
5888    17.923013687133789  217.66136169433594  60.200000762939453
5889    12.058897018432617  219.23265075683594  60.200000762939453
5890    -6.1566783572317152e-13  220.50009155273438  60.200000762939453
5891    -57.682361602783203  168.56266784667969  60.200000762939453
5892    -6.0626602172851562  220.18235778808594  60.200000762939453
5893    57.227680206298828  171.53558349609375  29.248706817626953
5894    56.257530212402344  176.38052368164062  30.495702743530273
5895    46.991985321044922  196.2720947265625  55.406593322753906
5896    54.918487548828125  181.122314453125  31.996664047241211
5897    -57.10003662109375  172.67822265625  60
5898    -56.648788452148438  174.9468994140625  60
5899    -54.014087677001953  183.63027954101562  60
5900    57.307472229003906  175.29879760742188  15.469611167907715
5901    57.420612335205078  172.04490661621094  17.971336364746094
5902    18.584522247314453  107.66365051269531  73.550003051757812
5903    28.34423828125  112.01223754882812  73.550003051757812
5904    53.034042358398438  139.29585266113281  73.482276916503906
5905    54.960029602050781  144.28448486328125  73.550003051757812
5906    50.677139282226562  134.49575805664062  73.550003051757812
5907    48.461849212646484  130.83786010742188  73.482276916503906
5908    44.668498992919922  125.66068267822266  73.550003051757812
5909    56.718360900878906  174.00370788574219  73.449996948242188
5910    57.714340209960938  166.98294067382812  73.482276916503906
5911    57.010421752929688  172.02113342285156  73.376792907714844
5912    -48.461849212646484  194.16213989257812  73.482276916503906
5913    -50.677139282226562  190.50424194335938  73.550003051757812
5914    -44.668498992919922  199.33930969238281  73.550003051757812
5915    -18.584522247314453  217.33634948730469  73.550003051757812
5916    -28.34423828125  212.98776245117188  73.550003051757812
5917    -53.042270660400391  185.70774841308594  73.583541870117188
5918    -54.960029602050781  180.71551513671875  73.550003051757812
5919    48.831912994384766  193.79620361328125  60
5920    45.522235870361328  198.44050598144531  60
5921    27.387346267700195  213.59671020507812  72.899063110351562
5922    25.947704315185547  214.25936889648438  60.099998474121094
5923    17.934041976928711  217.40994262695312  60
5924    46.722297668457031  196.7940673828125  60.881820678710938
5925    51.980442047119141  188.13375854492188  60.881820678710938
5926    53.919921875  183.75318908691406  60.881820678710938
5927    55.650608062744141  178.68844604492188  60.881820678710938
5928    56.440471649169922  175.77845764160156  60.913192749023438
5929    57.785919189453125  157.74270629882812  60.913192749023438
5930    56.233638763427734  148.37124633789062  60.913192749023438
5931    53.119449615478516  139.25848388671875  60.913192749023438
5932    48.539897918701172  130.786865234375  60.913192749023438
5933    27.387346267700195  213.59671020507812  60.900936126708984
5934    28.313091278076172  111.95852661132812  72.935195922851562
5935    32.127017974853516  210.73806762695312  60.881820678710938
5936    28.481609344482422  112.06017303466797  60.858230590820312
5937    40.036579132080078  204.40618896484375  60.881820678710938
5938    44.195907592773438  199.45147705078125  60.840671539306641
5939    -13.206459045410156  106.06733703613281  60.881820678710938
5940    -8.2407064437866211  105.13148498535156  60.881820678710938
5941    -18.561689376831055  107.59535980224609  60.881820678710938
5942    -18.566896438598633  107.5799560546875  60.900936126708984
5943    -2.7433981895446777  104.60760498046875  60.881820678710938
5944    18.106575012207031  107.44359588623047  60.881820678710938
5945    27.800203323364258  111.645263671875  60.881820678710938
5946    7.8113980293273926  105.07145690917969  60.881820678710938
5947    46.656608581542969  128.17010498046875  72.941764831542969
5948    48.539897918701172  130.786865234375  72.886810302734375
5949    55.699863433837891  178.60494995117188  72.886810302734375
5950    55.8294677734375  177.98422241210938  72.929969787597656
5951    57.932895660400391  160.12852478027344  72.886810302734375
5952    56.669002532958984  150.23345947265625  72.886810302734375
5953    55.620624542236328  146.32203674316406  72.941764831542969
5954    53.704166412353516  140.64349365234375  72.886810302734375
5955    53.119449615478516  139.25848388671875  72.886810302734375
5956    53.919921875  183.75318908691406  72.918174743652344
5957    22.921398162841797  109.26781463623047  72.918174743652344
5958    32.127017974853516  210.73806762695312  72.918174743652344
5959    40.036579132080078  204.40618896484375  72.918174743652344
5960    46.722297668457031  196.7940673828125  72.918174743652344
5961    49.381149291992188  192.8406982421875  72.918174743652344
5962    51.980442047119141  188.13375854492188  72.918174743652344
5963    55.005340576171875  144.16268920898438  72.886810302734375
5964    54.801040649414062  143.69180297851562  72.929969787597656
5965    57.552112579345703  169.54261779785156  72.886810302734375
5966    -13.206459045410156  106.06733703613281  72.918174743652344
5967    -8.2407064437866211  105.13148498535156  72.918174743652344
5968    2.3472607135772705  104.59018707275391  72.918174743652344
5969    -56.408565521240234  175.52874755859375  73.599998474121094
5970    -18.561689376831055  107.59535980224609  72.918174743652344
5971    -53.704166412353516  184.35650634765625  72.886810302734375
5972    -53.119449615478516  185.74151611328125  72.886810302734375
5973    -51.980442047119141  136.86624145507812  72.918174743652344
5974    -53.919921875  141.24681091308594  72.918174743652344
5975    -52.846439361572266  138.95346069335938  72.959327697753906
5976    -55.650608062744141  146.31155395507812  72.918174743652344
5977    -54.559867858886719  144.00918579101562  72.959327697753906
5978    -56.843536376953125  151.06948852539062  72.886810302734375
5979    -55.699863433837891  146.39505004882812  72.886810302734375
5980    -56.307113647460938  148.91192626953125  72.938362121582031
5981    -57.937477111816406  160.24324035644531  72.886810302734375
5982    -57.932895660400391  164.87147521972656  72.886810302734375
5983    -56.669002532958984  174.76654052734375  72.886810302734375
5984    -56.179553985595703  176.61517333984375  72.941764831542969
5985    -56.233638763427734  176.62875366210938  72.886810302734375
5986    -55.620624542236328  178.67796325683594  72.941764831542969
5987    -46.656608581542969  196.82989501953125  72.941764831542969
5988    -48.493209838867188  194.18263244628906  72.941764831542969
5989    -44.633678436279297  199.31059265136719  72.959327697753906
5990    -48.539897918701172  194.213134765625  72.886810302734375
5991    -42.234573364257812  201.78703308105469  72.986312866210938
5992    -32.317489624023438  210.63963317871094  72.886810302734375
5993    -36.097480773925781  207.86505126953125  72.894638061523438
5994    -28.313091278076172  213.04147338867188  72.935195922851562
5995    -24.504812240600586  214.68429565429688  72.968582153320312
5996    -28.3221435546875  212.94841003417969  72.959327697753906
5997    -18.106575012207031  217.55641174316406  72.918174743652344
5998    -20.686359405517578  216.41766357421875  72.98736572265625
5999    -32.127017974853516  114.26194000244141  72.918174743652344
6000    -27.379665374755859  111.41761779785156  72.918174743652344
6001    -28.866146087646484  112.59702301025391  72.968193054199219
6002    -57.785919189453125  167.25729370117188  72.886810302734375
6003    -57.378147125244141  170.84220886230469  72.886810302734375
6004    -56.987007141113281  171.71359252929688  73.000335693359375
6005    -50.888774871826172  190.28807067871094  72.886810302734375
6006    -50.408721923828125  190.68630981445312  72.984832763671875
6007    -27.387346267700195  111.40328979492188  72.899063110351562
6008    -32.535293579101562  114.66027069091797  72.959327697753906
6009    -34.128227233886719  115.91348266601562  72.98736572265625
6010    -40.036579132080078  120.59381866455078  72.918174743652344
6011    -37.451267242431641  118.68183135986328  72.965911865234375
6012    -40.771846771240234  121.45317077636719  72.959327697753906
6013    -46.722297668457031  128.2059326171875  72.918174743652344
6014    -44.195907592773438  125.54852294921875  72.959327697753906
6015    -50.233200073242188  134.29867553710938  72.959327697753906
6016    -57.749252319335938  160.93588256835938  72.986312866210938
6017    -55.005340576171875  180.83731079101562  72.886810302734375
6018    -54.801040649414062  181.30819702148438  72.929969787597656
6019    -56.273292541503906  149.06489562988281  72.959327697753906
6020    -39.980670928955078  204.41571044921875  72.941764831542969
6021    -38.027187347412109  206.26959228515625  72.886810302734375
6022    -30.223262786865234  211.66915893554688  73.013298034667969
6023    -33.666519165039062  209.27719116210938  72.986312866210938
6024    8.2407064437866211  219.86851501464844  72.918174743652344
6025    2.7433981895446777  220.39239501953125  72.918174743652344
6026    2.4776911735534668  220.30178833007812  72.959327697753906
6027    -7.8113980293273926  219.92854309082031  72.918174743652344
6028    7.7671222686767578  219.58206176757812  72.959327697753906
6029    55.472984313964844  147.12106323242188  73.376792907714844
6030    13.206459045410156  218.93266296386719  72.918174743652344
6031    13.056553840637207  218.86231994628906  72.959327697753906
6032    18.566896438598633  217.4200439453125  72.899063110351562
6033    18.561689376831055  217.40463256835938  72.918174743652344
6034    18.123672485351562  217.18292236328125  72.959327697753906
6035    -52.887664794921875  138.93508911132812  73.550003051757812
6036    2.7394146919250488  220.30833435058594  73.449996948242188
6037    2.9955940246582031  220.22232055664062  73.376792907714844
6038    -2.3438525199890137  220.32572937011719  73.449996948242188
6039    2.4796240329742432  220.34687805175781  73.550003051757812
6040    8.2287406921386719  219.78521728515625  73.449996948242188
6041    13.187282562255859  218.85072326660156  73.449996948242188
6042    8.1358699798583984  219.410400390625  73.312515258789062
6043    7.7731819152832031  219.6265869140625  73.550003051757812
6044    13.066740036010742  218.90629577636719  73.550003051757812
6045    18.534736633300781  217.32492065429688  73.449996948242188
6046    23.208883285522461  215.54486083984375  73.550003051757812
6047    18.209104537963867  217.02902221679688  73.312515258789062
6048    18.137811660766602  217.2255859375  73.550003051757812
6049    -23.208883285522461  109.45513153076172  73.550003051757812
6050    -32.560676574707031  114.62294769287109  73.550003051757812
6051    -47.657112121582031  129.61825561523438  73.550003051757812
6052    -7.8000555038452148  219.84515380859375  73.449996948242188
6053    -8.1919326782226562  219.81755065917969  73.550003051757812
6054    -57.828907012939453  159.63160705566406  73.550003051757812
6055    -57.371322631835938  170.30648803710938  73.550003051757812
6056    -52.846950531005859  186.14053344726562  73.599998474121094
6057    -42.703071594238281  201.59120178222656  73.599998474121094
6058    -28.346902847290039  212.97898864746094  73.599998474121094
6059    -17.184490203857422  217.784423828125  73.599998474121094
6060    -27.884780883789062  112.03903961181641  73.550003051757812
6061    -22.888114929199219  215.65489196777344  73.449996948242188
6062    -27.152797698974609  213.525146484375  73.376792907714844
6063    -28.132289886474609  213.08232116699219  73.466140747070312
6064    -57.154754638671875  171.59075927734375  73.449996948242188
6065    -56.863121032714844  172.8646240234375  73.376792907714844
6066    -57.657680511474609  167.24673461914062  73.420890808105469
6067    -56.143222808837891  176.60604858398438  73.482276916503906
6068    -54.554328918457031  181.816650390625  73.449996948242188
6069    -54.082851409912109  182.89326477050781  73.376792907714844
6070    -56.108848571777344  176.597412109375  73.420890808105469
6071    -53.034042358398438  185.70414733886719  73.482276916503906
6072    -53.001567840576172  185.68994140625  73.420890808105469
6073    -49.483657836914062  192.22134399414062  73.312515258789062
6074    -43.351982116699219  200.61294555664062  73.312515258789062
6075    -42.641666412353516  201.65010070800781  73.482276916503906
6076    -39.583450317382812  204.19097900390625  73.312515258789062
6077    -17.562908172607422  217.56709289550781  73.376792907714844
6078    -22.328220367431641  215.47581481933594  73.312515258789062
6079    -36.682167053222656  118.02204895019531  73.550003051757812
6080    -18.080284118652344  217.47645568847656  73.449996948242188
6081    -12.832704544067383  218.93252563476562  73.449996948242188
6082    -7.4036626815795898  219.82386779785156  73.376792907714844
6083    -12.466740608215332  218.62100219726562  73.312515258789062
6084    -13.388227462768555  218.57695007324219  73.550003051757812
6085    -2.201113224029541  219.94685363769531  73.312515258789062
6086    -2.8561544418334961  220.08221435546875  73.550003051757812
6087    -48.471149444580078  194.168212890625  73.566818237304688
6088    -48.469371795654297  194.16705322265625  73.583541870117188
6089    -42.648284912109375  201.65617370605469  73.583541870117188
6090    -40.903610229492188  203.12959289550781  73.550003051757812
6091    -35.882026672363281  207.94015502929688  73.566818237304688
6092    -32.741481781005859  209.95382690429688  73.550003051757812
6093    -35.880710601806641  207.93849182128906  73.583541870117188
6094    -37.138725280761719  206.91987609863281  73.550003051757812
6095    -57.855339050292969  161.06208801269531  73.449996948242188
6096    -57.329128265380859  157.74574279785156  73.312515258789062
6097    -49.309444427490234  132.20335388183594  73.449996948242188
6098    -50.822624206542969  134.97000122070312  73.376792907714844
6099    -48.144149780273438  131.01393127441406  73.312515258789062
6100    -43.255577087402344  124.05181884765625  73.449996948242188
6101    -45.593463897705078  126.97428894042969  73.376792907714844
6102    -42.299919128417969  123.51347351074219  73.312515258789062
6103    -35.859832763671875  117.07555389404297  73.449996948242188
6104    -39.978443145751953  120.6546630859375  73.449996948242188
6105    -35.299999237060547  117.07817840576172  73.312515258789062
6106    -27.339908599853516  111.49179077148438  73.449996948242188
6107    -31.575052261352539  114.08661651611328  73.376792907714844
6108    -27.335647583007812  111.88385009765625  73.312515258789062
6109    -13.187282562255859  106.14928436279297  73.449996948242188
6110    -18.534736633300781  107.67508697509766  73.449996948242188
6111    -2.9955940246582031  104.77767944335938  73.376792907714844
6112    -8.2287406921386719  105.21478271484375  73.449996948242188
6113    7.4036626815795898  105.17613220214844  73.376792907714844
6114    2.3438525199890137  104.67427825927734  73.449996948242188
6115    17.562908172607422  107.43291473388672  73.376792907714844
6116    12.832704544067383  106.06747436523438  73.449996948242188
6117    27.152797698974609  111.474853515625  73.376792907714844
6118    22.888114929199219  109.34511566162109  73.449996948242188
6119    35.875144958496094  117.06855773925781  73.482276916503906
6120    32.189945220947266  114.5924072265625  73.482276916503906
6121    42.641666412353516  123.34989929199219  73.482276916503906
6122    39.89019775390625  120.71501159667969  73.516143798828125
6123    -57.725414276123047  158.01618957519531  73.566818237304688
6124    -44.230384826660156  125.51969909667969  73.550003051757812
6125    -50.272388458251953  134.27667236328125  73.550003051757812
6126    -56.317192077636719  149.05441284179688  73.550003051757812
6127    -54.602428436279297  143.9947509765625  73.550003051757812
6128    -40.803653717041016  121.42115020751953  73.550003051757812
6129    -57.073051452636719  154.343017578125  73.550003051757812
6130    -57.600112915039062  164.96905517578125  73.550003051757812
6131    -57.704074859619141  167.25054931640625  73.566818237304688
6132    -57.701957702636719  167.25038146972656  73.583541870117188
6133    -56.151935577392578  176.60823059082031  73.583541870117188
6134    -56.165676116943359  175.51100158691406  73.550003051757812
6135    -54.882724761962891  180.92718505859375  73.599998474121094
6136    -27.379665374755859  111.41761779785156  60.881820678710938
6137    -55.915195465087891  176.54875183105469  60.619594573974609
6138    -55.975521087646484  176.56390380859375  60.786701202392578
6139    -49.952232360839844  191.90982055664062  60.897506713867188
6140    -41.815891265869141  202.66560363769531  60.913192749023438
6141    -32.183349609375  210.662353515625  60.858230590820312
6142    -28.866146087646484  112.59702301025391  60.831806182861328
6143    -56.179553985595703  176.61517333984375  60.858230590820312
6144    -37.451267242431641  118.68183135986328  60.834091186523438
6145    -35.911979675292969  117.00949859619141  60.881820678710938
6146    -40.771846771240234  121.45317077636719  60.840671539306641
6147    -43.318477630615234  123.99591064453125  60.881820678710938
6148    -54.801040649414062  181.30819702148438  60.870025634765625
6149    -55.620624542236328  178.67796325683594  60.858230590820312
6150    -55.005340576171875  180.83731079101562  60.913192749023438
6151    -48.539897918701172  194.213134765625  60.913192749023438
6152    -28.550649642944336  212.96488952636719  60.913192749023438
6153    -57.125682830810547  152.57525634765625  60.913192749023438
6154    -56.843536376953125  151.06948852539062  60.913192749023438
6155    -57.552112579345703  155.45738220214844  60.913192749023438
6156    -57.932895660400391  164.87147521972656  60.913192749023438
6157    -57.939468383789062  161.05999755859375  60.881820678710938
6158    -56.669002532958984  174.76654052734375  60.913192749023438
6159    -53.704166412353516  184.35650634765625  60.913192749023438
6160    -50.888774871826172  190.28807067871094  60.913192749023438
6161    -39.583450317382812  204.19097900390625  60.487483978271484
6162    -46.417819976806641  196.41714477539062  60.487483978271484
6163    -43.351982116699219  200.61294555664062  60.487483978271484
6164    -42.468475341796875  201.4910888671875  60.619594573974609
6165    -41.579090118408203  202.43814086914062  60.619594573974609
6166    -24.504812240600586  214.68429565429688  60.831417083740234
6167    -22.921398162841797  215.732177734375  60.881820678710938
6168    -49.340019226074219  132.58206176757812  60.826652526855469
6169    -50.233200073242188  134.29867553710938  60.840671539306641
6170    -52.846439361572266  138.95346069335938  60.840671539306641
6171    -54.559867858886719  144.00918579101562  60.840671539306641
6172    -55.650608062744141  146.31155395507812  60.881820678710938
6173    -53.919921875  141.24681091308594  60.881820678710938
6174    -40.036579132080078  120.59381866455078  60.881820678710938
6175    -46.722297668457031  128.2059326171875  60.881820678710938
6176    -44.195907592773438  125.54852294921875  60.840671539306641
6177    -49.381149291992188  132.1593017578125  60.881820678710938
6178    -51.980442047119141  136.86624145507812  60.881820678710938
6179    -56.440471649169922  149.22154235839844  60.913192749023438
6180    -57.785919189453125  167.25729370117188  60.913192749023438
6181    -56.233638763427734  176.62875366210938  60.913192749023438
6182    -53.119449615478516  185.74151611328125  60.913192749023438
6183    -37.109775543212891  206.88523864746094  72.959327697753906
6184    -30.333429336547852  211.848388671875  72.941764831542969
6185    -32.127017974853516  114.26194000244141  60.881820678710938
6186    -27.387346267700195  111.40328979492188  60.900936126708984
6187    18.566896438598633  217.4200439453125  60.900936126708984
6188    18.561689376831055  217.40463256835938  60.881820678710938
6189    8.2407064437866211  219.86851501464844  60.881820678710938
6190    2.7433981895446777  220.39239501953125  60.881820678710938
6191    13.206459045410156  218.93266296386719  60.881820678710938
6192    -28.481609344482422  212.9398193359375  60.858230590820312
6193    -27.800203323364258  213.354736328125  60.881820678710938
6194    -18.106575012207031  217.55641174316406  60.881820678710938
6195    -7.8113980293273926  219.92854309082031  60.881820678710938
6196    -44.466037750244141  199.3402099609375  72.994682312011719
6197    -47.402126312255859  195.38638305664062  73.013298034667969
6198    -56.348094940185547  174.69708251953125  73.180404663085938
6199    -54.768791198730469  180.70527648925781  73.013298034667969
6200    -55.418624877929688  178.61920166015625  73.013298034667969
6201    -54.693851470947266  180.73345947265625  73.180404663085938
6202    -54.705146789550781  180.77436828613281  73.062881469726562
6203    -54.241462707519531  182.0589599609375  73.100761413574219
6204    -54.630573272705078  181.22271728515625  72.98736572265625
6205    -54.019573211669922  182.64353942871094  73.180404663085938
6206    -54.157516479492188  182.29637145996094  73.222602844238281
6207    -54.151401519775391  182.46693420410156  73.013298034667969
6208    -46.417819976806641  196.41714477539062  73.312515258789062
6209    -37.082843780517578  206.76651000976562  72.994659423828125
6210    -39.835468292236328  204.26347351074219  73.013298034667969
6211    -37.164455413818359  206.57162475585938  73.196456909179688
6212    -36.687770843505859  206.99191284179688  73.082206726074219
6213    -35.905384063720703  207.61325073242188  73.111984252929688
6214    -35.767982482910156  207.79574584960938  73.013298034667969
6215    -35.739898681640625  207.7386474609375  73.180404663085938
6216    -35.962928771972656  207.57528686523438  73.22747802734375
6217    -27.198806762695312  213.34095764160156  73.195991516113281
6218    -32.134479522705078  210.36701965332031  73.180404663085938
6219    -27.116811752319336  213.45751953125  73.312515258789062
6220    -24.951198577880859  214.48432922363281  73.222602844238281
6221    -26.795976638793945  213.56349182128906  73.074058532714844
6222    -21.440826416015625  216.00698852539062  73.098007202148438
6223    -25.564252853393555  214.28327941894531  72.98736572265625
6224    -41.211235046386719  122.16709899902344  73.094902038574219
6225    -43.099601745605469  124.19046020507812  73.08953857421875
6226    -41.938091278076172  122.79816436767578  72.98736572265625
6227    15.937514305114746  217.91596984863281  73.222602844238281
6228    15.93896484375  217.92100524902344  73.236579895019531
6229    18.467170715332031  217.12506103515625  73.222602844238281
6230    15.878063201904297  217.93539428710938  73.08953857421875
6231    20.889572143554688  216.33924865722656  72.98736572265625
6232    15.841299057006836  218.03460693359375  72.98736572265625
6233    -34.487331390380859  116.33423614501953  73.162971496582031
6234    -37.992805480957031  119.16180419921875  73.086631774902344
6235    -38.251567840576172  119.23503875732422  72.98736572265625
6236    -39.066795349121094  120.00557708740234  73.312515258789062
6237    -18.262388229370117  217.27313232421875  73.002067565917969
6238    -45.273834228515625  126.78341674804688  73.08160400390625
6239    -45.393714904785156  126.80055999755859  72.98736572265625
6240    -44.302604675292969  125.59183502197266  73.222602844238281
6241    -46.967689514160156  129.0513916015625  73.091773986816406
6242    -45.533039093017578  127.02137756347656  73.312515258789062
6243    -47.351860046386719  129.59506225585938  73.222602844238281
6244    -52.248863220214844  138.10758972167969  73.222602844238281
6245    -50.755264282226562  135.00648498535156  73.312515258789062
6246    -54.590805053710938  143.74275207519531  73.312515258789062
6247    -52.916618347167969  139.40055847167969  72.99755859375
6248    -56.294574737548828  149.94490051269531  73.063919067382812
6249    -55.240577697753906  145.82569885253906  72.973342895507812
6250    -17.539630889892578  217.49411010742188  73.312515258789062
6251    -17.685750961303711  217.38543701171875  73.08953857421875
6252    -20.159646987915039  216.52334594726562  73.222602844238281
6253    -54.771839141845703  180.83383178710938  72.982307434082031
6254    -35.814918518066406  207.76899719238281  73.312515258789062
6255    -17.438505172729492  217.46209716796875  73.222602844238281
6256    -15.143109321594238  218.13829040527344  73.222602844238281
6257    -9.921539306640625  219.29881286621094  73.106483459472656
6258    -9.0105257034301758  219.45619201660156  73.08953857421875
6259    -9.1135177612304688  219.47543334960938  73.029609680175781
6260    -8.2864475250244141  219.65220642089844  72.98736572265625
6261    -8.1957073211669922  219.57682800292969  73.222602844238281
6262    -10.063013076782227  219.27735900878906  73.222602844238281
6263    -7.3938503265380859  219.74789428710938  73.312515258789062
6264    -6.9757351875305176  219.73577880859375  73.206558227539062
6265    -7.9262371063232422  219.61695861816406  73.08953857421875
6266    12.327494621276855  218.83030700683594  73.106582641601562
6267    10.67182445526123  219.25518798828125  72.98736572265625
6268    8.1990690231323242  219.57864379882812  73.08953857421875
6269    -12.786430358886719  218.72903442382812  73.08953857421875
6270    -4.8322944641113281  219.95939636230469  73.222602844238281
6271    -5.3865842819213867  219.91879272460938  73.07366943359375
6272    -2.3354005813598633  220.11720275878906  73.08953857421875
6273    3.4364156723022461  220.06202697753906  73.08953857421875
6274    5.6423273086547852  219.88551330566406  73.222602844238281
6275    5.4006657600402832  219.99671936035156  72.98736572265625
6276    10.788336753845215  219.14402770996094  73.222602844238281
6277    15.877292633056641  217.93270874023438  73.097572326660156
6278    -45.151420593261719  126.63522338867188  73.222602844238281
6279    -55.975521087646484  176.56390380859375  73.013298034667969
6280    -42.514293670654297  201.53315734863281  73.013298034667969
6281    -31.465866088867188  210.61325073242188  73.312515258789062
6282    -27.342140197753906  213.65084838867188  73.599998474121094
6283    -55.762832641601562  148.36712646484375  73.312515258789062
6284    -52.67303466796875  139.37461853027344  73.312515258789062
6285    -54.207862854003906  142.58650207519531  72.98736572265625
6286    -7.2814960479736328  219.78890991210938  72.98736572265625
6287    -7.9769368171691895  219.69622802734375  72.98736572265625
6288    57.154754638671875  153.40924072265625  73.449996948242188
6289    57.371322631835938  154.69351196289062  73.550003051757812
6290    56.143222808837891  148.39395141601562  73.482276916503906
6291    53.841625213623047  183.72232055664062  73.449996948242188
6292    51.904964447021484  188.09652709960938  73.449996948242188
6293    52.887664794921875  186.06491088867188  73.550003051757812
6294    55.569797515869141  178.66494750976562  73.449996948242188
6295    54.602428436279297  181.0052490234375  73.550003051757812
6296    56.317192077636719  175.94558715820312  73.550003051757812
6297    54.663253784179688  181.28215026855469  73.376792907714844
6298    57.073051452636719  170.656982421875  73.550003051757812
6299    57.855339050292969  163.93791198730469  73.449996948242188
6300    57.828907012939453  165.36839294433594  73.550003051757812
6301    57.760955810546875  161.55938720703125  73.516143798828125
6302    57.799999237060547  162.5  73.376792907714844
6303    57.693004608154297  157.7503662109375  73.482276916503906
6304    56.863121032714844  152.1353759765625  73.376792907714844
6305    57.657680511474609  157.75326538085938  73.420890808105469
6306    54.554328918457031  143.183349609375  73.449996948242188
6307    53.001567840576172  139.31005859375  73.420890808105469
6308    56.108848571777344  148.402587890625  73.420890808105469
6309    54.082851409912109  142.10673522949219  73.376792907714844
6310    28.132289886474609  111.91767883300781  73.466140747070312
6311    18.080284118652344  107.52353668212891  73.449996948242188
6312    13.388227462768555  106.42304992675781  73.550003051757812
6313    35.859832763671875  207.9244384765625  73.449996948242188
6314    32.560676574707031  210.37705993652344  73.550003051757812
6315    36.682167053222656  206.97795104980469  73.550003051757812
6316    37.138725280761719  118.08013153076172  73.550003051757812
6317    40.903610229492188  121.87040710449219  73.550003051757812
6318    32.109691619873047  114.54039764404297  73.516143798828125
6319    32.741481781005859  115.04618835449219  73.550003051757812
6320    27.339908599853516  213.50820922851562  73.449996948242188
6321    31.575052261352539  210.91339111328125  73.376792907714844
6322    27.884780883789062  212.96096801757812  73.550003051757812
6323    32.080368041992188  210.66801452636719  73.449996948242188
6324    39.978443145751953  204.3453369140625  73.449996948242188
6325    40.803653717041016  203.57884216308594  73.550003051757812
6326    43.255577087402344  200.94818115234375  73.449996948242188
6327    45.593463897705078  198.02571105957031  73.376792907714844
6328    46.654457092285156  196.7442626953125  73.449996948242188
6329    44.230384826660156  199.48028564453125  73.550003051757812
6330    49.309444427490234  192.79664611816406  73.449996948242188
6331    50.822624206542969  190.02999877929688  73.376792907714844
6332    47.657112121582031  195.38174438476562  73.550003051757812
6333    50.272388458251953  190.72332763671875  73.550003051757812
6334    -46.654457092285156  128.2557373046875  73.449996948242188
6335    -32.189945220947266  210.4075927734375  73.482276916503906
6336    -35.875144958496094  207.93144226074219  73.482276916503906
6337    -32.109691619873047  210.4595947265625  73.516143798828125
6338    -32.080368041992188  114.33198547363281  73.449996948242188
6339    -31.533205032348633  114.15077972412109  73.312515258789062
6340    -51.904964447021484  136.90347290039062  73.449996948242188
6341    -53.841625213623047  141.27767944335938  73.449996948242188
6342    -55.569797515869141  146.33505249023438  73.449996948242188
6343    -54.663253784179688  143.71784973144531  73.376792907714844
6344    -57.693004608154297  167.2496337890625  73.482276916503906
6345    -57.799999237060547  162.5  73.376792907714844
6346    -57.760955810546875  163.44061279296875  73.516143798828125
6347    -13.066740036010742  106.09370422363281  73.550003051757812
6348    -18.137811660766602  107.7744140625  73.550003051757812
6349    7.8000555038452148  105.15484619140625  73.449996948242188
6350    8.1919326782226562  105.18244171142578  73.550003051757812
6351    2.8561544418334961  104.91778564453125  73.550003051757812
6352    -2.7394146919250488  104.69166564941406  73.449996948242188
6353    -2.4796240329742432  104.65312194824219  73.550003051757812
6354    -7.7731819152832031  105.3734130859375  73.550003051757812
6355    56.165676116943359  149.48899841308594  73.550003051757812
6356    -55.472984313964844  177.87893676757812  73.376792907714844
6357    -39.89019775390625  204.28498840332031  73.516143798828125
6358    -8.1823339462280273  219.61659240722656  73.029609680175781
6359    -7.2211813926696777  219.71917724609375  73.082008361816406
6360    -6.3888506889343262  219.80950927734375  73.08953857421875
6361    -8.2876110076904297  219.56106567382812  73.106483459472656
6362    13.371604919433594  218.67872619628906  72.98736572265625
6363    2.9916238784790039  220.14581298828125  73.312515258789062
6364    13.280116081237793  218.67498779296875  73.312515258789062
6365    42.648284912109375  123.34382629394531  73.583541870117188
6366    53.042270660400391  139.29225158691406  73.583541870117188
6367    48.471149444580078  130.831787109375  73.566818237304688
6368    48.469371795654297  130.83294677734375  73.583541870117188
6369    56.151935577392578  148.39176940917969  73.583541870117188
6370    35.882026672363281  117.05983734130859  73.566818237304688
6371    35.880710601806641  117.06150817871094  73.583541870117188
6372    57.600112915039062  160.03094482421875  73.550003051757812
6373    25.98753547668457  224.13029479980469  -22.785324096679688
6374    57.725414276123047  166.98381042480469  73.566818237304688
6375    57.704074859619141  157.74945068359375  73.566818237304688
6376    57.701957702636719  157.74961853027344  73.583541870117188
6377    42.615558624267578  123.37387084960938  60.379112243652344
6378    -11.078085899353027  219.35177612304688  55.114315032958984
6379    -13.790438652038574  222.17770385742188  54.857601165771484
6380    -0.66453671455383301  225.74298095703125  -14.172844886779785
6381    -3.2077462673187256  226.22149658203125  -10.350155830383301
6382    -27.295894622802734  222.75692749023438  -33.294818878173828
6383    -32.713058471679688  214.20735168457031  -37.232200622558594
6384    -32.537811279296875  216.21656799316406  -41.941242218017578
6385    -33.415809631347656  221.91972351074219  -32.430183410644531
6386    -35.286891937255859  222.7841796875  -29.989814758300781
6387    -39.559253692626953  218.66403198242188  -32.939682006835938
6388    -42.847747802734375  217.99925231933594  -31.469558715820312
6389    -42.224380493164062  214.09455871582031  -34.828811645507812
6390    -33.219512939453125  212.02703857421875  -38.033473968505859
6391    -31.821498870849609  221.34307861328125  -34.589813232421875
6392    33.798202514648438  223.27020263671875  34.441982269287109
6393    38.232276916503906  223.27020263671875  34.315151214599609
6394    34.738296508789062  223.27020263671875  38.517543792724609
6395    38.849475860595703  223.27020263671875  36.270401000976562
6396    37.719020843505859  223.27020263671875  38.319820404052734
6397    36.174201965332031  223.27020263671875  38.850845336914062
6398    -33.389919281005859  211.27024841308594  -35.269744873046875
6399    -34.984169006347656  212.90032958984375  -34.13323974609375
6400    -34.1123046875  211.27020263671875  -34.078819274902344
6401    -35.600460052490234  213.27020263671875  -34.740951538085938
6402    -36.078239440917969  213.26522827148438  -34.671226501464844
6403    -36.651004791259766  211.27020263671875  -33.3245849609375
6404    -38.844257354736328  211.27020263671875  -35.744838714599609
6405    -37.462234497070312  213.27017211914062  -36.084190368652344
6406    -37.363773345947266  213.27020263671875  -36.552467346191406
6407    -37.924999237060547  212.83761596679688  -37.488639831542969
6408    -37.413337707519531  213.27020263671875  -35.716903686523438
6409    -36.785850524902344  213.27020263671875  -34.863826751708984
6410    -37.891452789306641  211.27020263671875  -33.960693359375
6411    -37.239498138427734  213.27017211914062  -35.304092407226562
6412    -37.04046630859375  213.26998901367188  -35.059700012207031
6413    -35.616706848144531  211.27020263671875  -33.309722900390625
6414    -34.050518035888672  212.6854248046875  -36.596321105957031
6415    -33.276397705078125  211.27020263671875  -36.306156158447266
6416    -34.761116027832031  213.27020263671875  -35.572425842285156
6417    -33.545562744140625  211.27020263671875  -37.289924621582031
6418    -34.493026733398438  211.27020263671875  -38.364830017089844
6419    -36.215167999267578  211.27020263671875  -38.846416473388672
6420    -38.414066314697266  211.27020263671875  -37.548667907714844
6421    -31.65440559387207  219.86573791503906  -37.063194274902344
6422    34.743209838867188  225.23068237304688  35.833652496337891
6423    34.682952880859375  223.9893798828125  36.132297515869141
6424    34.704837799072266  223.98268127441406  35.881134033203125
6425    36.062446594238281  223.77496337890625  35.052589416503906
6426    36.065658569335938  223.47390747070312  36.065635681152344
6427    36.906749725341797  223.79058837890625  35.462039947509766
6428    36.677696228027344  223.98666381835938  34.831050872802734
6429    36.899169921875  223.98231506347656  34.978889465332031
6430    36.511806488037109  225.27017211914062  37.388988494873047
6431    36.534427642822266  225.23495483398438  37.322360992431641
6432    36.010330200195312  225.04449462890625  37.070148468017578
6433    36.725303649902344  225.27020263671875  37.295581817626953
6434    36.773288726806641  223.99740600585938  37.262744903564453
6435    36.592720031738281  223.98463439941406  37.328998565673828
6436    36.86102294921875  225.23115539550781  37.128948211669922
6437    36.854095458984375  223.96817016601562  37.149166107177734
6438    35.127235412597656  225.05058288574219  36.468349456787109
6439    35.223194122314453  223.98091125488281  37.140945434570312
6440    35.2181396484375  223.79058837890625  36.662849426269531
6441    35.093391418457031  223.794921875  36.432693481445312
6442    34.739501953125  225.23117065429688  36.220745086669922
6443    34.663089752197266  225.27020263671875  36.019927978515625
6444    37.031501770019531  223.794921875  35.692195892333984
6445    34.724414825439453  223.96870422363281  36.20343017578125
6446    35.157390594482422  225.05308532714844  35.585773468017578
6447    35.087432861328125  223.80046081542969  35.662105560302734
6448    35.250835418701172  223.79231262207031  35.432327270507812
6449    35.268886566162109  225.07044982910156  35.3687744140625
6450    35.294036865234375  223.98268127441406  34.928638458251953
6451    36.262626647949219  225.06932067871094  35.029647827148438
6452    36.022705078125  225.05781555175781  35.031478881835938
6453    35.539466857910156  225.24974060058594  34.796344757080078
6454    35.572101593017578  223.97447204589844  34.798801422119141
6455    35.354690551757812  223.99774169921875  34.859748840332031
6456    36.130115509033203  223.78277587890625  37.083442687988281
6457    35.390182495117188  223.99617004394531  37.282516479492188
6458    -35.386116027832031  213.27020263671875  -34.836650848388672
6459    37.436489105224609  223.98666381835938  35.979572296142578
6460    37.419193267822266  223.98231506347656  36.245288848876953
6461    37.453639984130859  223.995361328125  36.027996063232422
6462    36.72821044921875  223.995361328125  34.840412139892578
6463    36.874053955078125  223.79231262207031  36.692562103271484
6464    37.037456512451172  223.80046081542969  36.462783813476562
6465    -36.738777160644531  213.27020263671875  -37.288242340087891
6466    -36.873504638671875  213.22990417480469  -37.117271423339844
6467    -36.777675628662109  211.99847412109375  -37.262451171875
6468    -36.919559478759766  213.06137084960938  -35.477336883544922
6469    -36.899761199951172  211.96717834472656  -35.014350891113281
6470    -36.889472961425781  211.80058288574219  -35.408649444580078
6471    -36.888175964355469  213.05058288574219  -36.660400390625
6472    -37.415328979492188  211.97966003417969  -36.239402770996094
6473    -37.042163848876953  211.80058288574219  -36.451774597167969
6474    -36.877201080322266  211.79570007324219  -36.696647644042969
6475    -36.834011077880859  211.98649597167969  -37.202091217041016
6476    -37.422298431396484  213.24972534179688  -36.227691650390625
6477    -36.129310607910156  213.05979919433594  -37.095287322998047
6478    -36.599300384521484  213.24974060058594  -37.322738647460938
6479    -36.604450225830078  211.98422241210938  -37.323204040527344
6480    -36.138545989990234  211.78230285644531  -37.082023620605469
6481    -35.926326751708984  211.79153442382812  -37.083938598632812
6482    -35.869831085205078  213.07044982910156  -37.098697662353516
6483    -35.460727691650391  211.98666381835938  -37.300506591796875
6484    -37.382183074951172  213.23048400878906  -35.888225555419922
6485    -36.993152618408203  213.05058288574219  -35.646316528320312
6486    -37.449687957763672  211.99363708496094  -36.000572204589844
6487    -35.237880706787109  213.25230407714844  -37.155200958251953
6488    -35.237648010253906  211.98231506347656  -37.155109405517578
6489    -35.200439453125  211.77679443359375  -36.592384338378906
6490    -35.339038848876953  213.27020263671875  -37.261062622070312
6491    -35.410114288330078  211.995361328125  -37.291702270507812
6492    -35.551570892333984  213.23115539550781  -37.292957305908203
6493    -34.702594757080078  213.24974060058594  -35.897201538085938
6494    -34.703773498535156  211.98231506347656  -35.894481658935547
6495    -35.142036437988281  213.05560302734375  -35.604846954345703
6496    -34.662708282470703  213.27020263671875  -36.035266876220703
6497    -34.671714782714844  211.995361328125  -36.112136840820312
6498    -34.741348266601562  213.23115539550781  -36.235263824462891
6499    -35.252243041992188  213.23117065429688  -35.004707336425781
6500    -35.299541473388672  211.9893798828125  -34.910987854003906
6501    -36.033138275146484  211.47457885742188  -36.209987640380859
6502    -36.958808898925781  211.78773498535156  -35.596160888671875
6503    -36.6466064453125  211.98268127441406  -34.823604583740234
6504    -36.062446594238281  211.77447509765625  -35.053424835205078
6505    -35.258049011230469  213.06636047363281  -35.393714904785156
6506    -35.216533660888672  211.78118896484375  -35.505924224853516
6507    -35.519889831542969  213.24822998046875  -34.802639007568359
6508    -35.526817321777344  211.98268127441406  -34.801860809326172
6509    -34.68939208984375  211.98666381835938  -36.160373687744141
6510    -36.082023620605469  213.04412841796875  -35.05419921875
6511    -36.592704772949219  213.2376708984375  -34.827968597412109
6512    -36.905391693115234  213.23587036132812  -35.016181945800781
6513    -34.710586547851562  213.27020263671875  -36.404037475585938
6514    -34.88409423828125  213.27017211914062  -36.818767547607422
6515    -36.289100646972656  213.27020263671875  -37.434436798095703
6516    -35.682197570800781  213.27020263671875  -37.403923034667969
6517    -35.180686950683594  213.04414367675781  -36.551548004150391
6518    -35.083572387695312  213.26998901367188  -37.064357757568359
6519    -35.085891723632812  213.27020263671875  -35.066177368164062
6520    -37.03900146484375  213.27020263671875  -37.058712005615234
6521    35.399589538574219  225.27020263671875  34.829311370849609
6522    -36.842506408691406  213.26580810546875  -34.909042358398438
6523    11.024550437927246  178.45782470703125  -57.045143127441406
6524    5.5574064254760742  178.11428833007812  -57.836402893066406
6525    0.17029778659343719  177.99795532226562  -58.104347229003906
6526    -9.9558401107788086  178.37179565429688  -57.2432861328125
6527    -37.297836303710938  223.26058959960938  41.634845733642578
6528    -52.564289093017578  223.20352172851562  21.150827407836914
6529    37.590305328369141  222.46473693847656  43.722545623779297
6530    35.742584228515625  224.84059143066406  38.392791748046875
6531    34.851047515869141  225.26556396484375  35.385074615478516
6532    35.396556854248047  225.26521301269531  37.284233093261719
6533    35.325946807861328  225.27020263671875  37.253063201904297
6534    35.631572723388672  225.18701171875  37.245277404785156
6535    34.707649230957031  225.27020263671875  36.395206451416016
6536    34.977813720703125  225.27020263671875  36.932586669921875
6537    35.227458953857422  225.24974060058594  37.148406982421875
6538    35.270328521728516  225.2376708984375  34.977245330810547
6539    34.691722869873047  225.27020263671875  35.778011322021484
6540    36.457225799560547  225.27020263671875  34.725151062011719
6541    36.586780548095703  225.23115539550781  34.837604522705078
6542    36.798942565917969  225.27020263671875  34.871826171875
6543    35.855480194091797  225.27008056640625  34.686431884765625
6544    37.417243957519531  225.27020263671875  35.729682922363281
6545    37.385387420654297  225.23117065429688  35.904148101806641
6546    37.461799621582031  225.27020263671875  36.104961395263672
6547    36.997657775878906  225.05058288574219  35.656543731689453
6548    37.147079467773438  225.27020263671875  35.192306518554688
6549    36.985263824462891  225.05979919433594  36.531097412109375
6550    36.897430419921875  225.24974060058594  34.976486206054688
6551    36.856006622314453  225.07044982910156  36.756118774414062
6552    37.420425415039062  225.24974060058594  36.2425537109375
6553    37.000656127929688  224.89915466308594  34.048244476318359
6554    34.858291625976562  224.8714599609375  34.124603271484375
6555    33.812435150146484  224.87261962890625  35.703178405761719
6556    37.358505249023438  225.27020263671875  36.566383361816406
6557    37.498291015625  224.86917114257812  37.830284118652344
6558    35.988998413085938  225.26593017578125  37.448127746582031
6559    37.023056030273438  225.27020263671875  37.073078155517578
6560    35.552303314208984  225.27018737792969  37.366264343261719
6561    -36.148433685302734  225.05070495605469  37.078521728515625
6562    -35.976455688476562  223.78071594238281  37.078521728515625
6563    -36.248050689697266  223.80467224121094  37.107414245605469
6564    -37.462444305419922  225.27020263671875  36.062446594238281
6565    -37.449459075927734  223.99421691894531  36.147430419921875
6566    -37.41650390625  223.97869873046875  35.90875244140625
6567    -37.379936218261719  225.23115539550781  36.260879516601562
6568    -35.243644714355469  225.06436157226562  36.707889556884766
6569    -35.236328125  223.79551696777344  36.685039520263672
6570    -35.277332305908203  223.9893798828125  37.198875427246094
6571    -35.430091857910156  225.26576232910156  37.302829742431641
6572    -35.502445220947266  223.98268127441406  37.312393188476562
6573    -35.717964172363281  225.15626525878906  37.214511871337891
6574    -35.362445831298828  225.27020263671875  37.274883270263672
6575    -35.231861114501953  225.23117065429688  37.104255676269531
6576    -35.583248138427734  225.27020263671875  37.377796173095703
6577    -36.123638153076172  225.26554870605469  37.449028015136719
6578    -36.880588531494141  223.96580505371094  37.122531890869141
6579    -36.622444152832031  223.98268127441406  37.312393188476562
6580    -36.568637847900391  225.2376708984375  37.306983947753906
6581    -36.984901428222656  225.05058288574219  36.496562957763672
6582    -36.888126373291016  223.79058837890625  36.688217163085938
6583    -37.019809722900391  223.794921875  36.461956024169922
6584    -36.899631500244141  225.05058288574219  35.480636596679688
6585    -36.984901428222656  223.78057861328125  35.628326416015625
6586    -36.887111663818359  223.794921875  35.433097839355469
6587    -36.892360687255859  225.23188781738281  35.018032073974609
6588    -36.862678527832031  223.98370361328125  34.948722839355469
6589    -37.425247192382812  225.24972534179688  35.923633575439453
6590    -36.149349212646484  225.05979919433594  35.031101226806641
6591    -36.623664855957031  225.24974060058594  34.812812805175781
6592    -36.626743316650391  223.98374938964844  34.812412261962891
6593    -36.804649353027344  223.99800109863281  37.244976043701172
6594    -35.943954467773438  223.79150390625  35.037830352783203
6595    -36.030487060546875  223.54692077636719  35.978351593017578
6596    -35.229972839355469  223.78622436523438  35.460262298583984
6597    -35.484874725341797  223.98666381835938  34.812934875488281
6598    -35.259017944335938  223.98231506347656  34.9539794921875
6599    -35.130512237548828  225.05615234375  36.498386383056641
6600    -34.700771331787109  223.98231506347656  36.204002380371094
6601    -35.133125305175781  223.78227233886719  36.488540649414062
6602    -36.820999145507812  225.26564025878906  37.229740142822266
6603    -36.762447357177734  225.27020263671875  37.274883270263672
6604    -36.148433685302734  223.78071594238281  35.046371459960938
6605    -36.756336212158203  224.00018310546875  34.846538543701172
6606    -37.373043060302734  225.27020263671875  35.5977783203125
6607    -37.058158874511719  225.27020263671875  35.0853271484375
6608    -34.751850128173828  225.27020263671875  36.527107238769531
6609    -35.066734313964844  225.27020263671875  37.039566040039062
6610    -34.699642181396484  225.24974060058594  36.201259613037109
6611    -34.662445068359375  225.27020263671875  36.062446594238281
6612    -37.407417297363281  225.27020263671875  36.430217742919922
6613    -37.021682739257812  225.26998901367188  37.083175659179688
6614    -36.762447357177734  225.27020263671875  34.850009918212891
6615    -35.70831298828125  225.27020263671875  34.713836669921875
6616    -35.575553894042969  225.23115539550781  34.822250366210938
6617    -35.362445831298828  225.27020263671875  34.850009918212891
6618    -35.889987945556641  225.07044982910156  35.022647857666016
6619    -36.315696716308594  225.27020263671875  34.695114135742188
6620    -34.717475891113281  225.27020263671875  35.694671630859375
6621    -34.744953155517578  225.23115539550781  35.864009857177734
6622    -35.187801361083984  225.04412841796875  35.560745239257812
6623    -34.898998260498047  225.27017211914062  35.283390045166016
6624    -35.10321044921875  225.26998901367188  35.041717529296875
6625    -35.434101104736328  223.995361328125  34.820758819580078
6626    -35.259250640869141  225.25230407714844  34.953891754150391
6627    -35.082473754882812  223.80206298828125  35.683403015136719
6628    -34.672939300537109  223.995361328125  35.985763549804688
6629    -34.691551208496094  223.98666381835938  35.937881469726562
6630    -2.7163932323455811  225.82925415039062  -11.709551811218262
6631    -3.8235516548156738  229.44108581542969  14.17225456237793
6632    -3.8542957305908203  229.42010498046875  14.32744312286377
6633    26.328590393066406  224.47416687011719  -22.471702575683594
6634    23.812259674072266  224.26235961914062  -24.08057975769043
6635    25.198444366455078  224.34292602539062  -23.468673706054688
6636    15.919902801513672  228.49629211425781  10.377664566040039
6637    15.378969192504883  228.68846130371094  9.5389947891235352
6638    14.958955764770508  228.47763061523438  7.9375085830688477
6639    -36.051486968994141  223.27020263671875  38.846904754638672
6640    -37.693809509277344  223.27020263671875  38.319007873535156
6641    -38.709976196289062  223.27020263671875  36.924995422363281
6642    -33.409324645996094  223.27020263671875  36.909523010253906
6643    -34.077297210693359  223.27020263671875  38.020332336425781
6644    -34.0299072265625  211.62954711914062  -33.326358795166016
6645    -32.884933471679688  211.70991516113281  -34.753395080566406
6646    -37.723957061767578  211.36103820800781  -33.322887420654297
6647    -35.076595306396484  211.80303955078125  -35.677471160888672
6648    -36.825504302978516  211.99821472167969  -34.892814636230469
6649    -32.818492889404297  211.37232971191406  -35.856784820556641
6650    -38.211769104003906  224.91375732421875  36.480293273925781
6651    -34.110366821289062  224.83988952636719  37.351295471191406
6652    -48.797164916992188  224.75462341308594  29.378528594970703
6653    -47.025775909423828  228.34274291992188  26.545557022094727
6654    -49.614593505859375  227.53681945800781  21.879890441894531
6655    -42.277965545654297  230.673095703125  29.488861083984375
6656    -49.816768646240234  226.53897094726562  0.7808108925819397
6657    -52.350208282470703  226.077880859375  11.394134521484375
6658    -55.435634613037109  221.77789306640625  10.691583633422852
6659    -54.287731170654297  222.577880859375  16.010637283325195
6660    -51.014308929443359  226.59765625  17.10841178894043
6661    -45.881477355957031  229.78706359863281  22.083118438720703
6662    38.199131011962891  213.29914855957031  41.141948699951172
6663    44.728595733642578  210.12164306640625  33.796607971191406
6664    11.282284736633301  175.92408752441406  -55.525386810302734
6665    55.421520233154297  133.43302917480469  17.102825164794922
6666    -55.619529724121094  200.26235961914062  10.745226860046387
6667    -10.071538925170898  219.69479370117188  55.766067504882812
6668    -10.188918113708496  173.23393249511719  -54.844516754150391
6669    -1.8260666131973267  171.72970581054688  -58.410305023193359
6670    -54.964561462402344  188.32684326171875  -20.036520004272461
6671    -55.481952667236328  189.61837768554688  -18.057291030883789
6672    42.353473663330078  217.53875732421875  42.508083343505859
6673    41.806308746337891  219.76397705078125  42.614200592041016
6674    13.13084602355957  222.26284790039062  56.840877532958984
6675    1.5028810501098633  223.27095031738281  58.246173858642578
6676    -23.124332427978516  177.01301574707031  -53.408275604248047
6677    -15.310427665710449  176.47529602050781  -54.912681579589844
6678    0.35878536105155945  175.42562866210938  -56.67626953125
6679    0.23450987040996552  222.56494140625  58.451496124267578
6680    57.289028017995534  200.6047182324759  9.8707477439376952
6681    49.962908354309533  209.07388271212636  29.196164125514549
6682    -2.5944458906409977  104.79474623954835  73.612997462429277
6683    53.663751572002013  183.63493831986642  60.840671539306641
6684    -18.416241793706387  217.37652596650847  60.25
6685    -9.1845091533720833  219.58057585160711  60.25
6686    -17.875485968877896  217.50562988015218  60.25
6687    -17.003900361620666  217.713718462477  60.25
6688    -27.524855693277015  213.35284930252254  60.200000762939453
6689    57.563880362410224  201.22750260305904  8.5804497992540369
6690    52.583796630645402  186.51436691461163  60.840671539306641
6691    15.264649462764293  173.86130709341973  -53.918730393252723
6692    13.998627818010508  218.59743936892045  60.200000762939453
6693    33.376542041691323  209.77932287453314  60.200000762939453
6694    -16.281012067004902  106.99838747373832  60.200000762939453
6695    -12.542115164631706  106.0223188460001  60.200000762939453
6696    -13.998519404329716  106.4025246994356  60.200000762939453
6697    -20.245080719609714  219.38041310917882  53.130926514136767
6698    18.416192486363034  107.62346213792966  60.25
6699    9.1846027168281115  105.41943958574477  60.25
6700    17.765398177591571  107.46808637176429  60.25
6701    17.013871792705693  107.28866103526194  60.25
6702    13.719100920988099  106.50204145111275  60.25
# Generated by 
