2259  3  0  0
   0    -41.354869842529297  203.16580200195312  60
   1    -43.102466583251953  201.30963134765625  60.200000762939453
   2    -38.809635162353516  205.60246276855469  60.200000762939453
   3    -48.039264678955078  194.9986572265625  60
   4    -53.1336669921875  185.75563049316406  60
   5    -50.22955322265625  191.50004577636719  60.200000762939453
   6    -46.923057556152344  196.59159851074219  60.200000762939453
   7    -55.161365509033203  180.42301940917969  60.200000762939453
   8    -52.9857177734375  186.09075927734375  60.200000762939453
   9    57.752582550048828  99.099998474121094  5.351564884185791
  10    57.752582550048828  99.099998474121094  -5.351564884185791
  11    57.795661926269531  107.60594177246094  3.0639762878417969
  12    -56.428367614746094  115.31430053710938  -12.593935012817383
  13    -55.629604339599609  122.94861602783203  -16.356649398803711
  14    -55.320232391357422  111.78427124023438  -17.139556884765625
  15    -53.129711151123047  120.36293792724609  -22.837982177734375
  16    -18.39103889465332  170.18513488769531  74.400001525878906
  17    -7.0266470909118652  176.64686584472656  74.400001525878906
  18    -14.537105560302734  182.568603515625  74.400001525878906
  19    -8.6457405090332031  168.37835693359375  74.400001525878906
  20    44.287872314453125  181.89579772949219  74.400001525878906
  21    41.945541381835938  191.56033325195312  74.400001525878906
  22    36.03240966796875  186.1324462890625  74.400001525878906
  23    6.5030546188354492  99.099998474121094  -38.487098693847656
  24    5.9598979949951172  99.099998474121094  -48.313873291015625
  25    14.512280464172363  99.099998474121094  -45.549240112304688
  26    20.952016830444336  99.099998474121094  -54.083389282226562
  27    25.080961227416992  99.099998474121094  -42.640701293945312
  28    17.18365478515625  99.099998474121094  -36.077987670898438
  29    25.564441680908203  99.099998474121094  19.426731109619141
  30    19.224252700805664  99.099998474121094  13.042573928833008
  31    29.531015396118164  99.099998474121094  12.236481666564941
  32    43.271976470947266  124.03949737548828  60.200000762939453
  33    39.014713287353516  119.72702789306641  60.200000762939453
  34    43.102466583251953  123.69036102294922  60.200000762939453
  35    38.809635162353516  119.39752960205078  60.200000762939453
  36    57.988517761230469  163.65853881835938  60
  37    57.10003662109375  172.67822265625  60
  38    57.682361602783203  168.56266784667969  60.200000762939453
  39    58.000091552734375  162.5  60.200000762939453
  40    56.648788452148438  174.9468994140625  60
  41    56.732650756835938  174.55889892578125  60.200000762939453
  42    55.161365509033203  180.42301940917969  60.200000762939453
  43    53.1336669921875  185.75563049316406  60
  44    52.9857177734375  186.09075927734375  60.200000762939453
  45    -56.648788452148438  174.9468994140625  60
  46    -57.10003662109375  172.67822265625  60
  47    -56.732650756835938  174.55889892578125  60.200000762939453
  48    -57.988517761230469  163.65853881835938  60
  49    -57.682361602783203  168.56266784667969  60.200000762939453
  50    -58.000091552734375  162.5  60.200000762939453
  51    56.557701110839844  173.89517211914062  37.97528076171875
  52    55.172706604003906  180.24232482910156  44.420665740966797
  53    57.333793640136719  170.80000305175781  50.328498840332031
  54    51.328716278076172  189.2259521484375  49.812702178955078
  55    55.287330627441406  179.65176391601562  53.984943389892578
  56    57.536331176757812  168.9222412109375  60.200000762939453
  57    57.892448425292969  162.87287902832031  60.200000762939453
  58    -6.0626602172851562  104.81764221191406  60.200000762939453
  59    -5.37068870279378e-13  104.49990844726562  60.200000762939453
  60    -5.6805720329284668  104.88571929931641  60.200000762939453
  61    0.37287920713424683  104.60755157470703  60.200000762939453
  62    57.614284515380859  156.81942749023438  60.200000762939453
  63    57.682361602783203  156.43733215332031  60.200000762939453
  64    6.0626602172851562  104.81764221191406  60.200000762939453
  65    6.4222450256347656  104.96366882324219  60.200000762939453
  66    56.704883575439453  150.82821655273438  60.200000762939453
  67    56.732650756835938  150.44110107421875  60.200000762939453
  68    12.058897018432617  105.76734924316406  60.200000762939453
  69    12.401247978210449  105.95016479492188  60.200000762939453
  70    55.174217224121094  144.96487426757812  60.200000762939453
  71    55.161365509033203  144.57698059082031  60.200000762939453
  72    17.923013687133789  107.33863830566406  60.200000762939453
  73    18.244379043579102  107.55623626708984  60.200000762939453
  74    49.94989013671875  191.76914978027344  60.200000762939453
  75    52.7357177734375  186.38761901855469  60.200000762939453
  76    50.22955322265625  191.50004577636719  60.200000762939453
  77    -29.000045776367188  112.27044677734375  60.200000762939453
  78    -23.590763092041016  109.5142822265625  60.200000762939453
  79    -28.623300552368164  112.17723083496094  60.200000762939453
  80    -23.206338882446289  109.46095275878906  60.200000762939453
  81    54.943763732910156  180.744384765625  60.200000762939453
  82    -17.923013687133789  107.33863830566406  60.200000762939453
  83    -17.535121917724609  107.32578277587891  60.200000762939453
  84    56.549835205078125  174.9012451171875  60.200000762939453
  85    -12.058897018432617  105.76734924316406  60.200000762939453
  86    -11.671786308288574  105.79511260986328  60.200000762939453
  87    33.726661682128906  209.55514526367188  60.200000762939453
  88    38.460506439208984  205.77197265625  60.200000762939453
  89    34.091598510742188  209.42306518554688  60.200000762939453
  90    38.809635162353516  205.60246276855469  60.200000762939453
  91    -46.923057556152344  128.40840148925781  60.200000762939453
  92    -43.102466583251953  123.69036102294922  60.200000762939453
  93    -46.616802215576172  128.17001342773438  60.200000762939453
  94    -42.772968292236328  123.48529052734375  60.200000762939453
  95    42.772968292236328  201.51470947265625  60.200000762939453
  96    43.102466583251953  201.30963134765625  60.200000762939453
  97    -38.809635162353516  119.39752960205078  60.200000762939453
  98    -38.460506439208984  119.22801971435547  60.200000762939453
  99    46.616802215576172  196.82998657226562  60.200000762939453
 100    46.923057556152344  196.59159851074219  60.200000762939453
 101    -34.091598510742188  115.57694244384766  60.200000762939453
 102    -33.726661682128906  115.44485473632812  60.200000762939453
 103    11.671786308288574  219.20487976074219  60.200000762939453
 104    17.535121917724609  217.67420959472656  60.200000762939453
 105    12.058897018432617  219.23265075683594  60.200000762939453
 106    17.923013687133789  217.66136169433594  60.200000762939453
 107    -56.732650756835938  150.44110107421875  60.200000762939453
 108    -55.161365509033203  144.57698059082031  60.200000762939453
 109    -56.549835205078125  150.0987548828125  60.200000762939453
 110    -54.943763732910156  144.255615234375  60.200000762939453
 111    23.206338882446289  215.53904724121094  60.200000762939453
 112    23.590763092041016  215.4857177734375  60.200000762939453
 113    -52.9857177734375  138.90924072265625  60.200000762939453
 114    -52.7357177734375  138.61238098144531  60.200000762939453
 115    28.623300552368164  212.82276916503906  60.200000762939453
 116    29.000045776367188  212.72955322265625  60.200000762939453
 117    -50.22955322265625  133.49995422363281  60.200000762939453
 118    -49.94989013671875  133.23085021972656  60.200000762939453
 119    -55.174217224121094  180.03512573242188  60.200000762939453
 120    -53.039047241210938  185.70634460449219  60.200000762939453
 121    -56.704883575439453  174.17178344726562  60.200000762939453
 122    -57.614284515380859  168.18057250976562  60.200000762939453
 123    -57.892448425292969  162.12712097167969  60.200000762939453
 124    -0.37287920713424683  220.39244079589844  60.200000762939453
 125    5.6805720329284668  220.11428833007812  60.200000762939453
 126    -6.1566783572317152e-13  220.50009155273438  60.200000762939453
 127    6.0626602172851562  220.18235778808594  60.200000762939453
 128    -57.682361602783203  156.43733215332031  60.200000762939453
 129    -57.536331176757812  156.0777587890625  60.200000762939453
 130    57.58203125  155.95025634765625  72.886810302734375
 131    57.059879302978516  152.09950256347656  72.816291809082031
 132    58  162.5  72.816291809082031
 133    -39.014713287353516  205.27296447753906  60.200000762939453
 134    -34.329994201660156  209.11680603027344  60.200000762939453
 135    -34.091598510742188  209.42306518554688  60.200000762939453
 136    -43.271976470947266  200.96051025390625  60.200000762939453
 137    -47.055149078369141  196.22666931152344  60.200000762939453
 138    -29.269147872924805  212.44989013671875  60.200000762939453
 139    -29.000045776367188  212.72955322265625  60.200000762939453
 140    -50.322769165039062  191.12330627441406  60.200000762939453
 141    -23.590763092041016  215.4857177734375  60.200000762939453
 142    -23.887622833251953  215.2357177734375  60.200000762939453
 143    -18.244379043579102  217.44377136230469  60.200000762939453
 144    35.911979675292969  207.99049377441406  72.918174743652344
 145    31.684309005737305  211.08090209960938  72.816291809082031
 146    32.127017974853516  210.73806762695312  72.918174743652344
 147    32.535293579101562  210.33973693847656  72.959327697753906
 148    40.771846771240234  203.54682922363281  72.959327697753906
 149    39.253997802734375  205.19804382324219  72.816291809082031
 150    27.379665374755859  213.58238220214844  72.918174743652344
 151    27.387346267700195  213.59671020507812  72.899063110351562
 152    23.248968124389648  215.636474609375  72.816291809082031
 153    23.190792083740234  215.50350952148438  72.959327697753906
 154    48.539897918701172  130.786865234375  72.886810302734375
 155    50.63763427734375  134.51759338378906  72.959327697753906
 156    44.633678436279297  125.68939971923828  72.959327697753906
 157    51.938762664794922  136.85345458984375  72.941764831542969
 158    54.917186737060547  144.29869079589844  72.959327697753906
 159    53.119449615478516  139.25848388671875  72.886810302734375
 160    49.720779418945312  132.63624572753906  72.816291809082031
 161    54.269989013671875  142.03617858886719  72.816291809082031
 162    56.179553985595703  148.38482666015625  72.941764831542969
 163    57.326602935791016  154.69960021972656  72.959327697753906
 164    56.233638763427734  148.37124633789062  72.886810302734375
 165    57.657257080078125  156.98342895507812  72.941764831542969
 166    57.783824920654297  165.36614990234375  72.959327697753906
 167    53.919921875  183.75318908691406  72.918174743652344
 168    54.852397918701172  181.34713745117188  72.816291809082031
 169    50.998481750488281  190.12525939941406  72.816291809082031
 170    51.980442047119141  188.13375854492188  72.918174743652344
 171    49.381149291992188  192.8406982421875  72.918174743652344
 172    47.619964599609375  195.35612487792969  72.959327697753906
 173    46.722297668457031  196.7940673828125  72.918174743652344
 174    45.751228332519531  198.14863586425781  72.816291809082031
 175    52.846439361572266  186.04653930664062  72.959327697753906
 176    43.318477630615234  201.00408935546875  72.918174743652344
 177    40.036579132080078  204.40618896484375  72.918174743652344
 178    53.704166412353516  140.64349365234375  72.886810302734375
 179    53.068359375  139.28083801269531  72.941764831542969
 180    55.620624542236328  146.32203674316406  72.941764831542969
 181    56.669002532958984  150.23345947265625  72.886810302734375
 182    57.932895660400391  160.12852478027344  72.886810302734375
 183    57.904205322265625  164.50117492675781  72.929969787597656
 184    57.937477111816406  164.75675964355469  72.886810302734375
 185    57.552112579345703  169.54261779785156  72.886810302734375
 186    57.751689910888672  166.98585510253906  72.941764831542969
 187    57.207687377929688  172.0540771484375  72.816291809082031
 188    56.307113647460938  176.08807373046875  72.938362121582031
 189    56.273292541503906  175.93510437011719  72.959327697753906
 190    12.851365089416504  105.98541259765625  72.918174743652344
 191    17.623678207397461  107.24237060546875  72.816291809082031
 192    18.106575012207031  107.44359588623047  72.918174743652344
 193    18.570035934448242  107.70639801025391  72.959327697753906
 194    7.4292807579040527  104.977783203125  72.816291809082031
 195    8.185546875  105.22712707519531  72.959327697753906
 196    22.921398162841797  109.26781463623047  72.918174743652344
 197    27.24675178527832  111.29829406738281  72.816291809082031
 198    28.313091278076172  111.95852661132812  72.935195922851562
 199    28.3221435546875  112.05159759521484  72.959327697753906
 200    32.317489624023438  114.36037445068359  72.886810302734375
 201    35.986541748046875  117.01408386230469  72.816291809082031
 202    36.097480773925781  117.13494110107422  72.894638061523438
 203    38.027187347412109  118.73040771484375  72.886810302734375
 204    43.559719085693359  124.20442962646484  72.816291809082031
 205    37.109775543212891  118.11475372314453  72.959327697753906
 206    -18.561689376831055  107.59535980224609  72.918174743652344
 207    -13.056553840637207  106.13767242431641  72.959327697753906
 208    -23.190792083740234  109.49648284912109  72.959327697753906
 209    -18.566896438598633  107.5799560546875  72.899063110351562
 210    -23.248968124389648  109.36351776123047  72.816291809082031
 211    -13.343752861022949  106.05583190917969  72.816291809082031
 212    -13.206459045410156  106.06733703613281  72.918174743652344
 213    -8.2407064437866211  105.13148498535156  72.918174743652344
 214    -2.7433981895446777  104.60760498046875  72.918174743652344
 215    -2.4776911735534668  104.69821166992188  72.959327697753906
 216    -3.0059595108032227  104.57794952392578  72.816291809082031
 217    2.3472607135772705  104.59018707275391  72.918174743652344
 218    7.8113980293273926  105.07145690917969  72.918174743652344
 219    57.19049072265625  153.0948486328125  72.912681579589844
 220    45.161624908447266  126.13694000244141  72.886810302734375
 221    50.022712707519531  133.20803833007812  72.902496337890625
 222    50.888774871826172  134.71192932128906  72.886810302734375
 223    54.801040649414062  143.69180297851562  72.929969787597656
 224    55.005340576171875  144.16268920898438  72.886810302734375
 225    35.911979675292969  207.99049377441406  60.881820678710938
 226    40.771846771240234  203.54682922363281  60.840671539306641
 227    32.535293579101562  210.33973693847656  60.840671539306641
 228    32.127017974853516  210.73806762695312  60.881820678710938
 229    27.379665374755859  213.58238220214844  60.881820678710938
 230    31.684309005737305  211.08090209960938  60.983707427978516
 231    27.387346267700195  213.59671020507812  60.900936126708984
 232    23.190792083740234  215.50350952148438  60.840671539306641
 233    23.248968124389648  215.636474609375  60.983707427978516
 234    53.119449615478516  139.25848388671875  60.913192749023438
 235    54.269989013671875  142.03617858886719  60.983707427978516
 236    49.720779418945312  132.63624572753906  60.983707427978516
 237    53.068359375  139.28083801269531  60.858230590820312
 238    51.938762664794922  136.85345458984375  60.858230590820312
 239    54.917186737060547  144.29869079589844  60.840671539306641
 240    56.233638763427734  148.37124633789062  60.913192749023438
 241    57.059879302978516  152.09950256347656  60.983707427978516
 242    56.179553985595703  148.38482666015625  60.858230590820312
 243    57.326602935791016  154.69960021972656  60.840671539306641
 244    57.58203125  155.95025634765625  60.913192749023438
 245    58  162.5  60.983707427978516
 246    57.657257080078125  156.98342895507812  60.858230590820312
 247    57.783824920654297  165.36614990234375  60.840671539306641
 248    57.807289123535156  166.99017333984375  60.913192749023438
 249    57.207687377929688  172.0540771484375  60.983707427978516
 250    56.440471649169922  175.77845764160156  60.913192749023438
 251    54.852397918701172  181.34713745117188  60.983707427978516
 252    51.980442047119141  188.13375854492188  60.881820678710938
 253    52.846439361572266  186.04653930664062  60.840671539306641
 254    47.619964599609375  195.35612487792969  60.840671539306641
 255    49.381149291992188  192.8406982421875  60.881820678710938
 256    46.722297668457031  196.7940673828125  60.881820678710938
 257    45.751228332519531  198.14863586425781  60.983707427978516
 258    50.998481750488281  190.12525939941406  60.983707427978516
 259    43.318477630615234  201.00408935546875  60.881820678710938
 260    40.036579132080078  204.40618896484375  60.881820678710938
 261    39.253997802734375  205.19804382324219  60.983707427978516
 262    57.932895660400391  160.12852478027344  60.913192749023438
 263    57.939468383789062  163.94000244140625  60.881820678710938
 264    57.780178070068359  166.58267211914062  60.858230590820312
 265    56.588161468505859  174.91632080078125  60.869884490966797
 266    55.650608062744141  178.68844604492188  60.881820678710938
 267    56.273292541503906  175.93510437011719  60.840671539306641
 268    53.919921875  183.75318908691406  60.881820678710938
 269    27.800203323364258  111.645263671875  60.881820678710938
 270    28.3221435546875  112.05159759521484  60.840671539306641
 271    28.481609344482422  112.06017303466797  60.858230590820312
 272    32.183349609375  114.337646484375  60.858230590820312
 273    28.550649642944336  112.03511810302734  60.913192749023438
 274    37.109775543212891  118.11475372314453  60.840671539306641
 275    43.559719085693359  124.20442962646484  60.983707427978516
 276    44.633678436279297  125.68939971923828  60.840671539306641
 277    45.161624908447266  126.13694000244141  60.913192749023438
 278    50.63763427734375  134.51759338378906  60.840671539306641
 279    48.539897918701172  130.786865234375  60.913192749023438
 280    49.952232360839844  133.09017944335938  60.897506713867188
 281    53.704166412353516  140.64349365234375  60.913192749023438
 282    55.620624542236328  146.32203674316406  60.858230590820312
 283    56.669002532958984  150.23345947265625  60.913192749023438
 284    2.3472607135772705  104.59018707275391  60.881820678710938
 285    7.4292807579040527  104.977783203125  60.983707427978516
 286    -3.0059595108032227  104.57794952392578  60.983707427978516
 287    -2.4776911735534668  104.69821166992188  60.840671539306641
 288    8.185546875  105.22712707519531  60.840671539306641
 289    7.8113980293273926  105.07145690917969  60.881820678710938
 290    12.851365089416504  105.98541259765625  60.881820678710938
 291    18.106575012207031  107.44359588623047  60.881820678710938
 292    17.623678207397461  107.24237060546875  60.983707427978516
 293    18.570035934448242  107.70639801025391  60.840671539306641
 294    22.921398162841797  109.26781463623047  60.881820678710938
 295    27.24675178527832  111.29829406738281  60.983707427978516
 296    -18.566896438598633  107.5799560546875  60.900936126708984
 297    -23.248968124389648  109.36351776123047  60.983707427978516
 298    -23.190792083740234  109.49648284912109  60.840671539306641
 299    -13.343752861022949  106.05583190917969  60.983707427978516
 300    -18.561689376831055  107.59535980224609  60.881820678710938
 301    -13.206459045410156  106.06733703613281  60.881820678710938
 302    -13.056553840637207  106.13767242431641  60.840671539306641
 303    -8.2407064437866211  105.13148498535156  60.881820678710938
 304    -2.7433981895446777  104.60760498046875  60.881820678710938
 305    50.888774871826172  134.71192932128906  60.913192749023438
 306    54.570140838623047  142.9647216796875  60.890499114990234
 307    55.005340576171875  144.16268920898438  60.913192749023438
 308    57.19049072265625  153.0948486328125  60.887317657470703
 309    34.111904144287109  115.61479949951172  60.913192749023438
 310    35.986541748046875  117.01408386230469  60.983707427978516
 311    38.027187347412109  118.73040771484375  60.913192749023438
 312    35.998260498046875  117.05239868164062  60.909477233886719
 313    56.611358642578125  173.42503356933594  73.201507568359375
 314    56.304569244384766  175.05661010742188  73.0611572265625
 315    54.590805053710938  181.25724792480469  73.312515258789062
 316    56.934860229492188  172.00851440429688  73.312515258789062
 317    48.317092895507812  130.93243408203125  73.013298034667969
 318    52.875625610351562  139.36515808105469  73.013298034667969
 319    55.975521087646484  148.43609619140625  73.013298034667969
 320    55.915195465087891  148.45124816894531  73.180404663085938
 321    56.787757873535156  152.14910888671875  73.312515258789062
 322    54.011173248291016  142.13377380371094  73.312515258789062
 323    57.520675659179688  157.76454162597656  73.013298034667969
 324    32.134479522705078  114.63298034667969  73.180404663085938
 325    35.767982482910156  117.20426177978516  73.013298034667969
 326    35.739898681640625  117.2613525390625  73.180404663085938
 327    35.814918518066406  117.23100280761719  73.312515258789062
 328    27.116811752319336  111.54248046875  73.312515258789062
 329    39.835468292236328  120.73651885986328  73.013298034667969
 330    42.514293670654297  123.46684265136719  73.013298034667969
 331    46.487159729003906  128.29478454589844  73.013298034667969
 332    49.483657836914062  132.77865600585938  73.312515258789062
 333    51.750129699707031  136.94659423828125  73.013298034667969
 334    55.418624877929688  146.38079833984375  73.013298034667969
 335    56.348094940185547  150.30291748046875  73.180404663085938
 336    57.723396301269531  162.5  73.312515258789062
 337    57.609382629394531  164.74398803710938  73.180404663085938
 338    57.541946411132812  166.96955871582031  73.013298034667969
 339    57.226200103759766  169.50273132324219  73.180404663085938
 340    47.216133117675781  195.75041198730469  72.98736572265625
 341    45.393714904785156  198.19944763183594  72.98736572265625
 342    41.938091278076172  202.20184326171875  72.98736572265625
 343    44.067970275878906  199.668212890625  73.08953857421875
 344    45.533039093017578  197.97862243652344  73.312515258789062
 345    39.066795349121094  204.99441528320312  73.312515258789062
 346    40.547988891601562  203.60475158691406  73.000022888183594
 347    38.251567840576172  205.76496887207031  72.98736572265625
 348    34.128227233886719  209.08651733398438  72.98736572265625
 349    36.759689331054688  206.90875244140625  73.08953857421875
 350    33.610111236572266  209.35395812988281  73.222602844238281
 351    31.533205032348633  210.84922790527344  73.312515258789062
 352    29.860815048217773  211.93046569824219  72.98736572265625
 353    25.195581436157227  214.46365356445312  72.98736572265625
 354    29.994527816772461  211.75845336914062  73.118751525878906
 355    -18.467170715332031  107.87494659423828  73.222602844238281
 356    -13.280116081237793  106.32501220703125  73.312515258789062
 357    -23.138092041015625  109.61692810058594  73.312515258789062
 358    56.79779052734375  172.75004577636719  73.013298034667969
 359    56.391941070556641  174.94943237304688  72.98736572265625
 360    54.207862854003906  182.41349792480469  72.98736572265625
 361    50.755264282226562  189.99351501464844  73.312515258789062
 362    51.060073852539062  189.47976684570312  72.98736572265625
 363    48.379920959472656  194.03446960449219  72.98736572265625
 364    49.131637573242188  192.68739318847656  73.08953857421875
 365    47.351860046386719  195.40493774414062  73.222602844238281
 366    46.004581451416016  197.26824951171875  73.083549499511719
 367    54.693851470947266  144.26654052734375  73.180404663085938
 368    56.842639923095703  152.50166320800781  73.013298034667969
 369    57.131374359130859  154.07115173339844  72.98736572265625
 370    56.879928588867188  153.04937744140625  73.100761413574219
 371    57.714675903320312  162.76206970214844  73.013298034667969
 372    57.709800720214844  164.64906311035156  72.98736572265625
 373    57.646717071533203  163.93272399902344  73.08953857421875
 374    57.661506652832031  162.98115539550781  73.22747802734375
 375    57.645481109619141  164.87428283691406  73.040672302246094
 376    37.811840057373047  118.978271484375  73.180404663085938
 377    43.351982116699219  124.38706207275391  73.312515258789062
 378    49.728469848632812  133.20611572265625  73.013298034667969
 379    50.408721923828125  134.31369018554688  72.984832763671875
 380    54.151401519775391  142.53306579589844  73.013298034667969
 381    54.630573272705078  143.77728271484375  72.98736572265625
 382    54.241462707519531  142.9410400390625  73.100761413574219
 383    54.019573211669922  142.35646057128906  73.180404663085938
 384    54.157516479492188  142.70362854003906  73.222602844238281
 385    10.47166919708252  105.70754241943359  72.98736572265625
 386    15.656737327575684  106.91307830810547  72.98736572265625
 387    20.159646987915039  108.47665405273438  73.222602844238281
 388    22.805582046508789  109.53678894042969  73.08953857421875
 389    24.951198577880859  110.51566314697266  73.222602844238281
 390    17.539630889892578  107.50588989257812  73.312515258789062
 391    20.686359405517578  108.58234405517578  72.98736572265625
 392    25.564252853393555  110.71672058105469  72.98736572265625
 393    27.373516082763672  111.74939727783203  73.222602844238281
 394    27.659734725952148  111.90221405029297  73.08953857421875
 395    27.737249374389648  111.95772552490234  73.180404663085938
 396    27.985868453979492  111.98435211181641  72.98736572265625
 397    28.010639190673828  112.03757476806641  73.013298034667969
 398    30.223262786865234  113.33083343505859  73.013298034667969
 399    36.851799011230469  118.03401184082031  72.986068725585938
 400    36.66009521484375  117.98560333251953  73.082740783691406
 401    -15.841299057006836  106.96539306640625  72.98736572265625
 402    -15.937514305114746  107.08403778076172  73.222602844238281
 403    -15.878063201904297  107.06459808349609  73.08953857421875
 404    -15.93896484375  107.07899475097656  73.236579895019531
 405    -10.788336753845215  105.85597991943359  73.222602844238281
 406    -5.4006657600402832  105.00328826904297  72.98736572265625
 407    -2.9916238784790039  104.85417938232422  73.312515258789062
 408    4.8322944641113281  105.04060363769531  73.222602844238281
 409    7.3938503265380859  105.25210571289062  73.312515258789062
 410    -0.36739626526832581  104.83893585205078  73.222602844238281
 411    2.3354005813598633  104.88279724121094  73.08953857421875
 412    -0.10012818872928619  104.75028991699219  72.98736572265625
 413    5.217832088470459  104.98640441894531  72.98736572265625
 414    10.063013076782227  105.72263336181641  73.222602844238281
 415    14.343343734741211  106.66227722167969  73.088218688964844
 416    47.638053894042969  194.99148559570312  73.098091125488281
 417    47.25030517578125  195.55426025390625  73.08953857421875
 418    41.211235046386719  202.83290100097656  73.094902038574219
 419    39.225921630859375  204.76763916015625  73.083732604980469
 420    33.479286193847656  209.45220947265625  73.103340148925781
 421    32.479381561279297  210.25070190429688  72.98736572265625
 422    24.125993728637695  214.86109924316406  73.157882690429688
 423    23.138092041015625  215.38307189941406  73.312515258789062
 424    -20.889572143554688  108.66074371337891  72.98736572265625
 425    57.108657836914062  154.2996826171875  73.040672302246094
 426    57.658164978027344  162.81027221679688  73.145866394042969
 427    56.80218505859375  172.36854553222656  73.180404663085938
 428    50.696159362792969  189.99078369140625  73.07366943359375
 429    50.585479736328125  134.71220397949219  73.013298034667969
 430    54.705146789550781  144.22563171386719  73.062881469726562
 431    54.768791198730469  144.29472351074219  73.013298034667969
 432    56.750251770019531  152.33706665039062  73.180404663085938
 433    25.582035064697266  110.8135986328125  73.07366943359375
 434    26.30302619934082  111.19795989990234  73.157882690429688
 435    35.905384063720703  117.38674163818359  73.111984252929688
 436    35.962928771972656  117.42471313476562  73.22747802734375
 437    37.2615966796875  118.47884368896484  73.068046569824219
 438    37.310050964355469  118.4376220703125  72.997802734375
 439    -15.877292633056641  107.06729125976562  73.097572326660156
 440    -14.555320739746094  106.71567535400391  73.157882690429688
 441    -0.56580466032028198  104.8438720703125  73.106483459472656
 442    5.3865842819213867  105.08119964599609  73.07366943359375
 443    6.5891666412353516  105.221435546875  73.19024658203125
 444    9.1135177612304688  105.52456665039062  73.029609680175781
 445    9.921539306640625  105.70118713378906  73.106483459472656
 446    19.346019744873047  108.14020538330078  73.029609680175781
 447    20.076072692871094  108.44922637939453  73.106483459472656
 448    32.200145721435547  210.33392333984375  73.222602844238281
 449    31.73150634765625  210.64607238769531  73.222602844238281
 450    32.199115753173828  210.33737182617188  73.08953857421875
 451    32.433727264404297  210.17861938476562  73.08953857421875
 452    31.646234512329102  210.806884765625  72.98736572265625
 453    31.815406799316406  210.59307861328125  73.08953857421875
 454    32.244426727294922  210.40966796875  72.98736572265625
 455    23.659683227539062  215.18931579589844  72.982948303222656
 456    -21.998422622680664  109.21006011962891  73.157882690429688
 457    36.517070770263672  117.87845611572266  73.212509155273438
 458    54.771839141845703  144.16616821289062  72.982307434082031
 459    47.552806854248047  195.2684326171875  72.98736572265625
 460    41.119853973388672  203.0487060546875  72.98736572265625
 461    18.858783721923828  108.00767517089844  73.098091125488281
 462    26.451896667480469  111.26042938232422  73.08953857421875
 463    26.769636154174805  111.42829132080078  73.222602844238281
 464    27.382390975952148  111.65470123291016  72.98736572265625
 465    8.1957073211669922  105.42317962646484  73.222602844238281
 466    7.4919614791870117  105.32661437988281  73.222602844238281
 467    7.9262371063232422  105.38304138183594  73.08953857421875
 468    8.2864475250244141  105.34780120849609  72.98736572265625
 469    9.0105257034301758  105.54381561279297  73.08953857421875
 470    16.841197967529297  107.3580322265625  73.19024658203125
 471    17.685750961303711  107.61457061767578  73.08953857421875
 472    18.288969039916992  107.72269439697266  72.98736572265625
 473    18.164392471313477  107.77133178710938  73.08953857421875
 474    17.629209518432617  107.50681304931641  72.98736572265625
 475    18.588171005249023  107.82350158691406  72.98736572265625
 476    -3.3126492500305176  104.84529113769531  72.98736572265625
 477    -2.5264208316802979  104.8055419921875  72.98736572265625
 478    -2.2432546615600586  104.88141632080078  73.222602844238281
 479    -3.0360734462738037  104.91774749755859  73.222602844238281
 480    -1.4910998344421387  104.85476684570312  73.08953857421875
 481    7.2814960479736328  105.21109008789062  72.98736572265625
 482    6.3888506889343262  105.19049835205078  73.08953857421875
 483    7.2211818695068359  105.28082275390625  73.082008361816406
 484    7.9769368171691895  105.30377960205078  72.98736572265625
 485    -15.196230888366699  106.85816955566406  73.05780029296875
 486    -14.527599334716797  106.69547271728516  73.08953857421875
 487    -13.796039581298828  106.42229461669922  72.98736572265625
 488    -13.900413513183594  106.53829956054688  73.222602844238281
 489    -12.609045028686523  106.23326873779297  73.222602844238281
 490    -12.327494621276855  106.16970062255859  73.106582641601562
 491    -4.1367835998535156  104.98405456542969  73.08953857421875
 492    32.334964752197266  210.28813171386719  73.029609680175781
 493    31.475528717041016  210.82539367675781  73.07366943359375
 494    23.267801284790039  215.24839782714844  73.1644287109375
 495    -22.599403381347656  109.34728240966797  72.982948303222656
 496    17.4720458984375  107.53836059570312  73.07366943359375
 497    17.438505172729492  107.53790283203125  73.222602844238281
 498    27.171197891235352  111.62979125976562  73.07366943359375
 499    27.140697479248047  111.63040161132812  73.19024658203125
 500    27.358278274536133  111.73858642578125  73.08953857421875
 501    -3.0837857723236084  104.91799926757812  73.08953857421875
 502    -2.437816858291626  104.887451171875  73.106582641601562
 503    -2.112703800201416  104.87419891357422  73.08953857421875
 504    8.1823339462280273  105.38340759277344  73.029609680175781
 505    8.2876110076904297  105.43894958496094  73.106483459472656
 506    32.25311279296875  210.28973388671875  73.123428344726562
 507    -22.998249053955078  109.63324737548828  73.17120361328125
 508    -13.745393753051758  106.48997497558594  73.07366943359375
 509    -13.518796920776367  106.45545959472656  73.157882690429688
 510    -3.4364156723022461  104.93796539306641  73.08953857421875
 511    -3.1476445198059082  104.93403625488281  73.157882690429688
 512    -13.353690147399902  106.40303039550781  73.08953857421875
 513    -12.947170257568359  106.22025299072266  72.98736572265625
 514    -3.2289309501647949  104.91082763671875  73.05780029296875
 515    7.2320404052734375  105.2930908203125  73.222602844238281
 516    22.232265472412109  216.06982421875  73.599998474121094
 517    16.969503402709961  217.96255493164062  73.599998474121094
 518    21.007953643798828  216.55387878417969  74.400001525878906
 519    10.687044143676758  219.49967956542969  74.400001525878906
 520    11.539978981018066  219.34039306640625  73.599998474121094
 521    5.8459377288818359  220.20512390136719  73.599998474121094
 522    2.4547835764110459e-08  220.49308776855469  74.400001525878906
 523    2.096899542891606e-08  220.50006103515625  73.599998474121094
 524    57.411415100097656  170.69015502929688  74.400001525878906
 525    55.818397521972656  178.26052856445312  73.599998474121094
 526    55.246974945068359  180.13316345214844  74.400001525878906
 527    57.182788848876953  172.20198059082031  73.599998474121094
 528    53.847572326660156  184.05085754394531  73.599998474121094
 529    51.043254852294922  190.02749633789062  74.400001525878906
 530    51.239067077636719  189.67636108398438  73.599998474121094
 531    48.381340026855469  194.48822021484375  73.599998474121094
 532    45.096630096435547  198.96209716796875  74.400001525878906
 533    45.063877105712891  199.01362609863281  73.599998474121094
 534    41.335224151611328  203.18659973144531  73.599998474121094
 535    37.5914306640625  206.65950012207031  74.400001525878906
 536    36.744808197021484  207.37657165527344  73.599998474121094
 537    32.243484497070312  210.71159362792969  73.599998474121094
 538    29.713279724121094  212.30232238769531  74.400001525878906
 539    27.446222305297852  213.59577941894531  73.599998474121094
 540    36.662052154541016  117.55677032470703  73.599998474121094
 541    40.822589874267578  121.299072265625  73.599998474121094
 542    41.781398773193359  122.28189849853516  74.400001525878906
 543    44.601032257080078  125.42123413085938  73.599998474121094
 544    48.488147735595703  130.68672180175781  74.400001525878906
 545    47.967411041259766  129.89430236816406  73.599998474121094
 546    50.896926879882812  134.68678283691406  73.599998474121094
 547    53.523529052734375  140.17466735839844  74.400001525878906
 548    53.340328216552734  139.7225341796875  73.599998474121094
 549    55.300857543945312  145.01078796386719  73.599998474121094
 550    56.722743988037109  150.42851257324219  74.400001525878906
 551    56.729572296142578  150.42706298828125  73.599998474121094
 552    57.538970947265625  155.197509765625  73.599998474121094
 553    57.9593505859375  160.52902221679688  74.400001525878906
 554    57.946819305419922  160.01541137695312  73.599998474121094
 555    57.884258270263672  166.17236328125  73.599998474121094
 556    -57.411415100097656  154.30984497070312  74.400001525878906
 557    -51.124710083007812  158.51271057128906  74.400001525878906
 558    -57.9593505859375  164.47097778320312  74.400001525878906
 559    -33.707347869873047  123.31907653808594  74.400001525878906
 560    -21.112590789794922  121.17274475097656  74.400001525878906
 561    -26.776424407958984  132.01805114746094  74.400001525878906
 562    -29.713279724121094  112.69768524169922  74.400001525878906
 563    -37.5914306640625  118.34050750732422  74.400001525878906
 564    -45.096630096435547  126.03790283203125  74.400001525878906
 565    -2.0968018432654389e-08  104.49993133544922  73.599998474121094
 566    4.9671902656555176  104.71247863769531  73.599998474121094
 567    -2.4546899624056095e-08  104.50690460205078  74.400001525878906
 568    8.2156753540039062  105.09191131591797  74.400001525878906
 569    9.9142427444458008  105.35362243652344  73.599998474121094
 570    16.265613555908203  106.83485412597656  74.400001525878906
 571    15.965987205505371  106.74003601074219  73.599998474121094
 572    21.752679824829102  108.73363494873047  73.599998474121094
 573    25.303112030029297  110.31829071044922  74.400001525878906
 574    27.342140197753906  111.34915924072266  73.599998474121094
 575    33.635101318359375  115.25746154785156  74.400001525878906
 576    32.144805908203125  114.22254943847656  73.599998474121094
 577    -32.243484497070312  114.28840637207031  73.599998474121094
 578    -27.446222305297852  111.40421295166016  73.599998474121094
 579    -21.007953643798828  108.44612121582031  74.400001525878906
 580    -22.232265472412109  108.93017578125  73.599998474121094
 581    -16.969503402709961  107.03744506835938  73.599998474121094
 582    -10.687044143676758  105.50031280517578  74.400001525878906
 583    -11.539978981018066  105.65960693359375  73.599998474121094
 584    -5.8459377288818359  104.79488372802734  73.599998474121094
 585    28.890220642089844  202.84915161132812  74.400001525878906
 586    -42.533088684082031  154.93026733398438  74.400001525878906
 587    -35.013381958007812  161.78121948242188  74.400001525878906
 588    -45.351619720458984  165.05398559570312  74.400001525878906
 589    -19.519519805908203  209.656982421875  74.400001525878906
 590    -26.55272102355957  205.27566528320312  74.400001525878906
 591    -16.798412322998047  200.19113159179688  74.400001525878906
 592    8.363037109375  213.89447021484375  74.400001525878906
 593    2.2899281978607178  143.91946411132812  74.400001525878906
 594    -5.8114023208618164  150.91419982910156  74.400001525878906
 595    -6.7116818428039551  139.67506408691406  74.400001525878906
 596    48.682247161865234  163.17559814453125  74.400001525878906
 597    -38.742183685302734  170.70806884765625  74.400001525878906
 598    -35.498443603515625  179.39833068847656  74.400001525878906
 599    -46.238517761230469  176.26513671875  74.400001525878906
 600    -57.946819305419922  164.98458862304688  73.599998474121094
 601    -57.884258270263672  158.82763671875  73.599998474121094
 602    -57.182788848876953  152.79801940917969  73.599998474121094
 603    -55.818397521972656  146.73947143554688  73.599998474121094
 604    -55.246974945068359  144.86683654785156  74.400001525878906
 605    -53.847572326660156  140.94914245605469  73.599998474121094
 606    -51.043254852294922  134.97250366210938  74.400001525878906
 607    -51.239067077636719  135.32363891601562  73.599998474121094
 608    -48.381340026855469  130.51177978515625  73.599998474121094
 609    -45.063877105712891  125.98637390136719  73.599998474121094
 610    -41.335224151611328  121.81340026855469  73.599998474121094
 611    -36.744808197021484  117.62342834472656  73.599998474121094
 612    -25.303112030029297  214.68170166015625  74.400001525878906
 613    -27.342140197753906  213.65084838867188  73.599998474121094
 614    -33.635101318359375  209.74253845214844  74.400001525878906
 615    -32.144805908203125  210.77745056152344  73.599998474121094
 616    -36.662052154541016  207.4432373046875  73.599998474121094
 617    -41.781398773193359  202.71810913085938  74.400001525878906
 618    -40.822589874267578  203.700927734375  73.599998474121094
 619    -44.601032257080078  199.57876586914062  73.599998474121094
 620    -48.488147735595703  194.31327819824219  74.400001525878906
 621    -47.967411041259766  195.10569763183594  73.599998474121094
 622    -50.896926879882812  190.31321716308594  73.599998474121094
 623    -53.523529052734375  184.82533264160156  74.400001525878906
 624    -53.340328216552734  185.2774658203125  73.599998474121094
 625    -55.300857543945312  179.98921203613281  73.599998474121094
 626    -56.722743988037109  174.57148742675781  74.400001525878906
 627    -56.729572296142578  174.57293701171875  73.599998474121094
 628    -57.538970947265625  169.802490234375  73.599998474121094
 629    33.511470794677734  115.29135894775391  73.599998474121094
 630    46.618877410888672  128.17282104492188  73.599998474121094
 631    38.316074371337891  119.10008239746094  73.599998474121094
 632    42.703071594238281  123.40879058837891  73.599998474121094
 633    -4.9671902656555176  220.28752136230469  73.599998474121094
 634    -8.2156753540039062  219.9080810546875  74.400001525878906
 635    -9.9142427444458008  219.64637756347656  73.599998474121094
 636    -16.265613555908203  218.16514587402344  74.400001525878906
 637    -15.965987205505371  218.25996398925781  73.599998474121094
 638    -21.752679824829102  216.266357421875  73.599998474121094
 639    8.1919326782226562  105.18244171142578  73.550003051757812
 640    17.184490203857422  107.215576171875  73.599998474121094
 641    56.408565521240234  149.47125244140625  73.599998474121094
 642    54.882724761962891  144.07281494140625  73.599998474121094
 643    22.88337516784668  109.32081604003906  73.599998474121094
 644    52.846950531005859  138.85946655273438  73.599998474121094
 645    28.346902847290039  112.02101898193359  73.599998474121094
 646    50.014659881591797  133.34165954589844  73.599998474121094
 647    55.928462982177734  177.45599365234375  73.599998474121094
 648    57.124969482421875  171.90280151367188  73.599998474121094
 649    -12.529705047607422  105.97849273681641  73.599998474121094
 650    -6.644780158996582  104.98894500732422  73.599998474121094
 651    57.770500183105469  166.27410888671875  73.599998474121094
 652    -0.66542226076126099  104.61017608642578  73.599998474121094
 653    57.863239288330078  160.62379455566406  73.599998474121094
 654    57.406482696533203  155.00531005859375  73.599998474121094
 655    47.657112121582031  195.38174438476562  73.550003051757812
 656    -33.345066070556641  115.17367553710938  73.599998474121094
 657    -28.455686569213867  112.08226013183594  73.599998474121094
 658    51.915531158447266  188.12132263183594  73.599998474121094
 659    -23.206338882446289  109.46095275878906  73.599998474121094
 660    54.187950134277344  182.87991333007812  73.599998474121094
 661    -18.188488006591797  107.53770446777344  73.599998474121094
 662    -47.657112121582031  129.61825561523438  73.550003051757812
 663    28.455686569213867  212.91773986816406  73.599998474121094
 664    33.345066070556641  209.82632446289062  73.599998474121094
 665    37.923282623291016  206.24356079101562  73.599998474121094
 666    -40.803653717041016  121.42115020751953  73.550003051757812
 667    40.803653717041016  203.57884216308594  73.550003051757812
 668    -37.923282623291016  118.75643920898438  73.599998474121094
 669    -57.770500183105469  158.72589111328125  73.599998474121094
 670    -57.124969482421875  153.09719848632812  73.599998474121094
 671    6.644780158996582  220.01106262207031  73.599998474121094
 672    12.529705047607422  219.02151489257812  73.599998474121094
 673    -55.928462982177734  147.54400634765625  73.599998474121094
 674    18.188488006591797  217.46229553222656  73.599998474121094
 675    -54.187950134277344  142.12008666992188  73.599998474121094
 676    23.206338882446289  215.53904724121094  73.599998474121094
 677    -51.915531158447266  136.87867736816406  73.599998474121094
 678    -17.184490203857422  217.784423828125  73.599998474121094
 679    -54.882724761962891  180.92718505859375  73.599998474121094
 680    -56.408565521240234  175.52874755859375  73.599998474121094
 681    -8.1919326782226562  219.81755065917969  73.550003051757812
 682    -57.406482696533203  169.99468994140625  73.599998474121094
 683    -57.863239288330078  164.37620544433594  73.599998474121094
 684    0.66542226076126099  220.38983154296875  73.599998474121094
 685    -38.316074371337891  205.89991760253906  73.599998474121094
 686    -42.703071594238281  201.59120178222656  73.599998474121094
 687    -46.618877410888672  196.82717895507812  73.599998474121094
 688    -33.511470794677734  209.70864868164062  73.599998474121094
 689    -50.014659881591797  191.65834045410156  73.599998474121094
 690    -28.346902847290039  212.97898864746094  73.599998474121094
 691    -52.846950531005859  186.14053344726562  73.599998474121094
 692    -22.88337516784668  215.67918395996094  73.599998474121094
 693    -56.348094940185547  174.69708251953125  73.180404663085938
 694    -56.787757873535156  172.85089111328125  73.312515258789062
 695    -55.915195465087891  176.54875183105469  73.180404663085938
 696    -55.975521087646484  176.56390380859375  73.013298034667969
 697    -57.723396301269531  162.5  73.312515258789062
 698    -57.520675659179688  167.23545837402344  73.013298034667969
 699    -57.609382629394531  160.25601196289062  73.180404663085938
 700    -57.226200103759766  155.49726867675781  73.180404663085938
 701    -57.541946411132812  158.03044128417969  73.013298034667969
 702    -56.934860229492188  152.99148559570312  73.312515258789062
 703    -56.611358642578125  151.57496643066406  73.201507568359375
 704    -56.304569244384766  149.94338989257812  73.0611572265625
 705    -54.590805053710938  143.74275207519531  73.312515258789062
 706    -48.317092895507812  194.06756591796875  73.013298034667969
 707    -44.633678436279297  199.31059265136719  72.959327697753906
 708    -50.63763427734375  190.48240661621094  72.959327697753906
 709    -52.875625610351562  185.63484191894531  73.013298034667969
 710    -54.917186737060547  180.70130920410156  72.959327697753906
 711    -57.326602935791016  170.30039978027344  72.959327697753906
 712    -54.011173248291016  182.86622619628906  73.312515258789062
 713    -57.783824920654297  159.63385009765625  72.959327697753906
 714    -33.610111236572266  115.64604187011719  73.222602844238281
 715    -31.533205032348633  114.15077972412109  73.312515258789062
 716    -39.066795349121094  120.00557708740234  73.312515258789062
 717    -29.860815048217773  113.06953430175781  72.98736572265625
 718    -25.195581436157227  110.53633880615234  72.98736572265625
 719    -32.535293579101562  114.66027069091797  72.959327697753906
 720    -29.994525909423828  113.24154663085938  73.118751525878906
 721    18.467170715332031  217.12506103515625  73.222602844238281
 722    13.280116081237793  218.67498779296875  73.312515258789062
 723    -32.134479522705078  210.36701965332031  73.180404663085938
 724    -35.814918518066406  207.76899719238281  73.312515258789062
 725    -27.116811752319336  213.45751953125  73.312515258789062
 726    -35.739898681640625  207.7386474609375  73.180404663085938
 727    -35.767982482910156  207.79574584960938  73.013298034667969
 728    -39.835468292236328  204.26347351074219  73.013298034667969
 729    -42.514293670654297  201.53315734863281  73.013298034667969
 730    -37.109775543212891  206.88523864746094  72.959327697753906
 731    -46.487159729003906  196.70521545410156  73.013298034667969
 732    -49.483657836914062  192.22134399414062  73.312515258789062
 733    -51.750129699707031  188.05340576171875  73.013298034667969
 734    -55.418624877929688  178.61920166015625  73.013298034667969
 735    -51.060073852539062  135.52023315429688  72.98736572265625
 736    -52.846439361572266  138.95346069335938  72.959327697753906
 737    -47.619964599609375  129.64387512207031  72.959327697753906
 738    -50.755264282226562  135.00648498535156  73.312515258789062
 739    -49.131637573242188  132.31260681152344  73.08953857421875
 740    -47.351860046386719  129.59506225585938  73.222602844238281
 741    -46.486221313476562  128.37922668457031  73.08953857421875
 742    -45.533039093017578  127.02137756347656  73.312515258789062
 743    -47.216133117675781  129.24958801269531  72.98736572265625
 744    -45.393714904785156  126.80055999755859  72.98736572265625
 745    -40.771846771240234  121.45317077636719  72.959327697753906
 746    -41.938091278076172  122.79816436767578  72.98736572265625
 747    -43.099601745605469  124.19046020507812  73.08953857421875
 748    -44.302604675292969  125.59183502197266  73.222602844238281
 749    -40.547988891601562  121.39524841308594  73.000022888183594
 750    -38.251567840576172  119.23503875732422  72.98736572265625
 751    -34.128227233886719  115.91348266601562  72.98736572265625
 752    -36.759689331054688  118.09124755859375  73.08953857421875
 753    -57.709800720214844  160.35093688964844  72.98736572265625
 754    -57.645481109619141  160.12571716308594  73.040672302246094
 755    -56.79779052734375  152.24995422363281  73.013298034667969
 756    -56.273292541503906  149.06489562988281  72.959327697753906
 757    -56.391941070556641  150.05056762695312  72.98736572265625
 758    -54.207862854003906  142.58650207519531  72.98736572265625
 759    -48.379920959472656  130.96553039550781  72.98736572265625
 760    -54.151401519775391  182.46693420410156  73.013298034667969
 761    -54.019573211669922  182.64353942871094  73.180404663085938
 762    -54.157516479492188  182.29637145996094  73.222602844238281
 763    -54.693851470947266  180.73345947265625  73.180404663085938
 764    -54.241462707519531  182.0589599609375  73.100761413574219
 765    -56.842639923095703  172.49833679199219  73.013298034667969
 766    -57.131374359130859  170.92884826660156  72.98736572265625
 767    -56.879928588867188  171.95062255859375  73.100761413574219
 768    -57.714675903320312  162.23793029785156  73.013298034667969
 769    -57.646717071533203  161.06727600097656  73.08953857421875
 770    -57.661506652832031  162.01884460449219  73.22747802734375
 771    -30.223262786865234  211.66915893554688  73.013298034667969
 772    -28.3221435546875  212.94841003417969  72.959327697753906
 773    -37.082843780517578  206.76651000976562  72.994659423828125
 774    -36.687770843505859  206.99191284179688  73.082206726074219
 775    -37.164455413818359  206.57162475585938  73.196456909179688
 776    -43.351982116699219  200.61294555664062  73.312515258789062
 777    -49.728469848632812  191.79388427734375  73.013298034667969
 778    -50.408721923828125  190.68630981445312  72.984832763671875
 779    -54.630573272705078  181.22271728515625  72.98736572265625
 780    -5.217832088470459  220.01359558105469  72.98736572265625
 781    2.4776911735534668  220.30178833007812  72.959327697753906
 782    -8.185546875  219.77287292480469  72.959327697753906
 783    -10.063013076782227  219.27735900878906  73.222602844238281
 784    -15.143109321594238  218.13829040527344  73.222602844238281
 785    -17.539630889892578  217.49411010742188  73.312515258789062
 786    -7.3938503265380859  219.74789428710938  73.312515258789062
 787    -12.786430358886719  218.72903442382812  73.08953857421875
 788    -10.47166919708252  219.29246520996094  72.98736572265625
 789    -15.656737327575684  218.08692932128906  72.98736572265625
 790    -18.570035934448242  217.29360961914062  72.959327697753906
 791    -20.159646987915039  216.52334594726562  73.222602844238281
 792    -22.805582046508789  215.46321105957031  73.08953857421875
 793    -24.951198577880859  214.48432922363281  73.222602844238281
 794    -20.686359405517578  216.41766357421875  72.98736572265625
 795    -25.564252853393555  214.28327941894531  72.98736572265625
 796    -27.373516082763672  213.2506103515625  73.222602844238281
 797    -28.010639190673828  212.96243286132812  73.013298034667969
 798    -27.737249374389648  213.04226684570312  73.180404663085938
 799    -27.985868453979492  213.01564025878906  72.98736572265625
 800    -24.125993728637695  110.13890075683594  73.157882690429688
 801    20.889572143554688  216.33924865722656  72.98736572265625
 802    15.841299057006836  218.03460693359375  72.98736572265625
 803    15.878063201904297  217.93539428710938  73.08953857421875
 804    13.056553840637207  218.86231994628906  72.959327697753906
 805    15.937514305114746  217.91596984863281  73.222602844238281
 806    15.93896484375  217.92100524902344  73.236579895019531
 807    10.788336753845215  219.14402770996094  73.222602844238281
 808    5.4006657600402832  219.99671936035156  72.98736572265625
 809    2.9916238784790039  220.14581298828125  73.312515258789062
 810    -4.8322944641113281  219.95939636230469  73.222602844238281
 811    0.36739626526832581  220.16105651855469  73.222602844238281
 812    -2.3354005813598633  220.11720275878906  73.08953857421875
 813    0.10012818872928619  220.24971008300781  72.98736572265625
 814    -47.638053894042969  130.00851440429688  73.098091125488281
 815    -47.25030517578125  129.44573974609375  73.08953857421875
 816    -45.518775939941406  127.08740234375  73.07366943359375
 817    -45.028892517089844  126.47943878173828  73.08953857421875
 818    -41.211235046386719  122.16709899902344  73.094902038574219
 819    -39.225925445556641  120.23236846923828  73.083732604980469
 820    -33.479286193847656  115.54779052734375  73.103340148925781
 821    -32.479381561279297  114.74930572509766  72.98736572265625
 822    -57.108657836914062  170.7003173828125  73.040672302246094
 823    -57.658164978027344  162.18972778320312  73.145866394042969
 824    -56.80218505859375  152.63145446777344  73.180404663085938
 825    -50.696159362792969  135.00921630859375  73.07366943359375
 826    -50.585479736328125  190.28779602050781  73.013298034667969
 827    -54.705146789550781  180.77436828613281  73.062881469726562
 828    -54.768791198730469  180.70527648925781  73.013298034667969
 829    -56.750251770019531  172.66293334960938  73.180404663085938
 830    -20.076072692871094  216.55078125  73.106483459472656
 831    -25.582035064697266  214.1864013671875  73.07366943359375
 832    -26.30302619934082  213.80203247070312  73.157882690429688
 833    -35.905384063720703  207.61325073242188  73.111984252929688
 834    -35.962928771972656  207.57528686523438  73.22747802734375
 835    15.877292633056641  217.93270874023438  73.097572326660156
 836    14.555320739746094  218.28433227539062  73.157882690429688
 837    0.56580466032028198  220.1561279296875  73.106483459472656
 838    -5.3865842819213867  219.91879272460938  73.07366943359375
 839    -6.5891666412353516  219.778564453125  73.19024658203125
 840    -9.1135177612304688  219.47543334960938  73.029609680175781
 841    -9.921539306640625  219.29881286621094  73.106483459472656
 842    -16.226020812988281  217.84262084960938  73.082962036132812
 843    -16.841197967529297  217.6419677734375  73.19024658203125
 844    -19.346019744873047  216.85980224609375  73.029609680175781
 845    -32.200145721435547  114.66607666015625  73.222602844238281
 846    -31.73150634765625  114.35391998291016  73.222602844238281
 847    -32.199115753173828  114.66263580322266  73.08953857421875
 848    -32.433727264404297  114.82138824462891  73.08953857421875
 849    -31.646234512329102  114.193115234375  72.98736572265625
 850    -31.815406799316406  114.40692138671875  73.08953857421875
 851    -32.244426727294922  114.59033203125  72.98736572265625
 852    -23.659683227539062  109.81069183349609  72.982948303222656
 853    21.998422622680664  215.78993225097656  73.157882690429688
 854    -54.771839141845703  180.83383178710938  72.982307434082031
 855    -47.552806854248047  129.7315673828125  72.98736572265625
 856    -45.151420593261719  126.63522338867188  73.222602844238281
 857    -41.119853973388672  121.95130157470703  72.98736572265625
 858    -26.451896667480469  213.73957824707031  73.08953857421875
 859    -26.769636154174805  213.57171630859375  73.222602844238281
 860    -27.382390975952148  213.34529113769531  72.98736572265625
 861    -27.358278274536133  213.26141357421875  73.08953857421875
 862    -8.1957073211669922  219.57682800292969  73.222602844238281
 863    -9.0105257034301758  219.45619201660156  73.08953857421875
 864    -8.2864475250244141  219.65220642089844  72.98736572265625
 865    -17.629209518432617  217.49317932128906  72.98736572265625
 866    -17.685750961303711  217.38543701171875  73.08953857421875
 867    -18.288969039916992  217.27729797363281  72.98736572265625
 868    -18.164392471313477  217.22866821289062  73.08953857421875
 869    -18.858783721923828  216.99232482910156  73.098091125488281
 870    -18.588171005249023  217.17649841308594  72.98736572265625
 871    2.2432546615600586  220.11857604980469  73.222602844238281
 872    3.0360734462738037  220.08224487304688  73.222602844238281
 873    1.4910998344421387  220.14523315429688  73.08953857421875
 874    -6.3888506889343262  219.80950927734375  73.08953857421875
 875    -7.2814960479736328  219.78890991210938  72.98736572265625
 876    -7.2211813926696777  219.71917724609375  73.082008361816406
 877    -7.9769368171691895  219.69622802734375  72.98736572265625
 878    -7.9262371063232422  219.61695861816406  73.08953857421875
 879    -7.4919614791870117  219.67338562011719  73.222602844238281
 880    15.196230888366699  218.14183044433594  73.05780029296875
 881    13.796039581298828  218.57769775390625  72.98736572265625
 882    14.527599334716797  218.30453491210938  73.08953857421875
 883    13.900413513183594  218.46170043945312  73.222602844238281
 884    12.609045028686523  218.76673889160156  73.222602844238281
 885    12.327494621276855  218.83030700683594  73.106582641601562
 886    3.3126492500305176  220.15470886230469  72.98736572265625
 887    4.1367835998535156  220.01594543457031  73.08953857421875
 888    2.5264208316802979  220.1944580078125  72.98736572265625
 889    -32.334964752197266  114.71186065673828  73.029609680175781
 890    -31.475528717041016  114.17460632324219  73.07366943359375
 891    -23.267801284790039  109.75160217285156  73.164421081542969
 892    22.599403381347656  215.6527099609375  72.982948303222656
 893    -17.4720458984375  217.46163940429688  73.07366943359375
 894    -27.171197891235352  213.37020874023438  73.07366943359375
 895    -27.140697479248047  213.36959838867188  73.19024658203125
 896    3.4364156723022461  220.06202697753906  73.08953857421875
 897    3.0837857723236084  220.08200073242188  73.08953857421875
 898    2.4378173351287842  220.112548828125  73.106582641601562
 899    2.112703800201416  220.12580871582031  73.08953857421875
 900    -8.1823339462280273  219.61659240722656  73.029609680175781
 901    -8.2876110076904297  219.56106567382812  73.106483459472656
 902    -32.25311279296875  114.71026611328125  73.123428344726562
 903    22.998249053955078  215.36676025390625  73.17120361328125
 904    13.745393753051758  218.51002502441406  73.07366943359375
 905    13.518796920776367  218.54454040527344  73.157882690429688
 906    3.1476445198059082  220.06596374511719  73.157882690429688
 907    -17.438505172729492  217.46209716796875  73.222602844238281
 908    13.353690147399902  218.59696960449219  73.08953857421875
 909    12.947170257568359  218.77975463867188  72.98736572265625
 910    3.2289309501647949  220.08917236328125  73.05780029296875
 911    -7.2320404052734375  219.7069091796875  73.222602844238281
 912    54.663253784179688  181.28215026855469  73.376792907714844
 913    57.010421752929688  172.02113342285156  73.376792907714844
 914    57.855339050292969  163.93791198730469  73.449996948242188
 915    -17.562908172607422  217.56709289550781  73.376792907714844
 916    -7.4036626815795898  219.82386779785156  73.376792907714844
 917    2.9955940246582031  220.22232055664062  73.376792907714844
 918    13.29773998260498  218.74952697753906  73.376792907714844
 919    31.575052261352539  210.91339111328125  73.376792907714844
 920    46.654457092285156  196.7442626953125  73.449996948242188
 921    50.822624206542969  190.02999877929688  73.376792907714844
 922    32.560676574707031  210.37705993652344  73.550003051757812
 923    23.208883285522461  215.54486083984375  73.550003051757812
 924    -57.855339050292969  161.06208801269531  73.449996948242188
 925    -56.863121032714844  172.8646240234375  73.376792907714844
 926    -54.082851409912109  182.89326477050781  73.376792907714844
 927    -49.549327850341797  192.26078796386719  73.376792907714844
 928    -42.641666412353516  201.65010070800781  73.482276916503906
 929    -37.138725280761719  206.91987609863281  73.550003051757812
 930    -35.875144958496094  207.93144226074219  73.482276916503906
 931    -27.152797698974609  213.525146484375  73.376792907714844
 932    -23.208883285522461  109.45513153076172  73.550003051757812
 933    -13.066740036010742  106.09370422363281  73.550003051757812
 934    -2.4796240329742432  104.65312194824219  73.550003051757812
 935    18.584522247314453  107.66365051269531  73.550003051757812
 936    28.34423828125  112.01223754882812  73.550003051757812
 937    44.668498992919922  125.66068267822266  73.550003051757812
 938    50.677139282226562  134.49575805664062  73.550003051757812
 939    57.371322631835938  154.69351196289062  73.550003051757812
 940    57.828907012939453  165.36839294433594  73.550003051757812
 941    56.317192077636719  175.94558715820312  73.550003051757812
 942    52.887664794921875  186.06491088867188  73.550003051757812
 943    57.701957702636719  157.74961853027344  73.583541870117188
 944    57.704074859619141  157.74945068359375  73.566818237304688
 945    57.725414276123047  166.98381042480469  73.566818237304688
 946    42.648284912109375  123.34382629394531  73.583541870117188
 947    37.138725280761719  118.08013153076172  73.550003051757812
 948    48.469371795654297  130.83294677734375  73.583541870117188
 949    48.471149444580078  130.831787109375  73.566818237304688
 950    53.042270660400391  139.29225158691406  73.583541870117188
 951    54.960029602050781  144.28448486328125  73.550003051757812
 952    56.151935577392578  148.39176940917969  73.583541870117188
 953    56.143222808837891  148.39395141601562  73.482276916503906
 954    56.108848571777344  148.402587890625  73.420890808105469
 955    54.082851409912109  142.10673522949219  73.376792907714844
 956    56.863121032714844  152.1353759765625  73.376792907714844
 957    57.693004608154297  157.7503662109375  73.482276916503906
 958    57.154754638671875  153.40924072265625  73.449996948242188
 959    57.714340209960938  166.98294067382812  73.482276916503906
 960    35.880710601806641  117.06150817871094  73.583541870117188
 961    35.882026672363281  117.05983734130859  73.566818237304688
 962    27.339908599853516  213.50820922851562  73.449996948242188
 963    28.132289886474609  111.91767883300781  73.466140747070312
 964    35.875144958496094  117.06855773925781  73.482276916503906
 965    27.152797698974609  111.474853515625  73.376792907714844
 966    42.641666412353516  123.34989929199219  73.482276916503906
 967    48.461849212646484  130.83786010742188  73.482276916503906
 968    48.432178497314453  130.85725402832031  73.420890808105469
 969    49.549327850341797  132.73921203613281  73.376792907714844
 970    54.554328918457031  143.183349609375  73.449996948242188
 971    53.001567840576172  139.31005859375  73.420890808105469
 972    53.034042358398438  139.29585266113281  73.482276916503906
 973    53.841625213623047  183.72232055664062  73.449996948242188
 974    51.904964447021484  188.09652709960938  73.449996948242188
 975    49.309444427490234  192.79664611816406  73.449996948242188
 976    35.859832763671875  207.9244384765625  73.449996948242188
 977    32.080368041992188  210.66801452636719  73.449996948242188
 978    56.718360900878906  174.00370788574219  73.449996948242188
 979    55.569797515869141  178.66494750976562  73.449996948242188
 980    12.832704544067383  106.06747436523438  73.449996948242188
 981    17.562908172607422  107.43291473388672  73.376792907714844
 982    18.080284118652344  107.52353668212891  73.449996948242188
 983    7.4036626815795898  105.17613220214844  73.376792907714844
 984    22.888114929199219  109.34511566162109  73.449996948242188
 985    -18.534736633300781  107.67508697509766  73.449996948242188
 986    -13.29773998260498  106.25046539306641  73.376792907714844
 987    -13.187282562255859  106.14928436279297  73.449996948242188
 988    -8.2287406921386719  105.21478271484375  73.449996948242188
 989    -2.9955940246582031  104.77767944335938  73.376792907714844
 990    -2.7394146919250488  104.69166564941406  73.449996948242188
 991    2.3438525199890137  104.67427825927734  73.449996948242188
 992    7.8000555038452148  105.15484619140625  73.449996948242188
 993    -48.461849212646484  194.16213989257812  73.482276916503906
 994    -50.677139282226562  190.50424194335938  73.550003051757812
 995    -44.668498992919922  199.33930969238281  73.550003051757812
 996    -48.432178497314453  194.14274597167969  73.420890808105469
 997    -53.034042358398438  185.70414733886719  73.482276916503906
 998    -53.001567840576172  185.68994140625  73.420890808105469
 999    -54.554328918457031  181.816650390625  73.449996948242188
1000    -54.960029602050781  180.71551513671875  73.550003051757812
1001    -56.143222808837891  176.60604858398438  73.482276916503906
1002    -56.108848571777344  176.597412109375  73.420890808105469
1003    -57.371322631835938  170.30648803710938  73.550003051757812
1004    -57.693004608154297  167.2496337890625  73.482276916503906
1005    -57.828907012939453  159.63160705566406  73.550003051757812
1006    -57.154754638671875  171.59075927734375  73.449996948242188
1007    -57.714340209960938  158.01705932617188  73.482276916503906
1008    -56.317192077636719  149.05441284179688  73.550003051757812
1009    -57.010421752929688  152.97886657714844  73.376792907714844
1010    -49.309444427490234  132.20335388183594  73.449996948242188
1011    -50.822624206542969  134.97000122070312  73.376792907714844
1012    -46.654457092285156  128.2557373046875  73.449996948242188
1013    -35.859832763671875  117.07555389404297  73.449996948242188
1014    -32.080368041992188  114.33198547363281  73.449996948242188
1015    -32.560676574707031  114.62294769287109  73.550003051757812
1016    -31.575052261352539  114.08661651611328  73.376792907714844
1017    -27.339908599853516  111.49179077148438  73.449996948242188
1018    -28.132289886474609  213.08232116699219  73.466140747070312
1019    -28.34423828125  212.98776245117188  73.550003051757812
1020    -56.718360900878906  150.99629211425781  73.449996948242188
1021    -55.569797515869141  146.33505249023438  73.449996948242188
1022    -54.663253784179688  143.71784973144531  73.376792907714844
1023    -53.841625213623047  141.27767944335938  73.449996948242188
1024    -52.887664794921875  138.93508911132812  73.550003051757812
1025    -51.904964447021484  136.90347290039062  73.449996948242188
1026    -22.888114929199219  215.65489196777344  73.449996948242188
1027    -18.584522247314453  217.33634948730469  73.550003051757812
1028    8.2287406921386719  219.78521728515625  73.449996948242188
1029    2.7394146919250488  220.30833435058594  73.449996948242188
1030    2.4796240329742432  220.34687805175781  73.550003051757812
1031    -2.3438525199890137  220.32572937011719  73.449996948242188
1032    -7.8000555038452148  219.84515380859375  73.449996948242188
1033    -12.832704544067383  218.93252563476562  73.449996948242188
1034    -18.080284118652344  217.47645568847656  73.449996948242188
1035    18.534736633300781  217.32492065429688  73.449996948242188
1036    13.066740036010742  218.90629577636719  73.550003051757812
1037    13.187282562255859  218.85072326660156  73.449996948242188
1038    -56.151935577392578  176.60823059082031  73.583541870117188
1039    -57.701957702636719  167.25038146972656  73.583541870117188
1040    -57.704074859619141  167.25054931640625  73.566818237304688
1041    -57.725414276123047  158.01618957519531  73.566818237304688
1042    -35.882026672363281  207.94015502929688  73.566818237304688
1043    -42.648284912109375  201.65617370605469  73.583541870117188
1044    -48.469371795654297  194.16705322265625  73.583541870117188
1045    -48.471149444580078  194.168212890625  73.566818237304688
1046    -53.042270660400391  185.70774841308594  73.583541870117188
1047    -35.880710601806641  207.93849182128906  73.583541870117188
1048    -51.938762664794922  188.14654541015625  72.941764831542969
1049    -53.119449615478516  185.74151611328125  72.886810302734375
1050    -49.720779418945312  192.36375427246094  72.816291809082031
1051    -54.269989013671875  182.96382141113281  72.816291809082031
1052    -56.179553985595703  176.61517333984375  72.941764831542969
1053    -56.233638763427734  176.62875366210938  72.886810302734375
1054    -57.059879302978516  172.90049743652344  72.816291809082031
1055    -57.657257080078125  168.01657104492188  72.941764831542969
1056    -57.58203125  169.04974365234375  72.886810302734375
1057    -58  162.5  72.816291809082031
1058    -43.318477630615234  123.99591064453125  72.918174743652344
1059    -45.751228332519531  126.85136413574219  72.816291809082031
1060    -39.253997802734375  119.80194854736328  72.816291809082031
1061    -40.036579132080078  120.59381866455078  72.918174743652344
1062    -35.911979675292969  117.00949859619141  72.918174743652344
1063    -31.684309005737305  113.91909027099609  72.816291809082031
1064    -32.127017974853516  114.26194000244141  72.918174743652344
1065    -27.379665374755859  111.41761779785156  72.918174743652344
1066    -27.387346267700195  111.40328979492188  72.899063110351562
1067    -48.539897918701172  194.213134765625  72.886810302734375
1068    -57.552112579345703  155.45738220214844  72.886810302734375
1069    -57.937477111816406  160.24324035644531  72.886810302734375
1070    -57.207687377929688  152.9459228515625  72.816291809082031
1071    -54.852397918701172  143.65286254882812  72.816291809082031
1072    -56.307113647460938  148.91192626953125  72.938362121582031
1073    -53.919921875  141.24681091308594  72.918174743652344
1074    -51.980442047119141  136.86624145507812  72.918174743652344
1075    -50.998481750488281  134.87474060058594  72.816291809082031
1076    -49.381149291992188  132.1593017578125  72.918174743652344
1077    -46.722297668457031  128.2059326171875  72.918174743652344
1078    -32.317489624023438  210.63963317871094  72.886810302734375
1079    -27.24675178527832  213.70170593261719  72.816291809082031
1080    -35.986541748046875  207.98591613769531  72.816291809082031
1081    -38.027187347412109  206.26959228515625  72.886810302734375
1082    -43.559719085693359  200.79557800292969  72.816291809082031
1083    -53.068359375  185.71916198730469  72.941764831542969
1084    -53.704166412353516  184.35650634765625  72.886810302734375
1085    -55.620624542236328  178.67796325683594  72.941764831542969
1086    -56.669002532958984  174.76654052734375  72.886810302734375
1087    -57.932895660400391  164.87147521972656  72.886810302734375
1088    -57.904205322265625  160.49882507324219  72.929969787597656
1089    -57.751689910888672  158.01414489746094  72.941764831542969
1090    -2.3472607135772705  220.40980529785156  72.918174743652344
1091    -7.4292807579040527  220.022216796875  72.816291809082031
1092    -7.8113980293273926  219.92854309082031  72.918174743652344
1093    3.0059595108032227  220.42205810546875  72.816291809082031
1094    -12.851365089416504  219.01458740234375  72.918174743652344
1095    -17.623678207397461  217.75762939453125  72.816291809082031
1096    -18.106575012207031  217.55641174316406  72.918174743652344
1097    -22.921398162841797  215.732177734375  72.918174743652344
1098    -28.313091278076172  213.04147338867188  72.935195922851562
1099    -36.097480773925781  207.86505126953125  72.894638061523438
1100    18.561689376831055  217.40463256835938  72.918174743652344
1101    18.566896438598633  217.4200439453125  72.899063110351562
1102    13.343752861022949  218.94416809082031  72.816291809082031
1103    13.206459045410156  218.93266296386719  72.918174743652344
1104    8.2407064437866211  219.86851501464844  72.918174743652344
1105    2.7433981895446777  220.39239501953125  72.918174743652344
1106    -55.005340576171875  180.83731079101562  72.886810302734375
1107    -54.801040649414062  181.30819702148438  72.929969787597656
1108    -57.19049072265625  171.9051513671875  72.912681579589844
1109    -45.161624908447266  198.86305236816406  72.886810302734375
1110    -50.022712707519531  191.79196166992188  72.902496337890625
1111    -50.888774871826172  190.28807067871094  72.886810302734375
1112    -56.179553985595703  176.61517333984375  60.858230590820312
1113    -54.917186737060547  180.70130920410156  60.840671539306641
1114    -57.326602935791016  170.30039978027344  60.840671539306641
1115    -57.58203125  169.04974365234375  60.913192749023438
1116    -58  162.5  60.983707427978516
1117    -57.059879302978516  172.90049743652344  60.983707427978516
1118    -57.657257080078125  168.01657104492188  60.858230590820312
1119    -57.783824920654297  159.63385009765625  60.840671539306641
1120    -57.807289123535156  158.00982666015625  60.913192749023438
1121    -57.207687377929688  152.9459228515625  60.983707427978516
1122    -56.440471649169922  149.22154235839844  60.913192749023438
1123    -54.852397918701172  143.65286254882812  60.983707427978516
1124    -40.036579132080078  120.59381866455078  60.881820678710938
1125    -40.771846771240234  121.45317077636719  60.840671539306641
1126    -35.911979675292969  117.00949859619141  60.881820678710938
1127    -39.253997802734375  119.80194854736328  60.983707427978516
1128    -32.127017974853516  114.26194000244141  60.881820678710938
1129    -31.684309005737305  113.91909027099609  60.983707427978516
1130    -32.535293579101562  114.66027069091797  60.840671539306641
1131    -27.379665374755859  111.41761779785156  60.881820678710938
1132    -27.387346267700195  111.40328979492188  60.900936126708984
1133    -53.119449615478516  185.74151611328125  60.913192749023438
1134    -54.269989013671875  182.96382141113281  60.983707427978516
1135    -49.720779418945312  192.36375427246094  60.983707427978516
1136    -53.068359375  185.71916198730469  60.858230590820312
1137    -51.938762664794922  188.14654541015625  60.858230590820312
1138    -56.233638763427734  176.62875366210938  60.913192749023438
1139    -55.650608062744141  146.31155395507812  60.881820678710938
1140    -53.919921875  141.24681091308594  60.881820678710938
1141    -51.980442047119141  136.86624145507812  60.881820678710938
1142    -50.998481750488281  134.87474060058594  60.983707427978516
1143    -52.846439361572266  138.95346069335938  60.840671539306641
1144    -47.619964599609375  129.64387512207031  60.840671539306641
1145    -49.381149291992188  132.1593017578125  60.881820678710938
1146    -46.722297668457031  128.2059326171875  60.881820678710938
1147    -45.751228332519531  126.85136413574219  60.983707427978516
1148    -43.318477630615234  123.99591064453125  60.881820678710938
1149    -53.704166412353516  184.35650634765625  60.913192749023438
1150    -55.620624542236328  178.67796325683594  60.858230590820312
1151    -56.669002532958984  174.76654052734375  60.913192749023438
1152    -57.932895660400391  164.87147521972656  60.913192749023438
1153    -57.939468383789062  161.05999755859375  60.881820678710938
1154    -57.780178070068359  158.41732788085938  60.858230590820312
1155    -56.588161468505859  150.08367919921875  60.869884490966797
1156    -56.273292541503906  149.06489562988281  60.840671539306641
1157    -22.921398162841797  215.732177734375  60.881820678710938
1158    -28.3221435546875  212.94841003417969  60.840671539306641
1159    -27.800203323364258  213.354736328125  60.881820678710938
1160    -18.570035934448242  217.29360961914062  60.840671539306641
1161    -27.24675178527832  213.70170593261719  60.983707427978516
1162    -28.550649642944336  212.96488952636719  60.913192749023438
1163    -28.481609344482422  212.9398193359375  60.858230590820312
1164    -32.183349609375  210.662353515625  60.858230590820312
1165    -37.109775543212891  206.88523864746094  60.840671539306641
1166    -43.559719085693359  200.79557800292969  60.983707427978516
1167    -44.633678436279297  199.31059265136719  60.840671539306641
1168    -45.161624908447266  198.86305236816406  60.913192749023438
1169    -50.63763427734375  190.48240661621094  60.840671539306641
1170    -48.539897918701172  194.213134765625  60.913192749023438
1171    -49.952232360839844  191.90982055664062  60.897506713867188
1172    8.2407064437866211  219.86851501464844  60.881820678710938
1173    13.056553840637207  218.86231994628906  60.840671539306641
1174    2.4776911735534668  220.30178833007812  60.840671539306641
1175    2.7433981895446777  220.39239501953125  60.881820678710938
1176    -2.3472607135772705  220.40980529785156  60.881820678710938
1177    3.0059595108032227  220.42205810546875  60.983707427978516
1178    -7.8113980293273926  219.92854309082031  60.881820678710938
1179    -7.4292807579040527  220.022216796875  60.983707427978516
1180    -8.185546875  219.77287292480469  60.840671539306641
1181    -12.851365089416504  219.01458740234375  60.881820678710938
1182    -18.106575012207031  217.55641174316406  60.881820678710938
1183    -17.623678207397461  217.75762939453125  60.983707427978516
1184    18.566896438598633  217.4200439453125  60.900936126708984
1185    18.561689376831055  217.40463256835938  60.881820678710938
1186    13.343752861022949  218.94416809082031  60.983707427978516
1187    13.206459045410156  218.93266296386719  60.881820678710938
1188    -50.888774871826172  190.28807067871094  60.913192749023438
1189    -54.801040649414062  181.30819702148438  60.870025634765625
1190    -55.005340576171875  180.83731079101562  60.913192749023438
1191    -57.19049072265625  171.9051513671875  60.887317657470703
1192    -38.027187347412109  206.26959228515625  60.913192749023438
1193    -35.998256683349609  207.94760131835938  60.909481048583984
1194    -34.111904144287109  209.38519287109375  60.913192749023438
1195    -35.986541748046875  207.98591613769531  60.983707427978516
1196    -56.348094940185547  174.69708251953125  60.619594573974609
1197    -55.915195465087891  176.54875183105469  60.619594573974609
1198    -56.787757873535156  172.85089111328125  60.487483978271484
1199    -57.723396301269531  162.5  60.487483978271484
1200    -57.520675659179688  167.23545837402344  60.786701202392578
1201    -57.658164978027344  162.18972778320312  60.654129028320312
1202    -57.479930877685547  158.03526306152344  60.619594573974609
1203    -57.226200103759766  155.49726867675781  60.619594573974609
1204    -56.934860229492188  152.99148559570312  60.487483978271484
1205    -56.611358642578125  151.57496643066406  60.598495483398438
1206    -56.120853424072266  149.29673767089844  60.619594573974609
1207    -52.875625610351562  185.63484191894531  60.786701202392578
1208    -54.011173248291016  182.86622619628906  60.487483978271484
1209    -55.975521087646484  176.56390380859375  60.786701202392578
1210    -54.590805053710938  143.74275207519531  60.487483978271484
1211    -29.860815048217773  113.06953430175781  60.812637329101562
1212    -30.317760467529297  113.44336700439453  60.699874877929688
1213    -25.195581436157227  110.53633880615234  60.812637329101562
1214    18.467170715332031  217.12506103515625  60.577392578125
1215    23.138092041015625  215.38307189941406  60.487483978271484
1216    13.280116081237793  218.67498779296875  60.487483978271484
1217    -32.06646728515625  210.48744201660156  60.786701202392578
1218    -28.248510360717773  212.85487365722656  60.798065185546875
1219    -28.388971328735352  212.67910766601562  60.619594573974609
1220    -39.835468292236328  204.26347351074219  60.786701202392578
1221    -43.533439636230469  200.39317321777344  60.786701202392578
1222    -46.487159729003906  196.70521545410156  60.786701202392578
1223    -49.448696136474609  192.26371765136719  60.786701202392578
1224    -48.265018463134766  194.03353881835938  60.619594573974609
1225    -51.750129699707031  188.05340576171875  60.786701202392578
1226    -55.418624877929688  178.61920166015625  60.786701202392578
1227    -50.755264282226562  135.00648498535156  60.487483978271484
1228    -47.351860046386719  129.59506225585938  60.577392578125
1229    -49.131637573242188  132.31260681152344  60.710464477539062
1230    -45.533039093017578  127.02137756347656  60.487483978271484
1231    -46.486221313476562  128.37922668457031  60.710464477539062
1232    -47.216133117675781  129.24958801269531  60.812637329101562
1233    -45.393714904785156  126.80055999755859  60.812637329101562
1234    -41.938091278076172  122.79816436767578  60.812637329101562
1235    -43.099601745605469  124.19046020507812  60.710464477539062
1236    -39.066795349121094  120.00557708740234  60.487483978271484
1237    -40.547988891601562  121.39524841308594  60.799976348876953
1238    -38.251567840576172  119.23503875732422  60.812637329101562
1239    -34.128227233886719  115.91348266601562  60.812637329101562
1240    -36.759689331054688  118.09124755859375  60.710464477539062
1241    -33.610111236572266  115.64604187011719  60.577392578125
1242    -31.533205032348633  114.15077972412109  60.487483978271484
1243    -57.661506652832031  162.01884460449219  60.572525024414062
1244    -57.714675903320312  162.23793029785156  60.786701202392578
1245    -56.79779052734375  152.24995422363281  60.786701202392578
1246    -56.473098754882812  150.81747436523438  60.721206665039062
1247    -56.391941070556641  150.05056762695312  60.812637329101562
1248    -55.826244354248047  147.71926879882812  60.812637329101562
1249    -54.207862854003906  142.58650207519531  60.812637329101562
1250    -52.702854156494141  138.92782592773438  60.798992156982422
1251    -51.060073852539062  135.52023315429688  60.812637329101562
1252    -52.117523193359375  137.82783508300781  60.706062316894531
1253    -48.379920959472656  130.96553039550781  60.812637329101562
1254    -54.157516479492188  182.29637145996094  60.577392578125
1255    -54.693851470947266  180.73345947265625  60.619594573974609
1256    -54.241462707519531  182.0589599609375  60.699241638183594
1257    -54.151401519775391  182.46693420410156  60.786701202392578
1258    -54.630573272705078  181.22271728515625  60.812637329101562
1259    -54.019573211669922  182.64353942871094  60.619594573974609
1260    -56.842639923095703  172.49833679199219  60.786701202392578
1261    -56.879928588867188  171.95062255859375  60.699241638183594
1262    -57.131374359130859  170.92884826660156  60.812637329101562
1263    -57.108657836914062  170.7003173828125  60.759323120117188
1264    -43.392955780029297  200.45954895019531  60.619594573974609
1265    -42.468475341796875  201.4910888671875  60.619594573974609
1266    -43.351982116699219  200.61294555664062  60.487483978271484
1267    -43.604362487792969  200.23052978515625  60.577392578125
1268    -44.905876159667969  198.65713500976562  60.619594573974609
1269    -44.261024475097656  199.59449768066406  60.812637329101562
1270    -43.723766326904297  200.08935546875  60.699241638183594
1271    -49.483657836914062  192.22134399414062  60.487483978271484
1272    -49.409393310546875  192.20838928222656  60.619594573974609
1273    -49.696552276611328  191.74356079101562  60.577392578125
1274    -50.600597381591797  190.13070678710938  60.619594573974609
1275    -50.408721923828125  190.68630981445312  60.815166473388672
1276    -20.159646987915039  216.52334594726562  60.577392578125
1277    -17.539630889892578  217.49411010742188  60.487483978271484
1278    -27.116811752319336  213.45751953125  60.487483978271484
1279    -20.686359405517578  216.41766357421875  60.812637329101562
1280    -25.564252853393555  214.28327941894531  60.812637329101562
1281    -22.805582046508789  215.46321105957031  60.710464477539062
1282    -27.373516082763672  213.2506103515625  60.577392578125
1283    -27.659734725952148  213.0977783203125  60.710464477539062
1284    -33.918731689453125  209.11968994140625  60.619594573974609
1285    -35.814918518066406  207.76899719238281  60.487483978271484
1286    -36.299049377441406  207.3001708984375  60.582443237304688
1287    -35.673393249511719  207.79106140136719  60.619594573974609
1288    -37.811840057373047  206.021728515625  60.619594573974609
1289    -41.579090118408203  202.43814086914062  60.619594573974609
1290    10.788336753845215  219.14402770996094  60.577392578125
1291    2.9916238784790039  220.14581298828125  60.487483978271484
1292    5.4006657600402832  219.99671936035156  60.812637329101562
1293    0.36739626526832581  220.16105651855469  60.577392578125
1294    -4.8322944641113281  219.95939636230469  60.577392578125
1295    -2.3354005813598633  220.11720275878906  60.710464477539062
1296    -7.3938503265380859  219.74789428710938  60.487483978271484
1297    0.10012818872928619  220.24971008300781  60.812637329101562
1298    -5.217832088470459  220.01359558105469  60.812637329101562
1299    -10.063013076782227  219.27735900878906  60.577392578125
1300    -14.343343734741211  218.33772277832031  60.711784362792969
1301    -10.47166919708252  219.29246520996094  60.812637329101562
1302    -15.656737327575684  218.08692932128906  60.812637329101562
1303    -24.951198577880859  214.48432922363281  60.577392578125
1304    -41.043983459472656  121.99911499023438  60.701953887939453
1305    -39.225921630859375  120.23236846923828  60.716270446777344
1306    -33.479286193847656  115.54779052734375  60.696662902832031
1307    -32.479381561279297  114.74930572509766  60.812637329101562
1308    -24.125993728637695  110.13890075683594  60.642116546630859
1309    -23.138092041015625  109.61692810058594  60.487483978271484
1310    20.889572143554688  216.33924865722656  60.812637329101562
1311    15.841299057006836  218.03460693359375  60.812637329101562
1312    15.878063201904297  217.93539428710938  60.710464477539062
1313    15.93896484375  217.92100524902344  60.563423156738281
1314    15.937514305114746  217.91596984863281  60.577392578125
1315    -56.1932373046875  149.51010131835938  60.734535217285156
1316    -51.101558685302734  135.78245544433594  60.710464477539062
1317    -50.696159362792969  135.00921630859375  60.726329803466797
1318    -47.638053894042969  130.00851440429688  60.701915740966797
1319    -47.25030517578125  129.44573974609375  60.710464477539062
1320    -45.518775939941406  127.08740234375  60.726329803466797
1321    -45.028892517089844  126.47943878173828  60.710464477539062
1322    -56.750251770019531  172.66293334960938  60.619594573974609
1323    -56.80218505859375  152.63145446777344  60.619594573974609
1324    -44.564449310302734  199.11009216308594  60.731948852539062
1325    -44.667831420898438  199.08322143554688  60.802200317382812
1326    -50.585479736328125  190.28779602050781  60.786701202392578
1327    -54.705146789550781  180.77436828613281  60.73712158203125
1328    -54.768791198730469  180.70527648925781  60.786701202392578
1329    -9.921539306640625  219.29881286621094  60.693519592285156
1330    -19.346019744873047  216.85980224609375  60.7703857421875
1331    -20.076072692871094  216.55078125  60.693519592285156
1332    -25.582035064697266  214.1864013671875  60.726329803466797
1333    -26.30302619934082  213.80203247070312  60.642116546630859
1334    -36.271839141845703  207.40217590332031  60.790275573730469
1335    -31.646234512329102  114.193115234375  60.812637329101562
1336    -23.659683227539062  109.81069183349609  60.817054748535156
1337    15.877292633056641  217.93270874023438  60.702426910400391
1338    14.555320739746094  218.28433227539062  60.642116546630859
1339    0.56580466032028198  220.1561279296875  60.693519592285156
1340    -5.3865842819213867  219.91879272460938  60.726329803466797
1341    -6.5891666412353516  219.778564453125  60.609756469726562
1342    -9.1135177612304688  219.47543334960938  60.7703857421875
1343    -47.552806854248047  129.7315673828125  60.812637329101562
1344    -41.119853973388672  121.95130157470703  60.812637329101562
1345    -32.200145721435547  114.66607666015625  60.577392578125
1346    -32.199115753173828  114.66263580322266  60.710464477539062
1347    -31.73150634765625  114.35391998291016  60.577392578125
1348    -31.815406799316406  114.40692138671875  60.710464477539062
1349    -32.433727264404297  114.82138824462891  60.710464477539062
1350    -32.244426727294922  114.59033203125  60.812637329101562
1351    -49.493988037109375  192.09197998046875  60.567653656005859
1352    -54.771839141845703  180.83383178710938  60.817695617675781
1353    -56.247386932373047  149.37312316894531  60.817695617675781
1354    -56.141586303710938  148.92361450195312  60.818283081054688
1355    -26.451896667480469  213.73957824707031  60.710464477539062
1356    -26.769636154174805  213.57171630859375  60.577392578125
1357    -27.382390975952148  213.34529113769531  60.812637329101562
1358    -8.2864475250244141  219.65220642089844  60.812637329101562
1359    -9.0105257034301758  219.45619201660156  60.710464477539062
1360    -16.841197967529297  217.6419677734375  60.609756469726562
1361    -17.629209518432617  217.49317932128906  60.812637329101562
1362    -18.288969039916992  217.27729797363281  60.812637329101562
1363    -17.685750961303711  217.38543701171875  60.710464477539062
1364    -18.389814376831055  217.1490478515625  60.615108489990234
1365    -19.210536956787109  216.87049865722656  60.710464477539062
1366    -18.73785400390625  217.12515258789062  60.812637329101562
1367    2.2432546615600586  220.11857604980469  60.577392578125
1368    1.4910998344421387  220.14523315429688  60.710464477539062
1369    -7.2814960479736328  219.78890991210938  60.812637329101562
1370    -6.3888506889343262  219.80950927734375  60.710464477539062
1371    -7.9769368171691895  219.69622802734375  60.812637329101562
1372    -7.308232307434082  219.70777893066406  60.717205047607422
1373    -8.1957073211669922  219.57682800292969  60.577392578125
1374    -7.9262371063232422  219.61695861816406  60.710464477539062
1375    -7.4919614791870117  219.67338562011719  60.577392578125
1376    15.196230888366699  218.14183044433594  60.742195129394531
1377    14.527599334716797  218.30453491210938  60.710464477539062
1378    13.796039581298828  218.57769775390625  60.812637329101562
1379    13.900413513183594  218.46170043945312  60.577392578125
1380    12.327494621276855  218.83030700683594  60.69342041015625
1381    12.609045028686523  218.76673889160156  60.577392578125
1382    4.1367835998535156  220.01594543457031  60.710464477539062
1383    3.3126492500305176  220.15470886230469  60.812637329101562
1384    2.5264208316802979  220.1944580078125  60.812637329101562
1385    3.0360734462738037  220.08224487304688  60.577392578125
1386    -32.334964752197266  114.71186065673828  60.7703857421875
1387    -31.475528717041016  114.17460632324219  60.726329803466797
1388    -23.267801284790039  109.75160217285156  60.635578155517578
1389    22.599403381347656  215.6527099609375  60.817054748535156
1390    -18.505413055419922  217.1094970703125  60.693519592285156
1391    -27.171197891235352  213.37020874023438  60.726329803466797
1392    -27.140697479248047  213.36959838867188  60.609756469726562
1393    -27.358278274536133  213.26141357421875  60.710464477539062
1394    2.112703800201416  220.12580871582031  60.710464477539062
1395    -7.2320404052734375  219.7069091796875  60.577392578125
1396    -8.1823339462280273  219.61659240722656  60.7703857421875
1397    -8.2876110076904297  219.56106567382812  60.693519592285156
1398    -17.4720458984375  217.46163940429688  60.726329803466797
1399    -17.438505172729492  217.46209716796875  60.577392578125
1400    -18.164392471313477  217.22866821289062  60.710464477539062
1401    -32.25311279296875  114.71026611328125  60.67657470703125
1402    13.745393753051758  218.51002502441406  60.726329803466797
1403    13.518796920776367  218.54454040527344  60.642116546630859
1404    3.4364156723022461  220.06202697753906  60.710464477539062
1405    3.1476445198059082  220.06596374511719  60.642116546630859
1406    3.0837857723236084  220.08200073242188  60.710464477539062
1407    2.4378173351287842  220.112548828125  60.69342041015625
1408    3.2289309501647949  220.08917236328125  60.742195129394531
1409    -56.863121032714844  172.8646240234375  60.423206329345703
1410    -22.998249053955078  109.63324737548828  60.628799438476562
1411    13.360621452331543  218.59532165527344  60.710460662841797
1412    12.947170257568359  218.77975463867188  60.812637329101562
1413    13.29773998260498  218.74952697753906  60.423206329345703
1414    2.9955940246582031  220.22232055664062  60.423206329345703
1415    -7.4036626815795898  219.82386779785156  60.423206329345703
1416    -17.562908172607422  217.56709289550781  60.423206329345703
1417    -27.152797698974609  213.525146484375  60.423206329345703
1418    -42.615558624267578  201.62612915039062  60.379112243652344
1419    -49.549327850341797  192.26078796386719  60.423206329345703
1420    -54.082851409912109  182.89326477050781  60.423206329345703
1421    -57.799999237060547  162.5  60.423206329345703
1422    56.315219879150391  175.74899291992188  60.379112243652344
1423    54.663253784179688  181.28215026855469  60.423206329345703
1424    57.010421752929688  172.02113342285156  60.423206329345703
1425    57.799999237060547  162.5  60.423206329345703
1426    57.723396301269531  162.5  60.487483978271484
1427    56.934860229492188  172.00851440429688  60.487483978271484
1428    54.590805053710938  181.25724792480469  60.487483978271484
1429    50.822624206542969  190.02999877929688  60.423206329345703
1430    50.755264282226562  189.99351501464844  60.487483978271484
1431    46.654457092285156  196.7442626953125  60.349998474121094
1432    45.533039093017578  197.97862243652344  60.487483978271484
1433    40.803653717041016  203.57884216308594  60.25
1434    39.066795349121094  204.99441528320312  60.487483978271484
1435    31.575052261352539  210.91339111328125  60.423206329345703
1436    31.533205032348633  210.84922790527344  60.487483978271484
1437    48.432178497314453  130.85725402832031  60.379112243652344
1438    49.549327850341797  132.73921203613281  60.423206329345703
1439    42.615558624267578  123.37387084960938  60.379112243652344
1440    44.668498992919922  125.66068267822266  60.25
1441    50.677139282226562  134.49575805664062  60.25
1442    53.001567840576172  139.31005859375  60.379112243652344
1443    54.082851409912109  142.10673522949219  60.423206329345703
1444    53.034042358398438  139.29585266113281  60.317722320556641
1445    54.554328918457031  143.183349609375  60.349998474121094
1446    54.960029602050781  144.28448486328125  60.25
1447    56.108848571777344  148.402587890625  60.379112243652344
1448    56.143222808837891  148.39395141601562  60.317722320556641
1449    56.863121032714844  152.1353759765625  60.423206329345703
1450    57.371322631835938  154.69351196289062  60.25
1451    57.154754638671875  153.40924072265625  60.349998474121094
1452    57.693004608154297  157.7503662109375  60.317722320556641
1453    57.828907012939453  165.36839294433594  60.25
1454    57.855339050292969  163.93791198730469  60.349998474121094
1455    57.714340209960938  166.98294067382812  60.317722320556641
1456    56.317192077636719  175.94558715820312  60.25
1457    49.309444427490234  192.79664611816406  60.349998474121094
1458    47.657112121582031  195.38174438476562  60.25
1459    52.887664794921875  186.06491088867188  60.25
1460    35.859832763671875  207.9244384765625  60.349998474121094
1461    32.560676574707031  210.37705993652344  60.25
1462    32.080368041992188  210.66801452636719  60.349998474121094
1463    27.339908599853516  213.50820922851562  60.349998474121094
1464    23.208883285522461  215.54486083984375  60.25
1465    27.759836196899414  111.71910095214844  60.349998474121094
1466    37.138725280761719  118.08013153076172  60.25
1467    27.152797698974609  111.474853515625  60.423206329345703
1468    28.34423828125  112.01223754882812  60.25
1469    56.718360900878906  174.00370788574219  60.349998474121094
1470    55.569797515869141  178.66494750976562  60.349998474121094
1471    53.841625213623047  183.72232055664062  60.349998474121094
1472    51.904964447021484  188.09652709960938  60.349998474121094
1473    18.080284118652344  107.52353668212891  60.349998474121094
1474    22.888114929199219  109.34511566162109  60.349998474121094
1475    17.562908172607422  107.43291473388672  60.423206329345703
1476    18.584522247314453  107.66365051269531  60.25
1477    -8.2287406921386719  105.21478271484375  60.349998474121094
1478    -13.066740036010742  106.09370422363281  60.25
1479    -2.4796240329742432  104.65312194824219  60.25
1480    -2.7394146919250488  104.69166564941406  60.349998474121094
1481    -2.9955940246582031  104.77767944335938  60.423206329345703
1482    2.3438525199890137  104.67427825927734  60.349998474121094
1483    7.8000555038452148  105.15484619140625  60.349998474121094
1484    7.4036626815795898  105.17613220214844  60.423206329345703
1485    8.1919326782226562  105.18244171142578  60.25
1486    12.832704544067383  106.06747436523438  60.349998474121094
1487    47.055149078369141  128.77333068847656  60.200000762939453
1488    50.322769165039062  133.87669372558594  60.200000762939453
1489    53.039047241210938  139.29365539550781  60.200000762939453
1490    -18.534736633300781  107.67508697509766  60.349998474121094
1491    -13.29773998260498  106.25046539306641  60.423206329345703
1492    -23.208883285522461  109.45513153076172  60.25
1493    -13.187282562255859  106.14928436279297  60.349998474121094
1494    23.887622833251953  109.7642822265625  60.200000762939453
1495    29.269147872924805  112.55010986328125  60.200000762939453
1496    34.329994201660156  115.88320159912109  60.200000762939453
1497    57.704074859619141  157.74945068359375  60.233184814453125
1498    57.701957702636719  157.74961853027344  60.216457366943359
1499    57.725414276123047  166.98381042480469  60.233184814453125
1500    57.723297119140625  166.983642578125  60.216457366943359
1501    48.471149444580078  130.831787109375  60.233184814453125
1502    48.469371795654297  130.83294677734375  60.216457366943359
1503    53.044216156005859  139.29139709472656  60.233184814453125
1504    56.153995513916016  148.39125061035156  60.233184814453125
1505    56.151935577392578  148.39176940917969  60.216457366943359
1506    35.882026672363281  117.05983734130859  60.233184814453125
1507    35.880710601806641  117.06150817871094  60.216457366943359
1508    42.649848937988281  123.34239196777344  60.233184814453125
1509    42.648284912109375  123.34382629394531  60.216457366943359
1510    13.066740036010742  218.90629577636719  60.25
1511    2.4796240329742432  220.34687805175781  60.25
1512    -6.4222450256347656  220.03633117675781  60.200000762939453
1513    -12.401247978210449  219.04983520507812  60.200000762939453
1514    -8.1919326782226562  219.81755065917969  60.25
1515    -18.584522247314453  217.33634948730469  60.25
1516    -28.34423828125  212.98776245117188  60.25
1517    -44.668498992919922  199.33930969238281  60.25
1518    -50.677139282226562  190.50424194335938  60.25
1519    -54.960029602050781  180.71551513671875  60.25
1520    -57.371322631835938  170.30648803710938  60.25
1521    -56.317192077636719  149.05441284179688  60.25
1522    -52.887664794921875  138.93508911132812  60.25
1523    -47.657112121582031  129.61825561523438  60.25
1524    -40.803653717041016  121.42115020751953  60.25
1525    -32.560676574707031  114.62294769287109  60.25
1526    -56.153995513916016  176.60874938964844  60.233184814453125
1527    -56.151935577392578  176.60823059082031  60.216457366943359
1528    -57.704074859619141  167.25054931640625  60.233184814453125
1529    -57.828907012939453  159.63160705566406  60.25
1530    -57.701957702636719  167.25038146972656  60.216457366943359
1531    -57.725414276123047  158.01618957519531  60.233184814453125
1532    -57.723297119140625  158.016357421875  60.216457366943359
1533    -42.649848937988281  201.65760803222656  60.233184814453125
1534    -37.138725280761719  206.91987609863281  60.25
1535    -42.648284912109375  201.65617370605469  60.216457366943359
1536    -48.471149444580078  194.168212890625  60.233184814453125
1537    -48.469371795654297  194.16705322265625  60.216457366943359
1538    -53.044216156005859  185.70860290527344  60.233184814453125
1539    56.611358642578125  173.42503356933594  60.598495483398438
1540    56.120853424072266  175.70326232910156  60.619594573974609
1541    52.875625610351562  139.36515808105469  60.786701202392578
1542    55.915195465087891  148.45124816894531  60.619594573974609
1543    54.011173248291016  142.13377380371094  60.487483978271484
1544    56.787757873535156  152.14910888671875  60.487483978271484
1545    55.975521087646484  148.43609619140625  60.786701202392578
1546    57.520675659179688  157.76454162597656  60.786701202392578
1547    57.479930877685547  166.96473693847656  60.619594573974609
1548    -35.882026672363281  207.94015502929688  60.233184814453125
1549    -35.880710601806641  207.93849182128906  60.216457366943359
1550    32.06646728515625  114.51255798339844  60.786701202392578
1551    39.835468292236328  120.73651885986328  60.786701202392578
1552    43.533439636230469  124.60682678222656  60.786701202392578
1553    46.487159729003906  128.29478454589844  60.786701202392578
1554    49.448696136474609  132.73628234863281  60.786701202392578
1555    48.265018463134766  130.96646118164062  60.619594573974609
1556    51.750129699707031  136.94659423828125  60.786701202392578
1557    55.418624877929688  146.38079833984375  60.786701202392578
1558    56.348094940185547  150.30291748046875  60.619594573974609
1559    57.658164978027344  162.81027221679688  60.654129028320312
1560    57.226200103759766  169.50273132324219  60.619594573974609
1561    45.393714904785156  198.19944763183594  60.812637329101562
1562    43.099601745605469  200.80953979492188  60.710464477539062
1563    41.938091278076172  202.20184326171875  60.812637329101562
1564    40.547988891601562  203.60475158691406  60.799976348876953
1565    38.251567840576172  205.76496887207031  60.812637329101562
1566    34.128227233886719  209.08651733398438  60.812637329101562
1567    36.759689331054688  206.90875244140625  60.710464477539062
1568    33.610111236572266  209.35395812988281  60.577392578125
1569    29.860815048217773  211.93046569824219  60.812637329101562
1570    25.195581436157227  214.46365356445312  60.812637329101562
1571    30.317760467529297  211.55662536621094  60.699874877929688
1572    -18.467170715332031  107.87494659423828  60.577392578125
1573    -13.280116081237793  106.32501220703125  60.487483978271484
1574    28.248510360717773  112.14512634277344  60.798065185546875
1575    28.388971328735352  112.32089233398438  60.619594573974609
1576    56.79779052734375  172.75004577636719  60.786701202392578
1577    56.319664001464844  175.28814697265625  60.815166473388672
1578    56.1932373046875  175.48989868164062  60.734535217285156
1579    54.207862854003906  182.41349792480469  60.812637329101562
1580    51.060073852539062  189.47976684570312  60.812637329101562
1581    49.919094085693359  191.34211730957031  60.715469360351562
1582    48.379920959472656  194.03446960449219  60.812637329101562
1583    47.351860046386719  195.40493774414062  60.577392578125
1584    46.486221313476562  196.62077331542969  60.710464477539062
1585    47.216133117675781  195.75041198730469  60.812637329101562
1586    54.151401519775391  142.53306579589844  60.786701202392578
1587    54.630573272705078  143.77728271484375  60.812637329101562
1588    54.019573211669922  142.35646057128906  60.619594573974609
1589    54.693851470947266  144.26654052734375  60.619594573974609
1590    56.842639923095703  152.50166320800781  60.786701202392578
1591    56.879928588867188  153.04937744140625  60.699241638183594
1592    57.131374359130859  154.07115173339844  60.812637329101562
1593    57.108657836914062  154.2996826171875  60.759323120117188
1594    57.714675903320312  162.76206970214844  60.786701202392578
1595    57.661506652832031  162.98115539550781  60.572525024414062
1596    56.473098754882812  174.18252563476562  60.721206665039062
1597    43.604362487792969  124.76947021484375  60.577392578125
1598    43.351982116699219  124.38706207275391  60.487483978271484
1599    44.905876159667969  126.34286499023438  60.619594573974609
1600    44.261024475097656  125.40550994873047  60.812637329101562
1601    43.723766326904297  124.91065216064453  60.699241638183594
1602    49.483657836914062  132.77865600585938  60.487483978271484
1603    49.409393310546875  132.79161071777344  60.619594573974609
1604    49.696552276611328  133.25643920898438  60.577392578125
1605    50.600597381591797  134.86929321289062  60.619594573974609
1606    50.408721923828125  134.31369018554688  60.815166473388672
1607    54.157516479492188  142.70362854003906  60.577392578125
1608    54.241462707519531  142.9410400390625  60.699241638183594
1609    25.564252853393555  110.71672058105469  60.812637329101562
1610    27.373516082763672  111.74939727783203  60.577392578125
1611    27.659734725952148  111.90221405029297  60.710464477539062
1612    27.116811752319336  111.54248046875  60.487483978271484
1613    33.918731689453125  115.88030242919922  60.619594573974609
1614    35.814918518066406  117.23100280761719  60.487483978271484
1615    36.299049377441406  117.6998291015625  60.582443237304688
1616    35.673393249511719  117.20893859863281  60.619594573974609
1617    37.811840057373047  118.978271484375  60.619594573974609
1618    41.579090118408203  122.56185150146484  60.619594573974609
1619    42.468475341796875  123.5089111328125  60.619594573974609
1620    43.392955780029297  124.54044342041016  60.619594573974609
1621    -0.36739626526832581  104.83893585205078  60.577392578125
1622    -2.9916238784790039  104.85417938232422  60.487483978271484
1623    4.8322944641113281  105.04060363769531  60.577392578125
1624    2.3354005813598633  104.88279724121094  60.710464477539062
1625    7.3938503265380859  105.25210571289062  60.487483978271484
1626    -0.10012818872928619  104.75028991699219  60.812637329101562
1627    5.217832088470459  104.98640441894531  60.812637329101562
1628    10.063013076782227  105.72263336181641  60.577392578125
1629    17.539630889892578  107.50588989257812  60.487483978271484
1630    14.343343734741211  106.66227722167969  60.711784362792969
1631    10.47166919708252  105.70754241943359  60.812637329101562
1632    15.656737327575684  106.91307830810547  60.812637329101562
1633    20.159646987915039  108.47665405273438  60.577392578125
1634    24.951198577880859  110.51566314697266  60.577392578125
1635    22.805582046508789  109.53678894042969  60.710464477539062
1636    20.686359405517578  108.58234405517578  60.812637329101562
1637    41.043983459472656  203.00088500976562  60.701953887939453
1638    39.225921630859375  204.76763916015625  60.716274261474609
1639    33.479286193847656  209.45220947265625  60.696659088134766
1640    32.479381561279297  210.25070190429688  60.812637329101562
1641    -20.889572143554688  108.66074371337891  60.812637329101562
1642    -15.841299057006836  106.96539306640625  60.812637329101562
1643    -15.878063201904297  107.06459808349609  60.710464477539062
1644    -15.93896484375  107.07899475097656  60.563423156738281
1645    -15.937514305114746  107.08403778076172  60.577392578125
1646    -10.788336753845215  105.85597991943359  60.577392578125
1647    -5.4006657600402832  105.00328826904297  60.812637329101562
1648    56.80218505859375  172.36854553222656  60.619594573974609
1649    47.638053894042969  194.99148559570312  60.701915740966797
1650    47.25030517578125  195.55426025390625  60.710464477539062
1651    45.518775939941406  197.91259765625  60.726329803466797
1652    45.028892517089844  198.52056884765625  60.710464477539062
1653    54.705146789550781  144.22563171386719  60.73712158203125
1654    54.768791198730469  144.29472351074219  60.786701202392578
1655    56.750251770019531  152.33706665039062  60.619594573974609
1656    44.564449310302734  125.88991546630859  60.731948852539062
1657    44.667831420898438  125.91677856445312  60.802200317382812
1658    50.585479736328125  134.71220397949219  60.786701202392578
1659    6.5891666412353516  105.221435546875  60.609756469726562
1660    9.1135177612304688  105.52456665039062  60.7703857421875
1661    9.921539306640625  105.70118713378906  60.693519592285156
1662    19.346019744873047  108.14020538330078  60.7703857421875
1663    20.076072692871094  108.44922637939453  60.693519592285156
1664    25.582035064697266  110.8135986328125  60.726329803466797
1665    26.30302619934082  111.19795989990234  60.642116546630859
1666    36.271839141845703  117.59781646728516  60.790275573730469
1667    31.646234512329102  210.806884765625  60.812637329101562
1668    32.244426727294922  210.40966796875  60.812637329101562
1669    31.815406799316406  210.59307861328125  60.710464477539062
1670    23.659683227539062  215.18931579589844  60.817054748535156
1671    -21.998422622680664  109.21006011962891  60.642116546630859
1672    -15.877292633056641  107.06729125976562  60.702426910400391
1673    -14.555320739746094  106.71567535400391  60.642116546630859
1674    -0.56580466032028198  104.8438720703125  60.693519592285156
1675    5.3865842819213867  105.08119964599609  60.726329803466797
1676    47.552806854248047  195.2684326171875  60.812637329101562
1677    41.119853973388672  203.0487060546875  60.812637329101562
1678    32.199115753173828  210.33737182617188  60.710464477539062
1679    31.73150634765625  210.64607238769531  60.577392578125
1680    32.200145721435547  210.33392333984375  60.577392578125
1681    32.433727264404297  210.17861938476562  60.710464477539062
1682    49.493988037109375  132.90802001953125  60.567653656005859
1683    54.771839141845703  144.16616821289062  60.817695617675781
1684    18.389814376831055  107.85095977783203  60.615108489990234
1685    18.73785400390625  107.87484741210938  60.812637329101562
1686    19.210536956787109  108.12949371337891  60.710464477539062
1687    26.451896667480469  111.26042938232422  60.710464477539062
1688    26.769636154174805  111.42829132080078  60.577392578125
1689    27.382390975952148  111.65470123291016  60.812637329101562
1690    7.2814960479736328  105.21109008789062  60.812637329101562
1691    7.308232307434082  105.29222869873047  60.717205047607422
1692    7.9769368171691895  105.30377960205078  60.812637329101562
1693    8.1957073211669922  105.42317962646484  60.577392578125
1694    9.0105257034301758  105.54381561279297  60.710464477539062
1695    7.9262371063232422  105.38304138183594  60.710464477539062
1696    7.4919614791870117  105.32661437988281  60.577392578125
1697    8.2864475250244141  105.34780120849609  60.812637329101562
1698    16.841197967529297  107.3580322265625  60.609756469726562
1699    17.629209518432617  107.50681304931641  60.812637329101562
1700    18.288969039916992  107.72269439697266  60.812637329101562
1701    17.685750961303711  107.61457061767578  60.710464477539062
1702    -4.1367835998535156  104.98405456542969  60.710464477539062
1703    -3.3126492500305176  104.84529113769531  60.812637329101562
1704    -2.44930100440979  104.80216217041016  60.812637329101562
1705    -2.2432546615600586  104.88141632080078  60.577392578125
1706    -3.0360734462738037  104.91774749755859  60.577392578125
1707    -1.4910998344421387  104.85476684570312  60.710464477539062
1708    6.3888506889343262  105.19049835205078  60.710464477539062
1709    -22.599403381347656  109.34728240966797  60.817054748535156
1710    -15.196230888366699  106.85816955566406  60.742195129394531
1711    -13.796039581298828  106.42229461669922  60.812637329101562
1712    -14.527599334716797  106.69547271728516  60.710464477539062
1713    -13.900413513183594  106.53829956054688  60.577392578125
1714    -12.327494621276855  106.16970062255859  60.69342041015625
1715    -12.609045028686523  106.23326873779297  60.577392578125
1716    27.358278274536133  111.73858642578125  60.710464477539062
1717    32.334964752197266  210.28813171386719  60.7703857421875
1718    31.475528717041016  210.82539367675781  60.726329803466797
1719    8.2876110076904297  105.43894958496094  60.693519592285156
1720    17.4720458984375  107.53836059570312  60.726329803466797
1721    17.438505172729492  107.53790283203125  60.577392578125
1722    18.164392471313477  107.77133178710938  60.710464477539062
1723    18.505413055419922  107.89051055908203  60.693519592285156
1724    27.171197891235352  111.62979125976562  60.726329803466797
1725    27.140697479248047  111.63040161132812  60.609756469726562
1726    -3.4364156723022461  104.93796539306641  60.710464477539062
1727    -3.0837857723236084  104.91799926757812  60.710464477539062
1728    -2.437816858291626  104.887451171875  60.69342041015625
1729    -2.112703800201416  104.87419891357422  60.710464477539062
1730    7.2320404052734375  105.2930908203125  60.577392578125
1731    8.1823339462280273  105.38340759277344  60.7703857421875
1732    32.25311279296875  210.28973388671875  60.67657470703125
1733    -13.745393753051758  106.48997497558594  60.726329803466797
1734    -13.518796920776367  106.45545959472656  60.642116546630859
1735    -3.1476445198059082  104.93403625488281  60.642116546630859
1736    -13.360621452331543  106.40468597412109  60.710460662841797
1737    -12.947170257568359  106.22025299072266  60.812637329101562
1738    -3.2289309501647949  104.91082763671875  60.742195129394531
1739    -31.575052261352539  114.08661651611328  60.423206329345703
1740    -57.693004608154297  167.2496337890625  60.317722320556641
1741    -57.855339050292969  161.06208801269531  60.349998474121094
1742    -57.714340209960938  158.01705932617188  60.317722320556641
1743    -57.010421752929688  152.97886657714844  60.423206329345703
1744    -56.315219879150391  149.25100708007812  60.379112243652344
1745    -54.663253784179688  143.71784973144531  60.423206329345703
1746    -50.822624206542969  134.97000122070312  60.423206329345703
1747    -46.654457092285156  128.2557373046875  60.349998474121094
1748    -27.339908599853516  111.49179077148438  60.349998474121094
1749    -27.759836196899414  213.28089904785156  60.349998474121094
1750    -48.432178497314453  194.14274597167969  60.379112243652344
1751    -53.001567840576172  185.68994140625  60.379112243652344
1752    -53.034042358398438  185.70414733886719  60.317722320556641
1753    -54.554328918457031  181.816650390625  60.349998474121094
1754    -56.108848571777344  176.597412109375  60.379112243652344
1755    -56.143222808837891  176.60604858398438  60.317722320556641
1756    -57.154754638671875  171.59075927734375  60.349998474121094
1757    -51.904964447021484  136.90347290039062  60.349998474121094
1758    -53.841625213623047  141.27767944335938  60.349998474121094
1759    -49.309444427490234  132.20335388183594  60.349998474121094
1760    -35.859832763671875  117.07555389404297  60.349998474121094
1761    -32.080368041992188  114.33198547363281  60.349998474121094
1762    -56.718360900878906  150.99629211425781  60.349998474121094
1763    -55.569797515869141  146.33505249023438  60.349998474121094
1764    -12.832704544067383  218.93252563476562  60.349998474121094
1765    -18.080284118652344  217.47645568847656  60.349998474121094
1766    -22.888114929199219  215.65489196777344  60.349998474121094
1767    18.534736633300781  217.32492065429688  60.349998474121094
1768    13.187282562255859  218.85072326660156  60.349998474121094
1769    8.2287406921386719  219.78521728515625  60.349998474121094
1770    2.7394146919250488  220.30833435058594  60.349998474121094
1771    -2.3438525199890137  220.32572937011719  60.349998474121094
1772    -7.8000555038452148  219.84515380859375  60.349998474121094
1773    33.060558319091797  114.84487152099609  60
1774    34.091598510742188  115.57694244384766  60.200000762939453
1775    29.000045776367188  112.27044677734375  60.200000762939453
1776    48.831928253173828  131.20378112792969  60
1777    53.1336669921875  139.24436950683594  60
1778    50.22955322265625  133.49995422363281  60.200000762939453
1779    46.923057556152344  128.40840148925781  60.200000762939453
1780    52.9857177734375  138.90924072265625  60.200000762939453
1781    56.648788452148438  150.0531005859375  60
1782    57.10003662109375  152.32177734375  60
1783    57.988517761230469  161.34146118164062  60
1784    -21.382394790649414  108.58522033691406  60
1785    -12.972718238830566  105.96930694580078  60
1786    -10.015649795532227  105.37122344970703  60
1787    -5.9737994715855502e-13  104.49995422363281  60
1788    10.015649795532227  105.37122344970703  60
1789    12.972718238830566  105.96930694580078  60
1790    21.545749664306641  108.65028381347656  60
1791    23.590763092041016  109.5142822265625  60.200000762939453
1792    -57.988517761230469  161.34146118164062  60
1793    -57.10003662109375  152.32177734375  60
1794    -56.648788452148438  150.0531005859375  60
1795    -53.1336669921875  139.24436950683594  60
1796    -48.039115905761719  130.00146484375  60
1797    -41.354709625244141  121.83432769775391  60
1798    -33.301494598388672  115.012939453125  60
1799    -43.650295257568359  124.51103973388672  51.378677368164062
1800    -49.9033203125  133.17176818847656  51.114097595214844
1801    -51.692359924316406  136.36209106445312  41.169029235839844
1802    -54.978244781494141  144.20895385742188  50.273162841796875
1803    -55.424003601074219  145.430908203125  37.280117034912109
1804    -57.242424011230469  153.63557434082031  43.018318176269531
1805    -57.927791595458984  161.10380554199219  36.586658477783203
1806    -57.171218872070312  153.20614624023438  33.731178283691406
1807    -57.349224090576172  154.40611267089844  52.709262847900391
1808    -54.674720764160156  132.05609130859375  19.364442825317383
1809    -52.562995910644531  128.74208068847656  24.531095504760742
1810    -55.004894256591797  138.92967224121094  21.705257415771484
1811    -56.756393432617188  145.31536865234375  16.192037582397461
1812    -57.642589569091797  140.10757446289062  6.1738605499267578
1813    -56.278511047363281  135.3446044921875  14.029873847961426
1814    -57.873950958251953  146.70152282714844  5.2767014503479004
1815    -57.949985504150391  137.63459777832031  0.12300295382738113
1816    -57.992046356201172  154.71324157714844  0.95713955163955688
1817    -57.767597198486328  146.56387329101562  -3.6239762306213379
1818    -10.40247631072998  104.19292449951172  57.126377105712891
1819    -5.9576828062915532e-13  103.41535186767578  58.121120452880859
1820    -5.9576828062915532e-13  104.06509399414062  58.585906982421875
1821    -7.4474468231201172  104.88960266113281  58.873558044433594
1822    -49.405059814453125  130.32667541503906  34.59124755859375
1823    -53.150917053222656  138.40919494628906  30.649263381958008
1824    -56.152366638183594  147.45541381835938  26.203886032104492
1825    -57.986831665039062  157.99952697753906  7.9652743339538574
1826    -18.398651123046875  106.13135528564453  55.106769561767578
1827    -26.272726058959961  108.93056488037109  51.800872802734375
1828    -35.72119140625  116.87503814697266  51.370506286621094
1829    -47.431903839111328  122.75167846679688  33.407634735107422
1830    -57.734527587890625  157.06260681152344  26.545267105102539
1831    -57.490242004394531  151.91694641113281  15.702679634094238
1832    -57.980239868164062  162.19953918457031  17.530099868774414
1833    -33.011573791503906  112.16596221923828  47.763053894042969
1834    -37.176223754882812  114.62404632568359  44.578651428222656
1835    -41.033760070800781  117.27825927734375  41.038291931152344
1836    -46.210063934326172  127.24380493164062  41.412586212158203
1837    32.220790863037109  113.81502532958984  50.311264038085938
1838    22.194076538085938  108.42689514160156  54.693405151367188
1839    26.573781967163086  109.05750274658203  51.646076202392578
1840    34.577796936035156  113.04536437988281  46.634014129638672
1841    11.31444263458252  105.0450439453125  57.450588226318359
1842    18.726249694824219  106.22891235351562  54.996246337890625
1843    10.530779838562012  104.21788024902344  57.103889465332031
1844    56.506561279296875  150.66555786132812  37.557399749755859
1845    54.825260162353516  143.93536376953125  42.740161895751953
1846    55.050640106201172  144.26237487792969  33.240909576416016
1847    57.775482177734375  157.91987609863281  31.269071578979492
1848    57.543266296386719  154.54098510742188  19.616716384887695
1849    57.990444183349609  162.76701354980469  22.366033554077148
1850    57.668643951416016  168.63491821289062  29.905595779418945
1851    56.818675994873047  151.68672180175781  49.288509368896484
1852    57.83648681640625  160.23399353027344  50.737701416015625
1853    57.792243957519531  165.29046630859375  40.367229461669922
1854    54.808929443359375  143.74026489257812  53.121307373046875
1855    57.990001678466797  162.67445373535156  13.337093353271484
1856    51.499034881591797  136.08822631835938  46.083465576171875
1857    57.865009307861328  146.2777099609375  5.140068531036377
1858    56.847606658935547  144.69618225097656  15.208879470825195
1859    57.632785797119141  139.85850524902344  6.5173726081848145
1860    37.403816223144531  118.3992919921875  55.302639007568359
1861    40.084259033203125  120.42642974853516  46.090358734130859
1862    55.509502410888672  133.64305114746094  16.819513320922852
1863    51.468620300292969  131.95718383789062  28.732433319091797
1864    47.029079437255859  122.35633087158203  33.974014282226562
1865    51.598350524902344  127.445556640625  26.503780364990234
1866    40.805431365966797  117.109130859375  41.266128540039062
1867    56.371646881103516  148.52532958984375  26.753292083740234
1868    45.894233703613281  127.25228118896484  52.100845336914062
1869    45.803447723388672  126.74973297119141  40.267421722412109
1870    51.201663970947266  135.49589538574219  53.872852325439453
1871    57.907299041748047  153.66287231445312  8.8574304580688477
1872    54.273086547851562  139.24652099609375  25.691385269165039
1873    -34.556182861328125  208.92645263671875  54.008476257324219
1874    -33.301494598388672  209.987060546875  60
1875    -40.67803955078125  203.91751098632812  48.176589965820312
1876    -45.49853515625  198.28999328613281  51.078319549560547
1877    -46.5679931640625  197.13169860839844  41.748939514160156
1878    -49.743629455566406  192.12086486816406  50.025768280029297
1879    -51.5650634765625  188.84915161132812  42.696846008300781
1880    -53.672931671142578  184.37559509277344  49.629112243652344
1881    -54.853752136230469  181.21333312988281  39.543144226074219
1882    -57.335796356201172  170.764892578125  40.036705017089844
1883    -57.784896850585938  166.91326904296875  28.069435119628906
1884    -57.481884002685547  169.86076354980469  51.989192962646484
1885    52.238414764404297  137.66432189941406  35.543178558349609
1886    57.990001678466797  162.04365539550781  3.6167867183685303
1887    3.3885266814692727e-10  102.87300872802734  58
1888    -5.8866534693655104e-13  99.099998474121094  58
1889    8.799809455871582  103.57524871826172  57.328556060791016
1890    10.657471656799316  99.099998474121094  57.012439727783203
1891    20.952016830444336  99.099998474121094  54.083389282226562
1892    17.246541976928711  105.3658447265625  55.376499176025391
1893    30.533065795898438  99.099998474121094  49.312595367431641
1894    25.964004516601562  108.39070129394531  51.863960266113281
1895    34.321685791015625  105.38563537597656  46.58978271484375
1896    39.074348449707031  99.099998474121094  42.862518310546875
1897    41.022972106933594  107.45457458496094  40.86431884765625
1898    46.284999847412109  99.099998474121094  34.952808380126953
1899    48.081443786621094  110.71339416503906  32.212661743164062
1900    57.987388610839844  170.60060119628906  0.5006643533706665
1901    57.789546966552734  161.8870849609375  -4.3667902946472168
1902    -41.125480651855469  207.653564453125  40.945980072021484
1903    -55.986614227294922  177.79232788085938  30.430784225463867
1904    -57.255184173583984  172.81954956054688  19.909942626953125
1905    -55.961421966552734  177.11921691894531  49.347549438476562
1906    -19.393596649169922  146.11952209472656  -54.539268493652344
1907    -32.484813690185547  157.11048889160156  -47.839862823486328
1908    -26.634824752807617  150.94720458984375  -51.299209594726562
1909    21.935586929321289  136.27839660644531  -53.571826934814453
1910    12.203829765319824  135.08071899414062  -56.585666656494141
1911    0.47112879157066345  136.88377380371094  -57.958995819091797
1912    33.854343414306641  112.28459167480469  47.094409942626953
1913    -44.381355285644531  156.37986755371094  -37.185398101806641
1914    -57.321796417236328  156.44161987304688  -8.2164087295532227
1915    -57.9139404296875  163.0384521484375  -0.47972649335861206
1916    22.895364761352539  215.78919982910156  60
1917    48.831912994384766  193.79620361328125  60
1918    50.755374908447266  145.56626892089844  -27.890174865722656
1919    46.766239166259766  137.76466369628906  -34.151802062988281
1920    39.598892211914062  140.0850830078125  -42.228530883789062
1921    -49.860408782958984  150.74978637695312  -29.358453750610352
1922    -56.190486907958984  146.40742492675781  -13.734309196472168
1923    -53.307853698730469  142.63232421875  -22.458749771118164
1924    34.511058807373047  128.64421081542969  -46.412185668945312
1925    25.490438461303711  127.46913909912109  -51.901771545410156
1926    -38.648300170898438  147.85073852539062  -43.212306976318359
1927    -57.952159881591797  166.69642639160156  10.121821403503418
1928    56.093738555908203  147.8302001953125  -14.568560600280762
1929    -11.285736083984375  136.83979797363281  -56.8782958984375
1930    53.886974334716797  142.79374694824219  -21.093616485595703
1931    57.584804534912109  150.47825622558594  -5.9897055625915527
1932    57.004848480224609  109.03387451171875  -9.4737844467163086
1933    55.785888671875  99.099998474121094  -15.872453689575195
1934    55.888626098632812  112.90773010253906  -15.453681945800781
1935    53.240409851074219  109.77654266357422  -22.52116584777832
1936    -13.848023414611816  99.099998474121094  -0.31865119934082031
1937    -16.820016860961914  99.099998474121094  11.02702808380127
1938    -23.301853179931641  99.099998474121094  2.890805721282959
1939    -7.4557571411132812  99.099998474121094  6.5998883247375488
1940    52.410110473632812  107.49412536621094  24.717720031738281
1941    51.919471740722656  99.099998474121094  25.852825164794922
1942    52.15509033203125  117.56956481933594  25.327608108520508
1943    47.708515167236328  122.83968353271484  32.983295440673828
1944    51.919471740722656  99.099998474121094  -25.852825164794922
1945    40.412471771240234  99.099998474121094  -30.798595428466797
1946    46.284999847412109  99.099998474121094  -34.952808380126953
1947    -3.3851273059844971  99.099998474121094  -3.9618752002716064
1948    -7.4651837348937988  99.099998474121094  -12.914334297180176
1949    -16.971506118774414  99.099998474121094  -13.749410629272461
1950    -32.815731048583984  152.17037963867188  74.400001525878906
1951    -36.124847412109375  138.17317199707031  -45.157630920410156
1952    -42.345386505126953  137.67390441894531  -39.371597290039062
1953    2.8193595409393311  171.34492492675781  74.400001525878906
1954    8.1898193359375  164.43630981445312  74.400001525878906
1955    13.912234306335449  172.82423400878906  74.400001525878906
1956    -25.785858154296875  141.61465454101562  -51.715023040771484
1957    44.744354248046875  99.099998474121094  -18.571893692016602
1958    36.756214141845703  99.099998474121094  -19.716205596923828
1959    21.069881439208984  206.5299072265625  74.400001525878906
1960    13.573775291442871  208.57023620605469  74.400001525878906
1961    -9.8328971862792969  125.64351654052734  74.400001525878906
1962    -3.4571666717529297  130.26651000976562  74.400001525878906
1963    -14.024689674377441  132.10186767578125  74.400001525878906
1964    -48.889621734619141  114.02864074707031  31.012704849243164
1965    -43.31939697265625  109.66973114013672  38.405757904052734
1966    -42.221355438232422  117.9222412109375  39.766281127929688
1967    -11.250091552734375  116.02633666992188  74.400001525878906
1968    -46.295204162597656  127.06295013427734  -34.855911254882812
1969    -44.473533630371094  118.92396545410156  -36.989864349365234
1970    -49.549674987792969  118.21077728271484  -29.746826171875
1971    56.080226898193359  125.63045501708984  14.754813194274902
1972    54.617992401123047  131.87437438964844  19.516016006469727
1973    52.478065490722656  128.50686645507812  24.699361801147461
1974    56.507701873779297  107.94426727294922  12.239679336547852
1975    57.718471527099609  113.74429321289062  5.5224142074584961
1976    56.349754333496094  116.9697265625  13.285725593566895
1977    57.867790222167969  121.84805297851562  2.849358081817627
1978    4.9023561477661133  178.46559143066406  74.400001525878906
1979    -40.018402099609375  144.28311157226562  74.400001525878906
1980    30.72454833984375  119.63312530517578  74.400001525878906
1981    57.816665649414062  111.75358581542969  -3.0496983528137207
1982    -52.972103118896484  108.23160552978516  -23.182544708251953
1983    -55.785888671875  99.099998474121094  -15.872453689575195
1984    10.835654258728027  99.099998474121094  -29.575382232666016
1985    21.070280075073242  99.099998474121094  -26.132266998291016
1986    17.614145278930664  99.099998474121094  -15.679200172424316
1987    -13.519870758056641  148.48532104492188  74.400001525878906
1988    -19.018966674804688  140.18608093261719  74.400001525878906
1989    47.459182739257812  99.099998474121094  -6.9232754707336426
1990    39.198528289794922  99.099998474121094  -8.3710546493530273
1991    -30.533065795898438  99.099998474121094  49.312595367431641
1992    -26.573686599731445  99.099998474121094  40.426078796386719
1993    -18.796731948852539  99.099998474121094  47.950756072998047
1994    15.770475387573242  181.20968627929688  74.400001525878906
1995    22.658876419067383  172.60469055175781  74.400001525878906
1996    36.751106262207031  197.630126953125  74.400001525878906
1997    28.246467590332031  192.82722473144531  74.400001525878906
1998    -29.974479675292969  170.22216796875  74.400001525878906
1999    -25.257951736450195  178.91983032226562  74.400001525878906
2000    49.219810485839844  128.116943359375  -30.371150970458984
2001    51.395999908447266  135.52023315429688  -26.690515518188477
2002    53.641654968261719  130.08462524414062  -21.633932113647461
2003    -57.808097839355469  110.09906005859375  1.2136026620864868
2004    -57.864612579345703  121.29604339599609  2.5607528686523438
2005    -57.751560211181641  116.53963470458984  -4.8441052436828613
2006    -39.914833068847656  127.89504241943359  -41.937408447265625
2007    25.448934555053711  127.66278839111328  74.400001525878906
2008    21.404176712036133  117.64057922363281  74.400001525878906
2009    -31.766080856323242  146.30482482910156  -48.372207641601562
2010    -44.4537353515625  119.89584350585938  37.263320922851562
2011    -48.589729309082031  123.76167297363281  31.670804977416992
2012    -50.959972381591797  126.57211303710938  27.700666427612305
2013    -53.325347900390625  129.74702453613281  22.81251335144043
2014    -56.217048645019531  135.17330932617188  14.271401405334473
2015    -56.357936859130859  135.49247741699219  13.703389167785645
2016    57.966102600097656  142.40750122070312  0.076461263000965118
2017    -30.813980102539062  135.31024169921875  -49.074253082275391
2018    -22.007736206054688  134.36061096191406  -53.568088531494141
2019    -25.022232055664062  125.98633575439453  -52.081298828125
2020    -21.523532867431641  150.455078125  74.400001525878906
2021    -29.85340690612793  141.13835144042969  74.400001525878906
2022    8.5536260604858398  99.099998474121094  -21.620019912719727
2023    -51.919471740722656  99.099998474121094  -25.852825164794922
2024    -13.464911460876465  104.64164733886719  56.437656402587891
2025    -17.685993194580078  105.48880767822266  55.237720489501953
2026    -26.407768249511719  108.57892608642578  51.639419555664062
2027    -30.962600708007812  110.91243743896484  49.064098358154297
2028    -34.925388336181641  112.909912109375  46.305694580078125
2029    -40.417171478271484  116.69214630126953  41.611152648925781
2030    30.676963806152344  110.76810455322266  49.243488311767578
2031    13.061494827270508  104.55210876464844  56.531833648681641
2032    -9.0488967895507812  103.61285400390625  57.289768218994141
2033    55.421520233154297  133.43302917480469  17.102825164794922
2034    56.245712280273438  135.21624755859375  14.156984329223633
2035    53.449253082275391  129.989501953125  22.523342132568359
2036    50.934921264648438  126.54108428955078  27.746728897094727
2037    44.344554901123047  119.80168914794922  37.393302917480469
2038    41.310573577880859  117.2149658203125  40.711624145507812
2039    -46.284999847412109  99.099998474121094  -34.952808380126953
2040    -40.611907958984375  99.099998474121094  -30.439630508422852
2041    -57.752582550048828  99.099998474121094  -5.351564884185791
2042    -49.790603637695312  99.099998474121094  -0.3737252950668335
2043    -57.752582550048828  99.099998474121094  5.351564884185791
2044    -35.060344696044922  106.06415557861328  46.050094604492188
2045    -20.952016830444336  99.099998474121094  54.083389282226562
2046    -10.657471656799316  99.099998474121094  57.012439727783203
2047    -57.860889434814453  127.02634429931641  -2.398371696472168
2048    -57.492710113525391  135.60325622558594  -7.0984797477722168
2049    -51.919471740722656  99.099998474121094  25.852825164794922
2050    -47.875553131103516  107.53960418701172  32.534645080566406
2051    -52.501808166503906  107.44681549072266  24.509973526000977
2052    -46.284999847412109  99.099998474121094  34.952808380126953
2053    -39.074348449707031  99.099998474121094  42.862518310546875
2054    57.991298675537109  151.87705993652344  0.99899750947952271
2055    48.186031341552734  147.73947143554688  74.400001525878906
2056    -42.385257720947266  186.82975769042969  74.400001525878906
2057    10.075215339660645  116.53688812255859  74.400001525878906
2058    -39.229873657226562  133.80381774902344  74.400001525878906
2059    42.564781188964844  99.099998474121094  2.8678603172302246
2060    51.113990783691406  99.099998474121094  4.6504049301147461
2061    -30.533065795898438  99.099998474121094  -49.312595367431641
2062    -31.902748107910156  99.099998474121094  -39.245708465576172
2063    -39.074348449707031  99.099998474121094  -42.862518310546875
2064    -44.823257446289062  99.099998474121094  10.593426704406738
2065    -52.018627166748047  99.099998474121094  8.5942525863647461
2066    -57.996719360351562  162.26502990722656  48.242759704589844
2067    -27.948680877685547  197.141357421875  74.400001525878906
2068    -38.175899505615234  195.69247436523438  74.400001525878906
2069    -32.004295349121094  187.61116027832031  74.400001525878906
2070    -1.4570488929748535  210.67036437988281  74.400001525878906
2071    -10.505434036254883  209.20884704589844  74.400001525878906
2072    19.430185317993164  151.36811828613281  74.400001525878906
2073    11.777135848999023  156.13490295410156  74.400001525878906
2074    12.145998001098633  145.13352966308594  74.400001525878906
2075    43.483310699462891  139.01730346679688  74.400001525878906
2076    37.784912109375  129.4793701171875  74.400001525878906
2077    57.620700836181641  157.09968566894531  41.389728546142578
2078    55.785888671875  99.099998474121094  15.872453689575195
2079    57.731082916259766  132.73619079589844  5.1738653182983398
2080    57.259475708007812  120.77552032470703  -8.2560939788818359
2081    57.853782653808594  131.64305114746094  -3.1505906581878662
2082    29.08696174621582  118.50914764404297  -50.086200714111328
2083    19.436309814453125  117.59455871582031  -54.552238464355469
2084    -56.902854919433594  117.04444885253906  10.336599349975586
2085    26.887365341186523  99.099998474121094  -34.10064697265625
2086    -3.7275731563568115  99.099998474121094  47.901840209960938
2087    -11.179824829101562  99.099998474121094  45.208927154541016
2088    -24.630887985229492  159.64366149902344  74.400001525878906
2089    -13.757316589355469  159.31285095214844  74.400001525878906
2090    12.574613571166992  99.099998474121094  40.487766265869141
2091    14.517088890075684  99.099998474121094  48.299140930175781
2092    6.3391685485839844  99.099998474121094  48.419895172119141
2093    -55.785888671875  99.099998474121094  15.872453689575195
2094    -48.349838256835938  99.099998474121094  18.500698089599609
2095    -43.441165924072266  99.099998474121094  27.70184326171875
2096    -57.708381652832031  131.9031982421875  5.2743387222290039
2097    -55.09637451171875  111.33126831054688  17.770748138427734
2098    -57.054035186767578  108.63636016845703  9.3219785690307617
2099    -56.598583221435547  126.67822265625  12.200203895568848
2100    -54.248447418212891  121.23021697998047  20.170818328857422
2101    -52.277366638183594  115.29915618896484  24.959440231323242
2102    -0.68327391147613525  111.44788360595703  74.400001525878906
2103    -52.146907806396484  167.43803405761719  74.400001525878906
2104    10.657471656799316  99.099998474121094  -57.012439727783203
2105    35.070381164550781  99.099998474121094  19.871084213256836
2106    38.463088989257812  99.099998474121094  11.245558738708496
2107    42.603271484375  99.099998474121094  19.424139022827148
2108    47.544715881347656  99.099998474121094  13.811397552490234
2109    2.953136682510376  99.099998474121094  4.6086993217468262
2110    8.8425235748291016  99.099998474121094  14.164032936096191
2111    -0.39136043190956116  99.099998474121094  15.26617431640625
2112    9.5647306442260742  99.099998474121094  31.508769989013672
2113    18.599145889282227  99.099998474121094  34.317520141601562
2114    30.533065795898438  99.099998474121094  -49.312595367431641
2115    32.912525177001953  99.099998474121094  -37.543098449707031
2116    32.371730804443359  99.099998474121094  1.3521223068237305
2117    -10.657471656799316  99.099998474121094  -57.012439727783203
2118    -5.9576828062915532e-13  99.099998474121094  -58
2119    -9.1347990036010742  99.099998474121094  -51.340194702148438
2120    -9.3131303787231445  99.099998474121094  18.734102249145508
2121    -41.204238891601562  99.099998474121094  20.427295684814453
2122    -47.892757415771484  99.099998474121094  -20.151191711425781
2123    -51.788078308105469  99.099998474121094  -11.046097755432129
2124    6.1602959632873535  188.15397644042969  74.400001525878906
2125    17.789497375488281  191.73756408691406  74.400001525878906
2126    -0.15669324994087219  194.45411682128906  74.400001525878906
2127    -4.7006497383117676  184.62297058105469  74.400001525878906
2128    17.064550399780273  124.85782623291016  74.400001525878906
2129    8.0665225982666016  126.92261505126953  74.400001525878906
2130    21.808425903320312  140.21383666992188  74.400001525878906
2131    15.068585395812988  133.25099182128906  74.400001525878906
2132    51.644096374511719  156.47172546386719  74.400001525878906
2133    42.914360046386719  155.51164245605469  74.400001525878906
2134    32.723838806152344  155.10711669921875  74.400001525878906
2135    38.15447998046875  146.27015686035156  74.400001525878906
2136    27.725910186767578  147.5252685546875  74.400001525878906
2137    32.613410949707031  137.93830871582031  74.400001525878906
2138    57.268936157226562  140.81878662109375  -8.4029951095581055
2139    55.875465393066406  136.36961364746094  -15.339047431945801
2140    55.782302856445312  124.70074462890625  -15.713099479675293
2141    25.185176849365234  99.099998474121094  -6.5342254638671875
2142    27.657999038696289  99.099998474121094  -17.637374877929688
2143    31.347082138061523  99.099998474121094  -9.5721769332885742
2144    -15.665373802185059  99.099998474121094  39.079082489013672
2145    -23.161718368530273  99.099998474121094  -7.3313875198364258
2146    -39.488559722900391  99.099998474121094  3.6759738922119141
2147    -43.249961853027344  99.099998474121094  -8.6665334701538086
2148    -32.538017272949219  99.099998474121094  -2.0322346687316895
2149    -5.8306412696838379  127.68386840820312  -57.554946899414062
2150    -1.3910303115844727  117.73571014404297  -57.932796478271484
2151    -10.971202850341797  117.8221435546875  -56.945308685302734
2152    -1.1201474666595459  121.00858306884766  74.400001525878906
2153    -34.411670684814453  202.500732421875  74.400001525878906
2154    -1.6680374145507812  99.099998474121094  -45.877292633056641
2155    16.118862152099609  99.099998474121094  23.585359573364258
2156    25.47358512878418  183.13189697265625  74.400001525878906
2157    -11.305747032165527  192.22685241699219  74.400001525878906
2158    5.2280707359313965  136.55076599121094  74.400001525878906
2159    37.696086883544922  163.86811828613281  74.400001525878906
2160    56.870315551757812  131.3919677734375  -10.46851634979248
2161    51.238948822021484  119.35820770263672  -27.062370300292969
2162    45.263191223144531  119.18278503417969  -36.161014556884766
2163    42.419406890869141  128.97335815429688  -39.323070526123047
2164    37.712497711181641  119.095458984375  -43.961074829101562
2165    23.8701171875  108.55782318115234  -52.65643310546875
2166    33.470592498779297  109.01651000976562  -47.129062652587891
2167    -57.217002868652344  107.11434936523438  -8.2949886322021484
2168    -56.952007293701172  124.29706573486328  -9.8804950714111328
2169    -27.552471160888672  99.099998474121094  28.487218856811523
2170    -36.355113983154297  99.099998474121094  33.349494934082031
2171    -26.757734298706055  99.099998474121094  15.479641914367676
2172    -31.94317626953125  99.099998474121094  7.4665999412536621
2173    -36.511566162109375  99.099998474121094  14.044791221618652
2174    -34.825046539306641  99.099998474121094  24.091836929321289
2175    -25.252239227294922  108.14138793945312  -51.950416564941406
2176    -20.391866683959961  117.81291198730469  -54.247123718261719
2177    -15.092187881469727  108.40687561035156  -55.76165771484375
2178    -55.805652618408203  133.88322448730469  -15.504576683044434
2179    16.603164672851562  99.099998474121094  -3.9833095073699951
2180    9.6290531158447266  99.099998474121094  -11.226202011108398
2181    2.3928430080413818  99.099998474121094  39.465641021728516
2182    21.330415725708008  99.099998474121094  43.464057922363281
2183    28.919178009033203  99.099998474121094  37.207611083984375
2184    -20.952016830444336  99.099998474121094  -54.083389282226562
2185    -31.098196029663086  99.099998474121094  -28.579524993896484
2186    -25.010942459106445  99.099998474121094  -34.887062072753906
2187    -22.078020095825195  99.099998474121094  -42.593860626220703
2188    -15.802807807922363  99.099998474121094  -33.426628112792969
2189    -6.5181746482849121  99.099998474121094  37.893390655517578
2190    -37.662971496582031  99.099998474121094  -19.802301406860352
2191    -26.645700454711914  99.099998474121094  -17.6353759765625
2192    -33.501102447509766  99.099998474121094  -10.042790412902832
2193    -20.956905364990234  99.099998474121094  34.034420013427734
2194    46.308120727539062  171.572021484375  74.400001525878906
2195    39.074348449707031  99.099998474121094  -42.862518310546875
2196    40.788730621337891  99.099998474121094  27.676727294921875
2197    33.129844665527344  99.099998474121094  -27.180456161499023
2198    -5.2302336692810059  99.099998474121094  -36.699394226074219
2199    2.0357215404510498  99.099998474121094  -12.769004821777344
2200    -12.401676177978516  99.099998474121094  -44.237239837646484
2201    -19.767637252807617  99.099998474121094  22.739343643188477
2202    11.037935256958008  199.05863952636719  74.400001525878906
2203    -21.304458618164062  189.90023803710938  74.400001525878906
2204    48.775638580322266  109.78872680664062  -30.988571166992188
2205    8.9929742813110352  117.16619873046875  -57.180332183837891
2206    4.9119157791137695  126.19809722900391  -57.565322875976562
2207    15.915409088134766  126.32245635986328  -55.571765899658203
2208    34.29656982421875  174.38139343261719  74.400001525878906
2209    27.89312744140625  164.64834594726562  74.400001525878906
2210    4.8513517379760742  204.61244201660156  74.400001525878906
2211    -5.6835589408874512  201.08122253417969  74.400001525878906
2212    24.822652816772461  156.82586669921875  74.400001525878906
2213    -15.507762908935547  126.70491790771484  -55.665046691894531
2214    -29.80491828918457  116.51071929931641  -49.691123962402344
2215    -32.659816741943359  126.59223175048828  -47.741622924804688
2216    -49.886455535888672  127.88971710205078  -29.236661911010742
2217    -53.165081024169922  131.46391296386719  -22.803667068481445
2218    53.850368499755859  119.32943725585938  -21.016536712646484
2219    -7.106297492980957  99.099998474121094  -29.165472030639648
2220    6.5523495674133301  99.099998474121094  22.312917709350586
2221    -1.3507480621337891  99.099998474121094  27.833572387695312
2222    31.01194953918457  99.099998474121094  27.14771842956543
2223    -21.942470550537109  99.099998474121094  -24.671695709228516
2224    -12.154659271240234  99.099998474121094  30.057157516479492
2225    -41.213115692138672  108.69674682617188  -40.540592193603516
2226    -34.430503845214844  107.68967437744141  -46.384281158447266
2227    -47.679950714111328  108.83662414550781  -32.733840942382812
2228    -1.8737820386886597  160.95880126953125  74.400001525878906
2229    -2.3764388561248779  99.099998474121094  -21.759540557861328
2230    -12.381336212158203  99.099998474121094  -22.234746932983398
2231    -6.4973740577697754  108.52674865722656  -57.429336547851562
2232    3.4605467319488525  108.22746276855469  -57.686229705810547
2233    1.545140266418457  99.099998474121094  -29.406230926513672
2234    7.1667132377624512  99.099998474121094  -3.2494940757751465
2235    23.55070686340332  99.099998474121094  27.779060363769531
2236    23.367332458496094  99.099998474121094  4.6618165969848633
2237    12.852961540222168  99.099998474121094  5.2747135162353516
2238    -49.188247680664062  149.401123046875  74.400001525878906
2239    -46.906387329101562  141.78028869628906  74.400001525878906
2240    4.2423601150512695  152.62518310546875  74.400001525878906
2241    17.950584411621094  162.88621520996094  74.400001525878906
2242    41.991054534912109  109.80007934570312  -39.709571838378906
2243    13.496296882629395  108.17194366455078  -56.223163604736328
2244    -45.168811798095703  147.32597351074219  -36.298774719238281
2245    37.323314666748047  99.099998474121094  34.277996063232422
2246    -37.674884796142578  118.00596618652344  -43.952125549316406
2247    -48.757205963134766  138.23936462402344  -31.0965576171875
2248    53.610000075477245  140.81488498283434  73.463004120138365
2249    -21.946722710945664  109.0841585008785  60.840671539306641
2250    54.841130426213383  180.16090958760327  60.840671539306641
2251    14.395973495548921  218.4183934673386  60.840671539306641
2252    20.375717858103506  216.43651508429542  60.840671539306641
2253    20.221957928326763  108.44243693042455  60.840671539306641
2254    -55.864779194582624  147.85951684322046  60.840671539306641
2255    -53.478328360261777  140.81794223425848  60.840671539306641
2256    -54.624044994263421  144.19854787801452  60.840671539306641
2257    55.344083188092306  146.14150704444631  60.840671539306641
2258    -30.27150977849492  211.60341271000198  60.840671539306641
# Generated by pq1.5/10a20.833Y 
